id,rankingType,rank,reward
1,13,1,"[[100,66,20,0],[100,38,20,0],[100,100,20,0],[100,70,90,0],[100,71,90,0],[100,72,90,0],[100,6,1,0],[100,93,10,0],[100,128,10,0],[100,112,1,0],[100,97,1,0]]"
2,13,2,"[[100,66,15,0],[100,38,15,0],[100,100,15,0],[100,70,72,0],[100,71,72,0],[100,72,72,0],[100,5,7,0],[100,93,7,0],[100,112,1,0],[100,128,7,0]]"
3,13,3,"[[100,66,10,0],[100,38,10,0],[100,100,10,0],[100,70,54,0],[100,71,54,0],[100,72,54,0],[100,5,5,0],[100,93,5,0],[100,112,1,0],[100,128,5,0]]"
4,13,4,"[[100,66,8,0],[100,38,8,0],[100,100,8,0],[100,70,36,0],[100,71,36,0],[100,72,36,0],[100,5,4,0],[100,93,4,0],[100,128,4,0]]"
5,13,5,"[[100,66,8,0],[100,38,8,0],[100,100,8,0],[100,70,36,0],[100,71,36,0],[100,72,36,0],[100,5,4,0],[100,93,4,0],[100,128,4,0]]"
6,13,6,"[[100,66,6,0],[100,38,6,0],[100,100,6,0],[100,70,27,0],[100,71,27,0],[100,72,27,0],[100,5,3,0],[100,93,3,0],[100,128,3,0]]"
7,13,7,"[[100,66,6,0],[100,38,6,0],[100,100,6,0],[100,70,27,0],[100,71,27,0],[100,72,27,0],[100,5,3,0],[100,93,3,0],[100,128,3,0]]"
8,13,8,"[[100,66,6,0],[100,38,6,0],[100,100,6,0],[100,70,27,0],[100,71,27,0],[100,72,27,0],[100,5,3,0],[100,93,3,0],[100,128,3,0]]"
9,13,9,"[[100,66,6,0],[100,38,6,0],[100,100,6,0],[100,70,27,0],[100,71,27,0],[100,72,27,0],[100,5,3,0],[100,93,3,0],[100,128,3,0]]"
10,13,10,"[[100,66,6,0],[100,38,6,0],[100,100,6,0],[100,70,27,0],[100,71,27,0],[100,72,27,0],[100,5,3,0],[100,93,3,0],[100,128,3,0]]"
11,13,11,"[[100,66,4,0],[100,38,4,0],[100,100,4,0],[100,70,18,0],[100,71,18,0],[100,72,18,0],[100,5,2,0],[100,93,2,0],[100,128,2,0]]"
12,13,12,"[[100,66,4,0],[100,38,4,0],[100,100,4,0],[100,70,18,0],[100,71,18,0],[100,72,18,0],[100,5,2,0],[100,93,2,0],[100,128,2,0]]"
13,13,13,"[[100,66,4,0],[100,38,4,0],[100,100,4,0],[100,70,18,0],[100,71,18,0],[100,72,18,0],[100,5,2,0],[100,93,2,0],[100,128,2,0]]"
14,13,14,"[[100,66,4,0],[100,38,4,0],[100,100,4,0],[100,70,18,0],[100,71,18,0],[100,72,18,0],[100,5,2,0],[100,93,2,0],[100,128,2,0]]"
15,13,15,"[[100,66,4,0],[100,38,4,0],[100,100,4,0],[100,70,18,0],[100,71,18,0],[100,72,18,0],[100,5,2,0],[100,93,2,0],[100,128,2,0]]"
16,13,16,"[[100,66,4,0],[100,38,4,0],[100,100,4,0],[100,70,18,0],[100,71,18,0],[100,72,18,0],[100,5,2,0],[100,93,2,0],[100,128,2,0]]"
17,13,17,"[[100,66,4,0],[100,38,4,0],[100,100,4,0],[100,70,18,0],[100,71,18,0],[100,72,18,0],[100,5,2,0],[100,93,2,0],[100,128,2,0]]"
18,13,18,"[[100,66,4,0],[100,38,4,0],[100,100,4,0],[100,70,18,0],[100,71,18,0],[100,72,18,0],[100,5,2,0],[100,93,2,0],[100,128,2,0]]"
19,13,19,"[[100,66,4,0],[100,38,4,0],[100,100,4,0],[100,70,18,0],[100,71,18,0],[100,72,18,0],[100,5,2,0],[100,93,2,0],[100,128,2,0]]"
20,13,20,"[[100,66,4,0],[100,38,4,0],[100,100,4,0],[100,70,18,0],[100,71,18,0],[100,72,18,0],[100,5,2,0],[100,93,2,0],[100,128,2,0]]"
21,13,21,"[[100,66,2,0],[100,38,2,0],[100,100,2,0],[100,70,9,0],[100,71,9,0],[100,72,9,0],[100,5,1,0],[100,93,1,0]]"
22,13,22,"[[100,66,2,0],[100,38,2,0],[100,100,2,0],[100,70,9,0],[100,71,9,0],[100,72,9,0],[100,5,1,0],[100,93,1,0]]"
23,13,23,"[[100,66,2,0],[100,38,2,0],[100,100,2,0],[100,70,9,0],[100,71,9,0],[100,72,9,0],[100,5,1,0],[100,93,1,0]]"
24,13,24,"[[100,66,2,0],[100,38,2,0],[100,100,2,0],[100,70,9,0],[100,71,9,0],[100,72,9,0],[100,5,1,0],[100,93,1,0]]"
25,13,25,"[[100,66,2,0],[100,38,2,0],[100,100,2,0],[100,70,9,0],[100,71,9,0],[100,72,9,0],[100,5,1,0],[100,93,1,0]]"
26,13,26,"[[100,66,2,0],[100,38,2,0],[100,100,2,0],[100,70,9,0],[100,71,9,0],[100,72,9,0],[100,5,1,0],[100,93,1,0]]"
27,13,27,"[[100,66,2,0],[100,38,2,0],[100,100,2,0],[100,70,9,0],[100,71,9,0],[100,72,9,0],[100,5,1,0],[100,93,1,0]]"
28,13,28,"[[100,66,2,0],[100,38,2,0],[100,100,2,0],[100,70,9,0],[100,71,9,0],[100,72,9,0],[100,5,1,0],[100,93,1,0]]"
29,13,29,"[[100,66,2,0],[100,38,2,0],[100,100,2,0],[100,70,9,0],[100,71,9,0],[100,72,9,0],[100,5,1,0],[100,93,1,0]]"
30,13,30,"[[100,66,2,0],[100,38,2,0],[100,100,2,0],[100,70,9,0],[100,71,9,0],[100,72,9,0],[100,5,1,0],[100,93,1,0]]"
31,13,31,"[[100,66,2,0],[100,38,2,0],[100,100,2,0],[100,70,9,0],[100,71,9,0],[100,72,9,0],[100,5,1,0],[100,93,1,0]]"
32,13,32,"[[100,66,2,0],[100,38,2,0],[100,100,2,0],[100,70,9,0],[100,71,9,0],[100,72,9,0],[100,5,1,0],[100,93,1,0]]"
33,13,33,"[[100,66,2,0],[100,38,2,0],[100,100,2,0],[100,70,9,0],[100,71,9,0],[100,72,9,0],[100,5,1,0],[100,93,1,0]]"
34,13,34,"[[100,66,2,0],[100,38,2,0],[100,100,2,0],[100,70,9,0],[100,71,9,0],[100,72,9,0],[100,5,1,0],[100,93,1,0]]"
35,13,35,"[[100,66,2,0],[100,38,2,0],[100,100,2,0],[100,70,9,0],[100,71,9,0],[100,72,9,0],[100,5,1,0],[100,93,1,0]]"
36,13,36,"[[100,66,2,0],[100,38,2,0],[100,100,2,0],[100,70,9,0],[100,71,9,0],[100,72,9,0],[100,5,1,0],[100,93,1,0]]"
37,13,37,"[[100,66,2,0],[100,38,2,0],[100,100,2,0],[100,70,9,0],[100,71,9,0],[100,72,9,0],[100,5,1,0],[100,93,1,0]]"
38,13,38,"[[100,66,2,0],[100,38,2,0],[100,100,2,0],[100,70,9,0],[100,71,9,0],[100,72,9,0],[100,5,1,0],[100,93,1,0]]"
39,13,39,"[[100,66,2,0],[100,38,2,0],[100,100,2,0],[100,70,9,0],[100,71,9,0],[100,72,9,0],[100,5,1,0],[100,93,1,0]]"
40,13,40,"[[100,66,2,0],[100,38,2,0],[100,100,2,0],[100,70,9,0],[100,71,9,0],[100,72,9,0],[100,5,1,0],[100,93,1,0]]"
41,13,41,"[[100,66,2,0],[100,38,2,0],[100,100,2,0],[100,70,9,0],[100,71,9,0],[100,72,9,0],[100,5,1,0],[100,93,1,0]]"
42,13,42,"[[100,66,2,0],[100,38,2,0],[100,100,2,0],[100,70,9,0],[100,71,9,0],[100,72,9,0],[100,5,1,0],[100,93,1,0]]"
43,13,43,"[[100,66,2,0],[100,38,2,0],[100,100,2,0],[100,70,9,0],[100,71,9,0],[100,72,9,0],[100,5,1,0],[100,93,1,0]]"
44,13,44,"[[100,66,2,0],[100,38,2,0],[100,100,2,0],[100,70,9,0],[100,71,9,0],[100,72,9,0],[100,5,1,0],[100,93,1,0]]"
45,13,45,"[[100,66,2,0],[100,38,2,0],[100,100,2,0],[100,70,9,0],[100,71,9,0],[100,72,9,0],[100,5,1,0],[100,93,1,0]]"
46,13,46,"[[100,66,2,0],[100,38,2,0],[100,100,2,0],[100,70,9,0],[100,71,9,0],[100,72,9,0],[100,5,1,0],[100,93,1,0]]"
47,13,47,"[[100,66,2,0],[100,38,2,0],[100,100,2,0],[100,70,9,0],[100,71,9,0],[100,72,9,0],[100,5,1,0],[100,93,1,0]]"
48,13,48,"[[100,66,2,0],[100,38,2,0],[100,100,2,0],[100,70,9,0],[100,71,9,0],[100,72,9,0],[100,5,1,0],[100,93,1,0]]"
49,13,49,"[[100,66,2,0],[100,38,2,0],[100,100,2,0],[100,70,9,0],[100,71,9,0],[100,72,9,0],[100,5,1,0],[100,93,1,0]]"
50,13,50,"[[100,66,2,0],[100,38,2,0],[100,100,2,0],[100,70,9,0],[100,71,9,0],[100,72,9,0],[100,5,1,0],[100,93,1,0]]"
51,13,51,"[[100,66,1,0],[100,38,1,0],[100,100,1,0],[100,70,6,0],[100,71,6,0],[100,72,6,0],[100,93,1,0]]"
52,13,52,"[[100,66,1,0],[100,38,1,0],[100,100,1,0],[100,70,6,0],[100,71,6,0],[100,72,6,0],[100,93,1,0]]"
53,13,53,"[[100,66,1,0],[100,38,1,0],[100,100,1,0],[100,70,6,0],[100,71,6,0],[100,72,6,0],[100,93,1,0]]"
54,13,54,"[[100,66,1,0],[100,38,1,0],[100,100,1,0],[100,70,6,0],[100,71,6,0],[100,72,6,0],[100,93,1,0]]"
55,13,55,"[[100,66,1,0],[100,38,1,0],[100,100,1,0],[100,70,6,0],[100,71,6,0],[100,72,6,0],[100,93,1,0]]"
56,13,56,"[[100,66,1,0],[100,38,1,0],[100,100,1,0],[100,70,6,0],[100,71,6,0],[100,72,6,0],[100,93,1,0]]"
57,13,57,"[[100,66,1,0],[100,38,1,0],[100,100,1,0],[100,70,6,0],[100,71,6,0],[100,72,6,0],[100,93,1,0]]"
58,13,58,"[[100,66,1,0],[100,38,1,0],[100,100,1,0],[100,70,6,0],[100,71,6,0],[100,72,6,0],[100,93,1,0]]"
59,13,59,"[[100,66,1,0],[100,38,1,0],[100,100,1,0],[100,70,6,0],[100,71,6,0],[100,72,6,0],[100,93,1,0]]"
60,13,60,"[[100,66,1,0],[100,38,1,0],[100,100,1,0],[100,70,6,0],[100,71,6,0],[100,72,6,0],[100,93,1,0]]"
61,13,61,"[[100,66,1,0],[100,38,1,0],[100,100,1,0],[100,70,6,0],[100,71,6,0],[100,72,6,0],[100,93,1,0]]"
62,13,62,"[[100,66,1,0],[100,38,1,0],[100,100,1,0],[100,70,6,0],[100,71,6,0],[100,72,6,0],[100,93,1,0]]"
63,13,63,"[[100,66,1,0],[100,38,1,0],[100,100,1,0],[100,70,6,0],[100,71,6,0],[100,72,6,0],[100,93,1,0]]"
64,13,64,"[[100,66,1,0],[100,38,1,0],[100,100,1,0],[100,70,6,0],[100,71,6,0],[100,72,6,0],[100,93,1,0]]"
65,13,65,"[[100,66,1,0],[100,38,1,0],[100,100,1,0],[100,70,6,0],[100,71,6,0],[100,72,6,0],[100,93,1,0]]"
66,13,66,"[[100,66,1,0],[100,38,1,0],[100,100,1,0],[100,70,6,0],[100,71,6,0],[100,72,6,0],[100,93,1,0]]"
67,13,67,"[[100,66,1,0],[100,38,1,0],[100,100,1,0],[100,70,6,0],[100,71,6,0],[100,72,6,0],[100,93,1,0]]"
68,13,68,"[[100,66,1,0],[100,38,1,0],[100,100,1,0],[100,70,6,0],[100,71,6,0],[100,72,6,0],[100,93,1,0]]"
69,13,69,"[[100,66,1,0],[100,38,1,0],[100,100,1,0],[100,70,6,0],[100,71,6,0],[100,72,6,0],[100,93,1,0]]"
70,13,70,"[[100,66,1,0],[100,38,1,0],[100,100,1,0],[100,70,6,0],[100,71,6,0],[100,72,6,0],[100,93,1,0]]"
71,13,71,"[[100,66,1,0],[100,38,1,0],[100,100,1,0],[100,70,6,0],[100,71,6,0],[100,72,6,0],[100,93,1,0]]"
72,13,72,"[[100,66,1,0],[100,38,1,0],[100,100,1,0],[100,70,6,0],[100,71,6,0],[100,72,6,0],[100,93,1,0]]"
73,13,73,"[[100,66,1,0],[100,38,1,0],[100,100,1,0],[100,70,6,0],[100,71,6,0],[100,72,6,0],[100,93,1,0]]"
74,13,74,"[[100,66,1,0],[100,38,1,0],[100,100,1,0],[100,70,6,0],[100,71,6,0],[100,72,6,0],[100,93,1,0]]"
75,13,75,"[[100,66,1,0],[100,38,1,0],[100,100,1,0],[100,70,6,0],[100,71,6,0],[100,72,6,0],[100,93,1,0]]"
76,13,76,"[[100,66,1,0],[100,38,1,0],[100,100,1,0],[100,70,6,0],[100,71,6,0],[100,72,6,0],[100,93,1,0]]"
77,13,77,"[[100,66,1,0],[100,38,1,0],[100,100,1,0],[100,70,6,0],[100,71,6,0],[100,72,6,0],[100,93,1,0]]"
78,13,78,"[[100,66,1,0],[100,38,1,0],[100,100,1,0],[100,70,6,0],[100,71,6,0],[100,72,6,0],[100,93,1,0]]"
79,13,79,"[[100,66,1,0],[100,38,1,0],[100,100,1,0],[100,70,6,0],[100,71,6,0],[100,72,6,0],[100,93,1,0]]"
80,13,80,"[[100,66,1,0],[100,38,1,0],[100,100,1,0],[100,70,6,0],[100,71,6,0],[100,72,6,0],[100,93,1,0]]"
81,13,81,"[[100,66,1,0],[100,38,1,0],[100,100,1,0],[100,70,6,0],[100,71,6,0],[100,72,6,0],[100,93,1,0]]"
82,13,82,"[[100,66,1,0],[100,38,1,0],[100,100,1,0],[100,70,6,0],[100,71,6,0],[100,72,6,0],[100,93,1,0]]"
83,13,83,"[[100,66,1,0],[100,38,1,0],[100,100,1,0],[100,70,6,0],[100,71,6,0],[100,72,6,0],[100,93,1,0]]"
84,13,84,"[[100,66,1,0],[100,38,1,0],[100,100,1,0],[100,70,6,0],[100,71,6,0],[100,72,6,0],[100,93,1,0]]"
85,13,85,"[[100,66,1,0],[100,38,1,0],[100,100,1,0],[100,70,6,0],[100,71,6,0],[100,72,6,0],[100,93,1,0]]"
86,13,86,"[[100,66,1,0],[100,38,1,0],[100,100,1,0],[100,70,6,0],[100,71,6,0],[100,72,6,0],[100,93,1,0]]"
87,13,87,"[[100,66,1,0],[100,38,1,0],[100,100,1,0],[100,70,6,0],[100,71,6,0],[100,72,6,0],[100,93,1,0]]"
88,13,88,"[[100,66,1,0],[100,38,1,0],[100,100,1,0],[100,70,6,0],[100,71,6,0],[100,72,6,0],[100,93,1,0]]"
89,13,89,"[[100,66,1,0],[100,38,1,0],[100,100,1,0],[100,70,6,0],[100,71,6,0],[100,72,6,0],[100,93,1,0]]"
90,13,90,"[[100,66,1,0],[100,38,1,0],[100,100,1,0],[100,70,6,0],[100,71,6,0],[100,72,6,0],[100,93,1,0]]"
91,13,91,"[[100,66,1,0],[100,38,1,0],[100,100,1,0],[100,70,6,0],[100,71,6,0],[100,72,6,0],[100,93,1,0]]"
92,13,92,"[[100,66,1,0],[100,38,1,0],[100,100,1,0],[100,70,6,0],[100,71,6,0],[100,72,6,0],[100,93,1,0]]"
93,13,93,"[[100,66,1,0],[100,38,1,0],[100,100,1,0],[100,70,6,0],[100,71,6,0],[100,72,6,0],[100,93,1,0]]"
94,13,94,"[[100,66,1,0],[100,38,1,0],[100,100,1,0],[100,70,6,0],[100,71,6,0],[100,72,6,0],[100,93,1,0]]"
95,13,95,"[[100,66,1,0],[100,38,1,0],[100,100,1,0],[100,70,6,0],[100,71,6,0],[100,72,6,0],[100,93,1,0]]"
96,13,96,"[[100,66,1,0],[100,38,1,0],[100,100,1,0],[100,70,6,0],[100,71,6,0],[100,72,6,0],[100,93,1,0]]"
97,13,97,"[[100,66,1,0],[100,38,1,0],[100,100,1,0],[100,70,6,0],[100,71,6,0],[100,72,6,0],[100,93,1,0]]"
98,13,98,"[[100,66,1,0],[100,38,1,0],[100,100,1,0],[100,70,6,0],[100,71,6,0],[100,72,6,0],[100,93,1,0]]"
99,13,99,"[[100,66,1,0],[100,38,1,0],[100,100,1,0],[100,70,6,0],[100,71,6,0],[100,72,6,0],[100,93,1,0]]"
100,13,100,"[[100,66,1,0],[100,38,1,0],[100,100,1,0],[100,70,6,0],[100,71,6,0],[100,72,6,0],[100,93,1,0]]"
101,14,1,"[[100,66,20,0],[100,38,20,0],[100,57,30,0],[100,70,90,0],[100,71,90,0],[100,72,90,0],[100,6,1,0],[100,92,10,0],[100,128,10,0],[100,112,1,0],[100,98,1,0]]"
102,14,2,"[[100,66,15,0],[100,38,15,0],[100,57,20,0],[100,70,72,0],[100,71,72,0],[100,72,72,0],[100,5,7,0],[100,92,7,0],[100,112,1,0],[100,128,7,0]]"
103,14,3,"[[100,66,10,0],[100,38,10,0],[100,57,15,0],[100,70,54,0],[100,71,54,0],[100,72,54,0],[100,5,5,0],[100,92,5,0],[100,112,1,0],[100,128,5,0]]"
104,14,4,"[[100,66,8,0],[100,38,8,0],[100,57,10,0],[100,70,36,0],[100,71,36,0],[100,72,36,0],[100,5,4,0],[100,92,4,0],[100,128,4,0]]"
105,14,5,"[[100,66,8,0],[100,38,8,0],[100,57,10,0],[100,70,36,0],[100,71,36,0],[100,72,36,0],[100,5,4,0],[100,92,4,0],[100,128,4,0]]"
106,14,6,"[[100,66,6,0],[100,38,6,0],[100,57,8,0],[100,70,27,0],[100,71,27,0],[100,72,27,0],[100,5,3,0],[100,92,3,0],[100,128,3,0]]"
107,14,7,"[[100,66,6,0],[100,38,6,0],[100,57,8,0],[100,70,27,0],[100,71,27,0],[100,72,27,0],[100,5,3,0],[100,92,3,0],[100,128,3,0]]"
108,14,8,"[[100,66,6,0],[100,38,6,0],[100,57,8,0],[100,70,27,0],[100,71,27,0],[100,72,27,0],[100,5,3,0],[100,92,3,0],[100,128,3,0]]"
109,14,9,"[[100,66,6,0],[100,38,6,0],[100,57,8,0],[100,70,27,0],[100,71,27,0],[100,72,27,0],[100,5,3,0],[100,92,3,0],[100,128,3,0]]"
110,14,10,"[[100,66,6,0],[100,38,6,0],[100,57,8,0],[100,70,27,0],[100,71,27,0],[100,72,27,0],[100,5,3,0],[100,92,3,0],[100,128,3,0]]"
111,14,11,"[[100,66,4,0],[100,38,4,0],[100,57,6,0],[100,70,18,0],[100,71,18,0],[100,72,18,0],[100,5,2,0],[100,92,2,0],[100,128,2,0]]"
112,14,12,"[[100,66,4,0],[100,38,4,0],[100,57,6,0],[100,70,18,0],[100,71,18,0],[100,72,18,0],[100,5,2,0],[100,92,2,0],[100,128,2,0]]"
113,14,13,"[[100,66,4,0],[100,38,4,0],[100,57,6,0],[100,70,18,0],[100,71,18,0],[100,72,18,0],[100,5,2,0],[100,92,2,0],[100,128,2,0]]"
114,14,14,"[[100,66,4,0],[100,38,4,0],[100,57,6,0],[100,70,18,0],[100,71,18,0],[100,72,18,0],[100,5,2,0],[100,92,2,0],[100,128,2,0]]"
115,14,15,"[[100,66,4,0],[100,38,4,0],[100,57,6,0],[100,70,18,0],[100,71,18,0],[100,72,18,0],[100,5,2,0],[100,92,2,0],[100,128,2,0]]"
116,14,16,"[[100,66,4,0],[100,38,4,0],[100,57,6,0],[100,70,18,0],[100,71,18,0],[100,72,18,0],[100,5,2,0],[100,92,2,0],[100,128,2,0]]"
117,14,17,"[[100,66,4,0],[100,38,4,0],[100,57,6,0],[100,70,18,0],[100,71,18,0],[100,72,18,0],[100,5,2,0],[100,92,2,0],[100,128,2,0]]"
118,14,18,"[[100,66,4,0],[100,38,4,0],[100,57,6,0],[100,70,18,0],[100,71,18,0],[100,72,18,0],[100,5,2,0],[100,92,2,0],[100,128,2,0]]"
119,14,19,"[[100,66,4,0],[100,38,4,0],[100,57,6,0],[100,70,18,0],[100,71,18,0],[100,72,18,0],[100,5,2,0],[100,92,2,0],[100,128,2,0]]"
120,14,20,"[[100,66,4,0],[100,38,4,0],[100,57,6,0],[100,70,18,0],[100,71,18,0],[100,72,18,0],[100,5,2,0],[100,92,2,0],[100,128,2,0]]"
121,14,21,"[[100,66,2,0],[100,38,2,0],[100,57,4,0],[100,70,9,0],[100,71,9,0],[100,72,9,0],[100,5,1,0],[100,92,1,0]]"
122,14,22,"[[100,66,2,0],[100,38,2,0],[100,57,4,0],[100,70,9,0],[100,71,9,0],[100,72,9,0],[100,5,1,0],[100,92,1,0]]"
123,14,23,"[[100,66,2,0],[100,38,2,0],[100,57,4,0],[100,70,9,0],[100,71,9,0],[100,72,9,0],[100,5,1,0],[100,92,1,0]]"
124,14,24,"[[100,66,2,0],[100,38,2,0],[100,57,4,0],[100,70,9,0],[100,71,9,0],[100,72,9,0],[100,5,1,0],[100,92,1,0]]"
125,14,25,"[[100,66,2,0],[100,38,2,0],[100,57,4,0],[100,70,9,0],[100,71,9,0],[100,72,9,0],[100,5,1,0],[100,92,1,0]]"
126,14,26,"[[100,66,2,0],[100,38,2,0],[100,57,4,0],[100,70,9,0],[100,71,9,0],[100,72,9,0],[100,5,1,0],[100,92,1,0]]"
127,14,27,"[[100,66,2,0],[100,38,2,0],[100,57,4,0],[100,70,9,0],[100,71,9,0],[100,72,9,0],[100,5,1,0],[100,92,1,0]]"
128,14,28,"[[100,66,2,0],[100,38,2,0],[100,57,4,0],[100,70,9,0],[100,71,9,0],[100,72,9,0],[100,5,1,0],[100,92,1,0]]"
129,14,29,"[[100,66,2,0],[100,38,2,0],[100,57,4,0],[100,70,9,0],[100,71,9,0],[100,72,9,0],[100,5,1,0],[100,92,1,0]]"
130,14,30,"[[100,66,2,0],[100,38,2,0],[100,57,4,0],[100,70,9,0],[100,71,9,0],[100,72,9,0],[100,5,1,0],[100,92,1,0]]"
131,14,31,"[[100,66,2,0],[100,38,2,0],[100,57,4,0],[100,70,9,0],[100,71,9,0],[100,72,9,0],[100,5,1,0],[100,92,1,0]]"
132,14,32,"[[100,66,2,0],[100,38,2,0],[100,57,4,0],[100,70,9,0],[100,71,9,0],[100,72,9,0],[100,5,1,0],[100,92,1,0]]"
133,14,33,"[[100,66,2,0],[100,38,2,0],[100,57,4,0],[100,70,9,0],[100,71,9,0],[100,72,9,0],[100,5,1,0],[100,92,1,0]]"
134,14,34,"[[100,66,2,0],[100,38,2,0],[100,57,4,0],[100,70,9,0],[100,71,9,0],[100,72,9,0],[100,5,1,0],[100,92,1,0]]"
135,14,35,"[[100,66,2,0],[100,38,2,0],[100,57,4,0],[100,70,9,0],[100,71,9,0],[100,72,9,0],[100,5,1,0],[100,92,1,0]]"
136,14,36,"[[100,66,2,0],[100,38,2,0],[100,57,4,0],[100,70,9,0],[100,71,9,0],[100,72,9,0],[100,5,1,0],[100,92,1,0]]"
137,14,37,"[[100,66,2,0],[100,38,2,0],[100,57,4,0],[100,70,9,0],[100,71,9,0],[100,72,9,0],[100,5,1,0],[100,92,1,0]]"
138,14,38,"[[100,66,2,0],[100,38,2,0],[100,57,4,0],[100,70,9,0],[100,71,9,0],[100,72,9,0],[100,5,1,0],[100,92,1,0]]"
139,14,39,"[[100,66,2,0],[100,38,2,0],[100,57,4,0],[100,70,9,0],[100,71,9,0],[100,72,9,0],[100,5,1,0],[100,92,1,0]]"
140,14,40,"[[100,66,2,0],[100,38,2,0],[100,57,4,0],[100,70,9,0],[100,71,9,0],[100,72,9,0],[100,5,1,0],[100,92,1,0]]"
141,14,41,"[[100,66,2,0],[100,38,2,0],[100,57,4,0],[100,70,9,0],[100,71,9,0],[100,72,9,0],[100,5,1,0],[100,92,1,0]]"
142,14,42,"[[100,66,2,0],[100,38,2,0],[100,57,4,0],[100,70,9,0],[100,71,9,0],[100,72,9,0],[100,5,1,0],[100,92,1,0]]"
143,14,43,"[[100,66,2,0],[100,38,2,0],[100,57,4,0],[100,70,9,0],[100,71,9,0],[100,72,9,0],[100,5,1,0],[100,92,1,0]]"
144,14,44,"[[100,66,2,0],[100,38,2,0],[100,57,4,0],[100,70,9,0],[100,71,9,0],[100,72,9,0],[100,5,1,0],[100,92,1,0]]"
145,14,45,"[[100,66,2,0],[100,38,2,0],[100,57,4,0],[100,70,9,0],[100,71,9,0],[100,72,9,0],[100,5,1,0],[100,92,1,0]]"
146,14,46,"[[100,66,2,0],[100,38,2,0],[100,57,4,0],[100,70,9,0],[100,71,9,0],[100,72,9,0],[100,5,1,0],[100,92,1,0]]"
147,14,47,"[[100,66,2,0],[100,38,2,0],[100,57,4,0],[100,70,9,0],[100,71,9,0],[100,72,9,0],[100,5,1,0],[100,92,1,0]]"
148,14,48,"[[100,66,2,0],[100,38,2,0],[100,57,4,0],[100,70,9,0],[100,71,9,0],[100,72,9,0],[100,5,1,0],[100,92,1,0]]"
149,14,49,"[[100,66,2,0],[100,38,2,0],[100,57,4,0],[100,70,9,0],[100,71,9,0],[100,72,9,0],[100,5,1,0],[100,92,1,0]]"
150,14,50,"[[100,66,2,0],[100,38,2,0],[100,57,4,0],[100,70,9,0],[100,71,9,0],[100,72,9,0],[100,5,1,0],[100,92,1,0]]"
151,14,51,"[[100,66,2,0],[100,38,2,0],[100,57,4,0],[100,70,9,0],[100,71,9,0],[100,72,9,0],[100,5,1,0],[100,92,1,0]]"
152,14,52,"[[100,66,2,0],[100,38,2,0],[100,57,4,0],[100,70,9,0],[100,71,9,0],[100,72,9,0],[100,5,1,0],[100,92,1,0]]"
153,14,53,"[[100,66,2,0],[100,38,2,0],[100,57,4,0],[100,70,9,0],[100,71,9,0],[100,72,9,0],[100,5,1,0],[100,92,1,0]]"
154,14,54,"[[100,66,2,0],[100,38,2,0],[100,57,4,0],[100,70,9,0],[100,71,9,0],[100,72,9,0],[100,5,1,0],[100,92,1,0]]"
155,14,55,"[[100,66,2,0],[100,38,2,0],[100,57,4,0],[100,70,9,0],[100,71,9,0],[100,72,9,0],[100,5,1,0],[100,92,1,0]]"
156,14,56,"[[100,66,2,0],[100,38,2,0],[100,57,4,0],[100,70,9,0],[100,71,9,0],[100,72,9,0],[100,5,1,0],[100,92,1,0]]"
157,14,57,"[[100,66,2,0],[100,38,2,0],[100,57,4,0],[100,70,9,0],[100,71,9,0],[100,72,9,0],[100,5,1,0],[100,92,1,0]]"
158,14,58,"[[100,66,2,0],[100,38,2,0],[100,57,4,0],[100,70,9,0],[100,71,9,0],[100,72,9,0],[100,5,1,0],[100,92,1,0]]"
159,14,59,"[[100,66,2,0],[100,38,2,0],[100,57,4,0],[100,70,9,0],[100,71,9,0],[100,72,9,0],[100,5,1,0],[100,92,1,0]]"
160,14,60,"[[100,66,2,0],[100,38,2,0],[100,57,4,0],[100,70,9,0],[100,71,9,0],[100,72,9,0],[100,5,1,0],[100,92,1,0]]"
161,14,61,"[[100,66,2,0],[100,38,2,0],[100,57,4,0],[100,70,9,0],[100,71,9,0],[100,72,9,0],[100,5,1,0],[100,92,1,0]]"
162,14,62,"[[100,66,2,0],[100,38,2,0],[100,57,4,0],[100,70,9,0],[100,71,9,0],[100,72,9,0],[100,5,1,0],[100,92,1,0]]"
163,14,63,"[[100,66,2,0],[100,38,2,0],[100,57,4,0],[100,70,9,0],[100,71,9,0],[100,72,9,0],[100,5,1,0],[100,92,1,0]]"
164,14,64,"[[100,66,2,0],[100,38,2,0],[100,57,4,0],[100,70,9,0],[100,71,9,0],[100,72,9,0],[100,5,1,0],[100,92,1,0]]"
165,14,65,"[[100,66,2,0],[100,38,2,0],[100,57,4,0],[100,70,9,0],[100,71,9,0],[100,72,9,0],[100,5,1,0],[100,92,1,0]]"
166,14,66,"[[100,66,2,0],[100,38,2,0],[100,57,4,0],[100,70,9,0],[100,71,9,0],[100,72,9,0],[100,5,1,0],[100,92,1,0]]"
167,14,67,"[[100,66,2,0],[100,38,2,0],[100,57,4,0],[100,70,9,0],[100,71,9,0],[100,72,9,0],[100,5,1,0],[100,92,1,0]]"
168,14,68,"[[100,66,2,0],[100,38,2,0],[100,57,4,0],[100,70,9,0],[100,71,9,0],[100,72,9,0],[100,5,1,0],[100,92,1,0]]"
169,14,69,"[[100,66,2,0],[100,38,2,0],[100,57,4,0],[100,70,9,0],[100,71,9,0],[100,72,9,0],[100,5,1,0],[100,92,1,0]]"
170,14,70,"[[100,66,2,0],[100,38,2,0],[100,57,4,0],[100,70,9,0],[100,71,9,0],[100,72,9,0],[100,5,1,0],[100,92,1,0]]"
171,14,71,"[[100,66,2,0],[100,38,2,0],[100,57,4,0],[100,70,9,0],[100,71,9,0],[100,72,9,0],[100,5,1,0],[100,92,1,0]]"
172,14,72,"[[100,66,2,0],[100,38,2,0],[100,57,4,0],[100,70,9,0],[100,71,9,0],[100,72,9,0],[100,5,1,0],[100,92,1,0]]"
173,14,73,"[[100,66,2,0],[100,38,2,0],[100,57,4,0],[100,70,9,0],[100,71,9,0],[100,72,9,0],[100,5,1,0],[100,92,1,0]]"
174,14,74,"[[100,66,2,0],[100,38,2,0],[100,57,4,0],[100,70,9,0],[100,71,9,0],[100,72,9,0],[100,5,1,0],[100,92,1,0]]"
175,14,75,"[[100,66,2,0],[100,38,2,0],[100,57,4,0],[100,70,9,0],[100,71,9,0],[100,72,9,0],[100,5,1,0],[100,92,1,0]]"
176,14,76,"[[100,66,2,0],[100,38,2,0],[100,57,4,0],[100,70,9,0],[100,71,9,0],[100,72,9,0],[100,5,1,0],[100,92,1,0]]"
177,14,77,"[[100,66,2,0],[100,38,2,0],[100,57,4,0],[100,70,9,0],[100,71,9,0],[100,72,9,0],[100,5,1,0],[100,92,1,0]]"
178,14,78,"[[100,66,2,0],[100,38,2,0],[100,57,4,0],[100,70,9,0],[100,71,9,0],[100,72,9,0],[100,5,1,0],[100,92,1,0]]"
179,14,79,"[[100,66,2,0],[100,38,2,0],[100,57,4,0],[100,70,9,0],[100,71,9,0],[100,72,9,0],[100,5,1,0],[100,92,1,0]]"
180,14,80,"[[100,66,2,0],[100,38,2,0],[100,57,4,0],[100,70,9,0],[100,71,9,0],[100,72,9,0],[100,5,1,0],[100,92,1,0]]"
181,14,81,"[[100,66,2,0],[100,38,2,0],[100,57,4,0],[100,70,9,0],[100,71,9,0],[100,72,9,0],[100,5,1,0],[100,92,1,0]]"
182,14,82,"[[100,66,2,0],[100,38,2,0],[100,57,4,0],[100,70,9,0],[100,71,9,0],[100,72,9,0],[100,5,1,0],[100,92,1,0]]"
183,14,83,"[[100,66,2,0],[100,38,2,0],[100,57,4,0],[100,70,9,0],[100,71,9,0],[100,72,9,0],[100,5,1,0],[100,92,1,0]]"
184,14,84,"[[100,66,2,0],[100,38,2,0],[100,57,4,0],[100,70,9,0],[100,71,9,0],[100,72,9,0],[100,5,1,0],[100,92,1,0]]"
185,14,85,"[[100,66,2,0],[100,38,2,0],[100,57,4,0],[100,70,9,0],[100,71,9,0],[100,72,9,0],[100,5,1,0],[100,92,1,0]]"
186,14,86,"[[100,66,2,0],[100,38,2,0],[100,57,4,0],[100,70,9,0],[100,71,9,0],[100,72,9,0],[100,5,1,0],[100,92,1,0]]"
187,14,87,"[[100,66,2,0],[100,38,2,0],[100,57,4,0],[100,70,9,0],[100,71,9,0],[100,72,9,0],[100,5,1,0],[100,92,1,0]]"
188,14,88,"[[100,66,2,0],[100,38,2,0],[100,57,4,0],[100,70,9,0],[100,71,9,0],[100,72,9,0],[100,5,1,0],[100,92,1,0]]"
189,14,89,"[[100,66,2,0],[100,38,2,0],[100,57,4,0],[100,70,9,0],[100,71,9,0],[100,72,9,0],[100,5,1,0],[100,92,1,0]]"
190,14,90,"[[100,66,2,0],[100,38,2,0],[100,57,4,0],[100,70,9,0],[100,71,9,0],[100,72,9,0],[100,5,1,0],[100,92,1,0]]"
191,14,91,"[[100,66,2,0],[100,38,2,0],[100,57,4,0],[100,70,9,0],[100,71,9,0],[100,72,9,0],[100,5,1,0],[100,92,1,0]]"
192,14,92,"[[100,66,2,0],[100,38,2,0],[100,57,4,0],[100,70,9,0],[100,71,9,0],[100,72,9,0],[100,5,1,0],[100,92,1,0]]"
193,14,93,"[[100,66,2,0],[100,38,2,0],[100,57,4,0],[100,70,9,0],[100,71,9,0],[100,72,9,0],[100,5,1,0],[100,92,1,0]]"
194,14,94,"[[100,66,2,0],[100,38,2,0],[100,57,4,0],[100,70,9,0],[100,71,9,0],[100,72,9,0],[100,5,1,0],[100,92,1,0]]"
195,14,95,"[[100,66,2,0],[100,38,2,0],[100,57,4,0],[100,70,9,0],[100,71,9,0],[100,72,9,0],[100,5,1,0],[100,92,1,0]]"
196,14,96,"[[100,66,2,0],[100,38,2,0],[100,57,4,0],[100,70,9,0],[100,71,9,0],[100,72,9,0],[100,5,1,0],[100,92,1,0]]"
197,14,97,"[[100,66,2,0],[100,38,2,0],[100,57,4,0],[100,70,9,0],[100,71,9,0],[100,72,9,0],[100,5,1,0],[100,92,1,0]]"
198,14,98,"[[100,66,2,0],[100,38,2,0],[100,57,4,0],[100,70,9,0],[100,71,9,0],[100,72,9,0],[100,5,1,0],[100,92,1,0]]"
199,14,99,"[[100,66,2,0],[100,38,2,0],[100,57,4,0],[100,70,9,0],[100,71,9,0],[100,72,9,0],[100,5,1,0],[100,92,1,0]]"
200,14,100,"[[100,66,2,0],[100,38,2,0],[100,57,4,0],[100,70,9,0],[100,71,9,0],[100,72,9,0],[100,5,1,0],[100,92,1,0]]"
201,15,1,"[[100,66,15,0],[100,37,20,0],[100,1,30,0],[100,70,63,0],[100,71,63,0],[100,72,63,0],[100,6,30,0],[100,92,5,0],[100,128,5,0],[100,112,1,0],[100,99,1,0]]"
202,15,2,"[[100,66,10,0],[100,37,15,0],[100,1,20,0],[100,70,45,0],[100,71,45,0],[100,72,45,0],[100,6,20,0],[100,92,3,0],[100,112,1,0],[100,128,3,0]]"
203,15,3,"[[100,66,8,0],[100,37,10,0],[100,1,15,0],[100,70,27,0],[100,71,27,0],[100,72,27,0],[100,6,15,0],[100,92,2,0],[100,112,1,0],[100,128,2,0]]"
204,15,4,"[[100,66,6,0],[100,37,8,0],[100,1,10,0],[100,70,18,0],[100,71,18,0],[100,72,18,0],[100,6,10,0],[100,92,1,0],[100,128,1,0]]"
205,15,5,"[[100,66,6,0],[100,37,8,0],[100,1,10,0],[100,70,18,0],[100,71,18,0],[100,72,18,0],[100,6,10,0],[100,92,1,0],[100,128,1,0]]"
206,15,6,"[[100,66,4,0],[100,37,6,0],[100,1,8,0],[100,70,12,0],[100,71,12,0],[100,72,12,0],[100,6,8,0],[100,92,1,0]]"
207,15,7,"[[100,66,4,0],[100,37,6,0],[100,1,8,0],[100,70,12,0],[100,71,12,0],[100,72,12,0],[100,6,8,0],[100,92,1,0]]"
208,15,8,"[[100,66,4,0],[100,37,6,0],[100,1,8,0],[100,70,12,0],[100,71,12,0],[100,72,12,0],[100,6,8,0],[100,92,1,0]]"
209,15,9,"[[100,66,4,0],[100,37,6,0],[100,1,8,0],[100,70,12,0],[100,71,12,0],[100,72,12,0],[100,6,8,0],[100,92,1,0]]"
210,15,10,"[[100,66,4,0],[100,37,6,0],[100,1,8,0],[100,70,12,0],[100,71,12,0],[100,72,12,0],[100,6,8,0],[100,92,1,0]]"
211,15,11,"[[100,66,3,0],[100,37,4,0],[100,1,6,0],[100,70,9,0],[100,71,9,0],[100,72,9,0],[100,6,6,0]]"
212,15,12,"[[100,66,3,0],[100,37,4,0],[100,1,6,0],[100,70,9,0],[100,71,9,0],[100,72,9,0],[100,6,6,0]]"
213,15,13,"[[100,66,3,0],[100,37,4,0],[100,1,6,0],[100,70,9,0],[100,71,9,0],[100,72,9,0],[100,6,6,0]]"
214,15,14,"[[100,66,3,0],[100,37,4,0],[100,1,6,0],[100,70,9,0],[100,71,9,0],[100,72,9,0],[100,6,6,0]]"
215,15,15,"[[100,66,3,0],[100,37,4,0],[100,1,6,0],[100,70,9,0],[100,71,9,0],[100,72,9,0],[100,6,6,0]]"
216,15,16,"[[100,66,3,0],[100,37,4,0],[100,1,6,0],[100,70,9,0],[100,71,9,0],[100,72,9,0],[100,6,6,0]]"
217,15,17,"[[100,66,3,0],[100,37,4,0],[100,1,6,0],[100,70,9,0],[100,71,9,0],[100,72,9,0],[100,6,6,0]]"
218,15,18,"[[100,66,3,0],[100,37,4,0],[100,1,6,0],[100,70,9,0],[100,71,9,0],[100,72,9,0],[100,6,6,0]]"
219,15,19,"[[100,66,3,0],[100,37,4,0],[100,1,6,0],[100,70,9,0],[100,71,9,0],[100,72,9,0],[100,6,6,0]]"
220,15,20,"[[100,66,3,0],[100,37,4,0],[100,1,6,0],[100,70,9,0],[100,71,9,0],[100,72,9,0],[100,6,6,0]]"
221,15,21,"[[100,66,2,0],[100,37,3,0],[100,1,4,0],[100,70,6,0],[100,71,6,0],[100,72,6,0],[100,6,4,0]]"
222,15,22,"[[100,66,2,0],[100,37,3,0],[100,1,4,0],[100,70,6,0],[100,71,6,0],[100,72,6,0],[100,6,4,0]]"
223,15,23,"[[100,66,2,0],[100,37,3,0],[100,1,4,0],[100,70,6,0],[100,71,6,0],[100,72,6,0],[100,6,4,0]]"
224,15,24,"[[100,66,2,0],[100,37,3,0],[100,1,4,0],[100,70,6,0],[100,71,6,0],[100,72,6,0],[100,6,4,0]]"
225,15,25,"[[100,66,2,0],[100,37,3,0],[100,1,4,0],[100,70,6,0],[100,71,6,0],[100,72,6,0],[100,6,4,0]]"
226,15,26,"[[100,66,2,0],[100,37,3,0],[100,1,4,0],[100,70,6,0],[100,71,6,0],[100,72,6,0],[100,6,4,0]]"
227,15,27,"[[100,66,2,0],[100,37,3,0],[100,1,4,0],[100,70,6,0],[100,71,6,0],[100,72,6,0],[100,6,4,0]]"
228,15,28,"[[100,66,2,0],[100,37,3,0],[100,1,4,0],[100,70,6,0],[100,71,6,0],[100,72,6,0],[100,6,4,0]]"
229,15,29,"[[100,66,2,0],[100,37,3,0],[100,1,4,0],[100,70,6,0],[100,71,6,0],[100,72,6,0],[100,6,4,0]]"
230,15,30,"[[100,66,2,0],[100,37,3,0],[100,1,4,0],[100,70,6,0],[100,71,6,0],[100,72,6,0],[100,6,4,0]]"
231,15,31,"[[100,66,2,0],[100,37,3,0],[100,1,4,0],[100,70,6,0],[100,71,6,0],[100,72,6,0],[100,6,4,0]]"
232,15,32,"[[100,66,2,0],[100,37,3,0],[100,1,4,0],[100,70,6,0],[100,71,6,0],[100,72,6,0],[100,6,4,0]]"
233,15,33,"[[100,66,2,0],[100,37,3,0],[100,1,4,0],[100,70,6,0],[100,71,6,0],[100,72,6,0],[100,6,4,0]]"
234,15,34,"[[100,66,2,0],[100,37,3,0],[100,1,4,0],[100,70,6,0],[100,71,6,0],[100,72,6,0],[100,6,4,0]]"
235,15,35,"[[100,66,2,0],[100,37,3,0],[100,1,4,0],[100,70,6,0],[100,71,6,0],[100,72,6,0],[100,6,4,0]]"
236,15,36,"[[100,66,2,0],[100,37,3,0],[100,1,4,0],[100,70,6,0],[100,71,6,0],[100,72,6,0],[100,6,4,0]]"
237,15,37,"[[100,66,2,0],[100,37,3,0],[100,1,4,0],[100,70,6,0],[100,71,6,0],[100,72,6,0],[100,6,4,0]]"
238,15,38,"[[100,66,2,0],[100,37,3,0],[100,1,4,0],[100,70,6,0],[100,71,6,0],[100,72,6,0],[100,6,4,0]]"
239,15,39,"[[100,66,2,0],[100,37,3,0],[100,1,4,0],[100,70,6,0],[100,71,6,0],[100,72,6,0],[100,6,4,0]]"
240,15,40,"[[100,66,2,0],[100,37,3,0],[100,1,4,0],[100,70,6,0],[100,71,6,0],[100,72,6,0],[100,6,4,0]]"
241,15,41,"[[100,66,2,0],[100,37,3,0],[100,1,4,0],[100,70,6,0],[100,71,6,0],[100,72,6,0],[100,6,4,0]]"
242,15,42,"[[100,66,2,0],[100,37,3,0],[100,1,4,0],[100,70,6,0],[100,71,6,0],[100,72,6,0],[100,6,4,0]]"
243,15,43,"[[100,66,2,0],[100,37,3,0],[100,1,4,0],[100,70,6,0],[100,71,6,0],[100,72,6,0],[100,6,4,0]]"
244,15,44,"[[100,66,2,0],[100,37,3,0],[100,1,4,0],[100,70,6,0],[100,71,6,0],[100,72,6,0],[100,6,4,0]]"
245,15,45,"[[100,66,2,0],[100,37,3,0],[100,1,4,0],[100,70,6,0],[100,71,6,0],[100,72,6,0],[100,6,4,0]]"
246,15,46,"[[100,66,2,0],[100,37,3,0],[100,1,4,0],[100,70,6,0],[100,71,6,0],[100,72,6,0],[100,6,4,0]]"
247,15,47,"[[100,66,2,0],[100,37,3,0],[100,1,4,0],[100,70,6,0],[100,71,6,0],[100,72,6,0],[100,6,4,0]]"
248,15,48,"[[100,66,2,0],[100,37,3,0],[100,1,4,0],[100,70,6,0],[100,71,6,0],[100,72,6,0],[100,6,4,0]]"
249,15,49,"[[100,66,2,0],[100,37,3,0],[100,1,4,0],[100,70,6,0],[100,71,6,0],[100,72,6,0],[100,6,4,0]]"
250,15,50,"[[100,66,2,0],[100,37,3,0],[100,1,4,0],[100,70,6,0],[100,71,6,0],[100,72,6,0],[100,6,4,0]]"
251,15,51,"[[100,66,1,0],[100,37,2,0],[100,1,3,0],[100,70,3,0],[100,71,3,0],[100,72,3,0],[100,6,3,0]]"
252,15,52,"[[100,66,1,0],[100,37,2,0],[100,1,3,0],[100,70,3,0],[100,71,3,0],[100,72,3,0],[100,6,3,0]]"
253,15,53,"[[100,66,1,0],[100,37,2,0],[100,1,3,0],[100,70,3,0],[100,71,3,0],[100,72,3,0],[100,6,3,0]]"
254,15,54,"[[100,66,1,0],[100,37,2,0],[100,1,3,0],[100,70,3,0],[100,71,3,0],[100,72,3,0],[100,6,3,0]]"
255,15,55,"[[100,66,1,0],[100,37,2,0],[100,1,3,0],[100,70,3,0],[100,71,3,0],[100,72,3,0],[100,6,3,0]]"
256,15,56,"[[100,66,1,0],[100,37,2,0],[100,1,3,0],[100,70,3,0],[100,71,3,0],[100,72,3,0],[100,6,3,0]]"
257,15,57,"[[100,66,1,0],[100,37,2,0],[100,1,3,0],[100,70,3,0],[100,71,3,0],[100,72,3,0],[100,6,3,0]]"
258,15,58,"[[100,66,1,0],[100,37,2,0],[100,1,3,0],[100,70,3,0],[100,71,3,0],[100,72,3,0],[100,6,3,0]]"
259,15,59,"[[100,66,1,0],[100,37,2,0],[100,1,3,0],[100,70,3,0],[100,71,3,0],[100,72,3,0],[100,6,3,0]]"
260,15,60,"[[100,66,1,0],[100,37,2,0],[100,1,3,0],[100,70,3,0],[100,71,3,0],[100,72,3,0],[100,6,3,0]]"
261,15,61,"[[100,66,1,0],[100,37,2,0],[100,1,3,0],[100,70,3,0],[100,71,3,0],[100,72,3,0],[100,6,3,0]]"
262,15,62,"[[100,66,1,0],[100,37,2,0],[100,1,3,0],[100,70,3,0],[100,71,3,0],[100,72,3,0],[100,6,3,0]]"
263,15,63,"[[100,66,1,0],[100,37,2,0],[100,1,3,0],[100,70,3,0],[100,71,3,0],[100,72,3,0],[100,6,3,0]]"
264,15,64,"[[100,66,1,0],[100,37,2,0],[100,1,3,0],[100,70,3,0],[100,71,3,0],[100,72,3,0],[100,6,3,0]]"
265,15,65,"[[100,66,1,0],[100,37,2,0],[100,1,3,0],[100,70,3,0],[100,71,3,0],[100,72,3,0],[100,6,3,0]]"
266,15,66,"[[100,66,1,0],[100,37,2,0],[100,1,3,0],[100,70,3,0],[100,71,3,0],[100,72,3,0],[100,6,3,0]]"
267,15,67,"[[100,66,1,0],[100,37,2,0],[100,1,3,0],[100,70,3,0],[100,71,3,0],[100,72,3,0],[100,6,3,0]]"
268,15,68,"[[100,66,1,0],[100,37,2,0],[100,1,3,0],[100,70,3,0],[100,71,3,0],[100,72,3,0],[100,6,3,0]]"
269,15,69,"[[100,66,1,0],[100,37,2,0],[100,1,3,0],[100,70,3,0],[100,71,3,0],[100,72,3,0],[100,6,3,0]]"
270,15,70,"[[100,66,1,0],[100,37,2,0],[100,1,3,0],[100,70,3,0],[100,71,3,0],[100,72,3,0],[100,6,3,0]]"
271,15,71,"[[100,66,1,0],[100,37,2,0],[100,1,3,0],[100,70,3,0],[100,71,3,0],[100,72,3,0],[100,6,3,0]]"
272,15,72,"[[100,66,1,0],[100,37,2,0],[100,1,3,0],[100,70,3,0],[100,71,3,0],[100,72,3,0],[100,6,3,0]]"
273,15,73,"[[100,66,1,0],[100,37,2,0],[100,1,3,0],[100,70,3,0],[100,71,3,0],[100,72,3,0],[100,6,3,0]]"
274,15,74,"[[100,66,1,0],[100,37,2,0],[100,1,3,0],[100,70,3,0],[100,71,3,0],[100,72,3,0],[100,6,3,0]]"
275,15,75,"[[100,66,1,0],[100,37,2,0],[100,1,3,0],[100,70,3,0],[100,71,3,0],[100,72,3,0],[100,6,3,0]]"
276,15,76,"[[100,66,1,0],[100,37,2,0],[100,1,3,0],[100,70,3,0],[100,71,3,0],[100,72,3,0],[100,6,3,0]]"
277,15,77,"[[100,66,1,0],[100,37,2,0],[100,1,3,0],[100,70,3,0],[100,71,3,0],[100,72,3,0],[100,6,3,0]]"
278,15,78,"[[100,66,1,0],[100,37,2,0],[100,1,3,0],[100,70,3,0],[100,71,3,0],[100,72,3,0],[100,6,3,0]]"
279,15,79,"[[100,66,1,0],[100,37,2,0],[100,1,3,0],[100,70,3,0],[100,71,3,0],[100,72,3,0],[100,6,3,0]]"
280,15,80,"[[100,66,1,0],[100,37,2,0],[100,1,3,0],[100,70,3,0],[100,71,3,0],[100,72,3,0],[100,6,3,0]]"
281,15,81,"[[100,66,1,0],[100,37,2,0],[100,1,3,0],[100,70,3,0],[100,71,3,0],[100,72,3,0],[100,6,3,0]]"
282,15,82,"[[100,66,1,0],[100,37,2,0],[100,1,3,0],[100,70,3,0],[100,71,3,0],[100,72,3,0],[100,6,3,0]]"
283,15,83,"[[100,66,1,0],[100,37,2,0],[100,1,3,0],[100,70,3,0],[100,71,3,0],[100,72,3,0],[100,6,3,0]]"
284,15,84,"[[100,66,1,0],[100,37,2,0],[100,1,3,0],[100,70,3,0],[100,71,3,0],[100,72,3,0],[100,6,3,0]]"
285,15,85,"[[100,66,1,0],[100,37,2,0],[100,1,3,0],[100,70,3,0],[100,71,3,0],[100,72,3,0],[100,6,3,0]]"
286,15,86,"[[100,66,1,0],[100,37,2,0],[100,1,3,0],[100,70,3,0],[100,71,3,0],[100,72,3,0],[100,6,3,0]]"
287,15,87,"[[100,66,1,0],[100,37,2,0],[100,1,3,0],[100,70,3,0],[100,71,3,0],[100,72,3,0],[100,6,3,0]]"
288,15,88,"[[100,66,1,0],[100,37,2,0],[100,1,3,0],[100,70,3,0],[100,71,3,0],[100,72,3,0],[100,6,3,0]]"
289,15,89,"[[100,66,1,0],[100,37,2,0],[100,1,3,0],[100,70,3,0],[100,71,3,0],[100,72,3,0],[100,6,3,0]]"
290,15,90,"[[100,66,1,0],[100,37,2,0],[100,1,3,0],[100,70,3,0],[100,71,3,0],[100,72,3,0],[100,6,3,0]]"
291,15,91,"[[100,66,1,0],[100,37,2,0],[100,1,3,0],[100,70,3,0],[100,71,3,0],[100,72,3,0],[100,6,3,0]]"
292,15,92,"[[100,66,1,0],[100,37,2,0],[100,1,3,0],[100,70,3,0],[100,71,3,0],[100,72,3,0],[100,6,3,0]]"
293,15,93,"[[100,66,1,0],[100,37,2,0],[100,1,3,0],[100,70,3,0],[100,71,3,0],[100,72,3,0],[100,6,3,0]]"
294,15,94,"[[100,66,1,0],[100,37,2,0],[100,1,3,0],[100,70,3,0],[100,71,3,0],[100,72,3,0],[100,6,3,0]]"
295,15,95,"[[100,66,1,0],[100,37,2,0],[100,1,3,0],[100,70,3,0],[100,71,3,0],[100,72,3,0],[100,6,3,0]]"
296,15,96,"[[100,66,1,0],[100,37,2,0],[100,1,3,0],[100,70,3,0],[100,71,3,0],[100,72,3,0],[100,6,3,0]]"
297,15,97,"[[100,66,1,0],[100,37,2,0],[100,1,3,0],[100,70,3,0],[100,71,3,0],[100,72,3,0],[100,6,3,0]]"
298,15,98,"[[100,66,1,0],[100,37,2,0],[100,1,3,0],[100,70,3,0],[100,71,3,0],[100,72,3,0],[100,6,3,0]]"
299,15,99,"[[100,66,1,0],[100,37,2,0],[100,1,3,0],[100,70,3,0],[100,71,3,0],[100,72,3,0],[100,6,3,0]]"
300,15,100,"[[100,66,1,0],[100,37,2,0],[100,1,3,0],[100,70,3,0],[100,71,3,0],[100,72,3,0],[100,6,3,0]]"
301,16,1,"[[100,66,15,0],[100,37,20,0],[100,3,6,0],[100,70,63,0],[100,71,63,0],[100,72,63,0],[100,57,30,0],[100,92,5,0],[100,128,5,0],[100,112,1,0],[100,100,1,0]]"
302,16,2,"[[100,66,10,0],[100,37,15,0],[100,3,5,0],[100,70,45,0],[100,71,45,0],[100,72,45,0],[100,57,20,0],[100,92,3,0],[100,112,1,0],[100,128,3,0]]"
303,16,3,"[[100,66,8,0],[100,37,10,0],[100,3,4,0],[100,70,27,0],[100,71,27,0],[100,72,27,0],[100,57,15,0],[100,92,2,0],[100,112,1,0],[100,128,2,0]]"
304,16,4,"[[100,66,6,0],[100,37,8,0],[100,3,3,0],[100,70,18,0],[100,71,18,0],[100,72,18,0],[100,57,10,0],[100,92,1,0],[100,128,1,0]]"
305,16,5,"[[100,66,6,0],[100,37,8,0],[100,3,3,0],[100,70,18,0],[100,71,18,0],[100,72,18,0],[100,57,10,0],[100,92,1,0],[100,128,1,0]]"
306,16,6,"[[100,66,4,0],[100,37,6,0],[100,3,2,0],[100,70,12,0],[100,71,12,0],[100,72,12,0],[100,57,8,0],[100,92,1,0]]"
307,16,7,"[[100,66,4,0],[100,37,6,0],[100,3,2,0],[100,70,12,0],[100,71,12,0],[100,72,12,0],[100,57,8,0],[100,92,1,0]]"
308,16,8,"[[100,66,4,0],[100,37,6,0],[100,3,2,0],[100,70,12,0],[100,71,12,0],[100,72,12,0],[100,57,8,0],[100,92,1,0]]"
309,16,9,"[[100,66,4,0],[100,37,6,0],[100,3,2,0],[100,70,12,0],[100,71,12,0],[100,72,12,0],[100,57,8,0],[100,92,1,0]]"
310,16,10,"[[100,66,4,0],[100,37,6,0],[100,3,2,0],[100,70,12,0],[100,71,12,0],[100,72,12,0],[100,57,8,0],[100,92,1,0]]"
311,16,11,"[[100,66,3,0],[100,37,4,0],[100,3,1,0],[100,70,9,0],[100,71,9,0],[100,72,9,0],[100,57,8,0]]"
312,16,12,"[[100,66,3,0],[100,37,4,0],[100,3,1,0],[100,70,9,0],[100,71,9,0],[100,72,9,0],[100,57,8,0]]"
313,16,13,"[[100,66,3,0],[100,37,4,0],[100,3,1,0],[100,70,9,0],[100,71,9,0],[100,72,9,0],[100,57,8,0]]"
314,16,14,"[[100,66,3,0],[100,37,4,0],[100,3,1,0],[100,70,9,0],[100,71,9,0],[100,72,9,0],[100,57,8,0]]"
315,16,15,"[[100,66,3,0],[100,37,4,0],[100,3,1,0],[100,70,9,0],[100,71,9,0],[100,72,9,0],[100,57,8,0]]"
316,16,16,"[[100,66,3,0],[100,37,4,0],[100,3,1,0],[100,70,9,0],[100,71,9,0],[100,72,9,0],[100,57,8,0]]"
317,16,17,"[[100,66,3,0],[100,37,4,0],[100,3,1,0],[100,70,9,0],[100,71,9,0],[100,72,9,0],[100,57,8,0]]"
318,16,18,"[[100,66,3,0],[100,37,4,0],[100,3,1,0],[100,70,9,0],[100,71,9,0],[100,72,9,0],[100,57,8,0]]"
319,16,19,"[[100,66,3,0],[100,37,4,0],[100,3,1,0],[100,70,9,0],[100,71,9,0],[100,72,9,0],[100,57,8,0]]"
320,16,20,"[[100,66,3,0],[100,37,4,0],[100,3,1,0],[100,70,9,0],[100,71,9,0],[100,72,9,0],[100,57,8,0]]"
321,16,21,"[[100,66,2,0],[100,37,3,0],[100,3,1,0],[100,70,6,0],[100,71,6,0],[100,72,6,0],[100,57,6,0]]"
322,16,22,"[[100,66,2,0],[100,37,3,0],[100,3,1,0],[100,70,6,0],[100,71,6,0],[100,72,6,0],[100,57,6,0]]"
323,16,23,"[[100,66,2,0],[100,37,3,0],[100,3,1,0],[100,70,6,0],[100,71,6,0],[100,72,6,0],[100,57,6,0]]"
324,16,24,"[[100,66,2,0],[100,37,3,0],[100,3,1,0],[100,70,6,0],[100,71,6,0],[100,72,6,0],[100,57,6,0]]"
325,16,25,"[[100,66,2,0],[100,37,3,0],[100,3,1,0],[100,70,6,0],[100,71,6,0],[100,72,6,0],[100,57,6,0]]"
326,16,26,"[[100,66,2,0],[100,37,3,0],[100,3,1,0],[100,70,6,0],[100,71,6,0],[100,72,6,0],[100,57,6,0]]"
327,16,27,"[[100,66,2,0],[100,37,3,0],[100,3,1,0],[100,70,6,0],[100,71,6,0],[100,72,6,0],[100,57,6,0]]"
328,16,28,"[[100,66,2,0],[100,37,3,0],[100,3,1,0],[100,70,6,0],[100,71,6,0],[100,72,6,0],[100,57,6,0]]"
329,16,29,"[[100,66,2,0],[100,37,3,0],[100,3,1,0],[100,70,6,0],[100,71,6,0],[100,72,6,0],[100,57,6,0]]"
330,16,30,"[[100,66,2,0],[100,37,3,0],[100,3,1,0],[100,70,6,0],[100,71,6,0],[100,72,6,0],[100,57,6,0]]"
331,16,31,"[[100,66,2,0],[100,37,3,0],[100,3,1,0],[100,70,6,0],[100,71,6,0],[100,72,6,0],[100,57,6,0]]"
332,16,32,"[[100,66,2,0],[100,37,3,0],[100,3,1,0],[100,70,6,0],[100,71,6,0],[100,72,6,0],[100,57,6,0]]"
333,16,33,"[[100,66,2,0],[100,37,3,0],[100,3,1,0],[100,70,6,0],[100,71,6,0],[100,72,6,0],[100,57,6,0]]"
334,16,34,"[[100,66,2,0],[100,37,3,0],[100,3,1,0],[100,70,6,0],[100,71,6,0],[100,72,6,0],[100,57,6,0]]"
335,16,35,"[[100,66,2,0],[100,37,3,0],[100,3,1,0],[100,70,6,0],[100,71,6,0],[100,72,6,0],[100,57,6,0]]"
336,16,36,"[[100,66,2,0],[100,37,3,0],[100,3,1,0],[100,70,6,0],[100,71,6,0],[100,72,6,0],[100,57,6,0]]"
337,16,37,"[[100,66,2,0],[100,37,3,0],[100,3,1,0],[100,70,6,0],[100,71,6,0],[100,72,6,0],[100,57,6,0]]"
338,16,38,"[[100,66,2,0],[100,37,3,0],[100,3,1,0],[100,70,6,0],[100,71,6,0],[100,72,6,0],[100,57,6,0]]"
339,16,39,"[[100,66,2,0],[100,37,3,0],[100,3,1,0],[100,70,6,0],[100,71,6,0],[100,72,6,0],[100,57,6,0]]"
340,16,40,"[[100,66,2,0],[100,37,3,0],[100,3,1,0],[100,70,6,0],[100,71,6,0],[100,72,6,0],[100,57,6,0]]"
341,16,41,"[[100,66,2,0],[100,37,3,0],[100,3,1,0],[100,70,6,0],[100,71,6,0],[100,72,6,0],[100,57,6,0]]"
342,16,42,"[[100,66,2,0],[100,37,3,0],[100,3,1,0],[100,70,6,0],[100,71,6,0],[100,72,6,0],[100,57,6,0]]"
343,16,43,"[[100,66,2,0],[100,37,3,0],[100,3,1,0],[100,70,6,0],[100,71,6,0],[100,72,6,0],[100,57,6,0]]"
344,16,44,"[[100,66,2,0],[100,37,3,0],[100,3,1,0],[100,70,6,0],[100,71,6,0],[100,72,6,0],[100,57,6,0]]"
345,16,45,"[[100,66,2,0],[100,37,3,0],[100,3,1,0],[100,70,6,0],[100,71,6,0],[100,72,6,0],[100,57,6,0]]"
346,16,46,"[[100,66,2,0],[100,37,3,0],[100,3,1,0],[100,70,6,0],[100,71,6,0],[100,72,6,0],[100,57,6,0]]"
347,16,47,"[[100,66,2,0],[100,37,3,0],[100,3,1,0],[100,70,6,0],[100,71,6,0],[100,72,6,0],[100,57,6,0]]"
348,16,48,"[[100,66,2,0],[100,37,3,0],[100,3,1,0],[100,70,6,0],[100,71,6,0],[100,72,6,0],[100,57,6,0]]"
349,16,49,"[[100,66,2,0],[100,37,3,0],[100,3,1,0],[100,70,6,0],[100,71,6,0],[100,72,6,0],[100,57,6,0]]"
350,16,50,"[[100,66,2,0],[100,37,3,0],[100,3,1,0],[100,70,6,0],[100,71,6,0],[100,72,6,0],[100,57,6,0]]"
351,16,51,"[[100,66,1,0],[100,37,2,0],[100,70,3,0],[100,71,3,0],[100,72,3,0],[100,57,4,0]]"
352,16,52,"[[100,66,1,0],[100,37,2,0],[100,70,3,0],[100,71,3,0],[100,72,3,0],[100,57,4,0]]"
353,16,53,"[[100,66,1,0],[100,37,2,0],[100,70,3,0],[100,71,3,0],[100,72,3,0],[100,57,4,0]]"
354,16,54,"[[100,66,1,0],[100,37,2,0],[100,70,3,0],[100,71,3,0],[100,72,3,0],[100,57,4,0]]"
355,16,55,"[[100,66,1,0],[100,37,2,0],[100,70,3,0],[100,71,3,0],[100,72,3,0],[100,57,4,0]]"
356,16,56,"[[100,66,1,0],[100,37,2,0],[100,70,3,0],[100,71,3,0],[100,72,3,0],[100,57,4,0]]"
357,16,57,"[[100,66,1,0],[100,37,2,0],[100,70,3,0],[100,71,3,0],[100,72,3,0],[100,57,4,0]]"
358,16,58,"[[100,66,1,0],[100,37,2,0],[100,70,3,0],[100,71,3,0],[100,72,3,0],[100,57,4,0]]"
359,16,59,"[[100,66,1,0],[100,37,2,0],[100,70,3,0],[100,71,3,0],[100,72,3,0],[100,57,4,0]]"
360,16,60,"[[100,66,1,0],[100,37,2,0],[100,70,3,0],[100,71,3,0],[100,72,3,0],[100,57,4,0]]"
361,16,61,"[[100,66,1,0],[100,37,2,0],[100,70,3,0],[100,71,3,0],[100,72,3,0],[100,57,4,0]]"
362,16,62,"[[100,66,1,0],[100,37,2,0],[100,70,3,0],[100,71,3,0],[100,72,3,0],[100,57,4,0]]"
363,16,63,"[[100,66,1,0],[100,37,2,0],[100,70,3,0],[100,71,3,0],[100,72,3,0],[100,57,4,0]]"
364,16,64,"[[100,66,1,0],[100,37,2,0],[100,70,3,0],[100,71,3,0],[100,72,3,0],[100,57,4,0]]"
365,16,65,"[[100,66,1,0],[100,37,2,0],[100,70,3,0],[100,71,3,0],[100,72,3,0],[100,57,4,0]]"
366,16,66,"[[100,66,1,0],[100,37,2,0],[100,70,3,0],[100,71,3,0],[100,72,3,0],[100,57,4,0]]"
367,16,67,"[[100,66,1,0],[100,37,2,0],[100,70,3,0],[100,71,3,0],[100,72,3,0],[100,57,4,0]]"
368,16,68,"[[100,66,1,0],[100,37,2,0],[100,70,3,0],[100,71,3,0],[100,72,3,0],[100,57,4,0]]"
369,16,69,"[[100,66,1,0],[100,37,2,0],[100,70,3,0],[100,71,3,0],[100,72,3,0],[100,57,4,0]]"
370,16,70,"[[100,66,1,0],[100,37,2,0],[100,70,3,0],[100,71,3,0],[100,72,3,0],[100,57,4,0]]"
371,16,71,"[[100,66,1,0],[100,37,2,0],[100,70,3,0],[100,71,3,0],[100,72,3,0],[100,57,4,0]]"
372,16,72,"[[100,66,1,0],[100,37,2,0],[100,70,3,0],[100,71,3,0],[100,72,3,0],[100,57,4,0]]"
373,16,73,"[[100,66,1,0],[100,37,2,0],[100,70,3,0],[100,71,3,0],[100,72,3,0],[100,57,4,0]]"
374,16,74,"[[100,66,1,0],[100,37,2,0],[100,70,3,0],[100,71,3,0],[100,72,3,0],[100,57,4,0]]"
375,16,75,"[[100,66,1,0],[100,37,2,0],[100,70,3,0],[100,71,3,0],[100,72,3,0],[100,57,4,0]]"
376,16,76,"[[100,66,1,0],[100,37,2,0],[100,70,3,0],[100,71,3,0],[100,72,3,0],[100,57,4,0]]"
377,16,77,"[[100,66,1,0],[100,37,2,0],[100,70,3,0],[100,71,3,0],[100,72,3,0],[100,57,4,0]]"
378,16,78,"[[100,66,1,0],[100,37,2,0],[100,70,3,0],[100,71,3,0],[100,72,3,0],[100,57,4,0]]"
379,16,79,"[[100,66,1,0],[100,37,2,0],[100,70,3,0],[100,71,3,0],[100,72,3,0],[100,57,4,0]]"
380,16,80,"[[100,66,1,0],[100,37,2,0],[100,70,3,0],[100,71,3,0],[100,72,3,0],[100,57,4,0]]"
381,16,81,"[[100,66,1,0],[100,37,2,0],[100,70,3,0],[100,71,3,0],[100,72,3,0],[100,57,4,0]]"
382,16,82,"[[100,66,1,0],[100,37,2,0],[100,70,3,0],[100,71,3,0],[100,72,3,0],[100,57,4,0]]"
383,16,83,"[[100,66,1,0],[100,37,2,0],[100,70,3,0],[100,71,3,0],[100,72,3,0],[100,57,4,0]]"
384,16,84,"[[100,66,1,0],[100,37,2,0],[100,70,3,0],[100,71,3,0],[100,72,3,0],[100,57,4,0]]"
385,16,85,"[[100,66,1,0],[100,37,2,0],[100,70,3,0],[100,71,3,0],[100,72,3,0],[100,57,4,0]]"
386,16,86,"[[100,66,1,0],[100,37,2,0],[100,70,3,0],[100,71,3,0],[100,72,3,0],[100,57,4,0]]"
387,16,87,"[[100,66,1,0],[100,37,2,0],[100,70,3,0],[100,71,3,0],[100,72,3,0],[100,57,4,0]]"
388,16,88,"[[100,66,1,0],[100,37,2,0],[100,70,3,0],[100,71,3,0],[100,72,3,0],[100,57,4,0]]"
389,16,89,"[[100,66,1,0],[100,37,2,0],[100,70,3,0],[100,71,3,0],[100,72,3,0],[100,57,4,0]]"
390,16,90,"[[100,66,1,0],[100,37,2,0],[100,70,3,0],[100,71,3,0],[100,72,3,0],[100,57,4,0]]"
391,16,91,"[[100,66,1,0],[100,37,2,0],[100,70,3,0],[100,71,3,0],[100,72,3,0],[100,57,4,0]]"
392,16,92,"[[100,66,1,0],[100,37,2,0],[100,70,3,0],[100,71,3,0],[100,72,3,0],[100,57,4,0]]"
393,16,93,"[[100,66,1,0],[100,37,2,0],[100,70,3,0],[100,71,3,0],[100,72,3,0],[100,57,4,0]]"
394,16,94,"[[100,66,1,0],[100,37,2,0],[100,70,3,0],[100,71,3,0],[100,72,3,0],[100,57,4,0]]"
395,16,95,"[[100,66,1,0],[100,37,2,0],[100,70,3,0],[100,71,3,0],[100,72,3,0],[100,57,4,0]]"
396,16,96,"[[100,66,1,0],[100,37,2,0],[100,70,3,0],[100,71,3,0],[100,72,3,0],[100,57,4,0]]"
397,16,97,"[[100,66,1,0],[100,37,2,0],[100,70,3,0],[100,71,3,0],[100,72,3,0],[100,57,4,0]]"
398,16,98,"[[100,66,1,0],[100,37,2,0],[100,70,3,0],[100,71,3,0],[100,72,3,0],[100,57,4,0]]"
399,16,99,"[[100,66,1,0],[100,37,2,0],[100,70,3,0],[100,71,3,0],[100,72,3,0],[100,57,4,0]]"
400,16,100,"[[100,66,1,0],[100,37,2,0],[100,70,3,0],[100,71,3,0],[100,72,3,0],[100,57,4,0]]"
401,17,1,"[[100,66,15,0],[100,70,63,0],[100,71,63,0],[100,72,63,0],[100,41,30,0],[100,45,30,0],[100,49,30,0],[100,92,5,0],[100,128,5,0],[100,112,1,0],[100,101,1,0]]"
402,17,2,"[[100,66,10,0],[100,70,45,0],[100,71,45,0],[100,72,45,0],[100,41,20,0],[100,45,20,0],[100,49,20,0],[100,92,3,0],[100,112,1,0],[100,128,3,0]]"
403,17,3,"[[100,66,8,0],[100,70,27,0],[100,71,27,0],[100,72,27,0],[100,41,15,0],[100,45,15,0],[100,49,15,0],[100,92,2,0],[100,112,1,0],[100,128,2,0]]"
404,17,4,"[[100,66,6,0],[100,70,18,0],[100,71,18,0],[100,72,18,0],[100,41,10,0],[100,45,10,0],[100,49,10,0],[100,92,1,0],[100,128,1,0]]"
405,17,5,"[[100,66,6,0],[100,70,18,0],[100,71,18,0],[100,72,18,0],[100,41,10,0],[100,45,10,0],[100,49,10,0],[100,92,1,0],[100,128,1,0]]"
406,17,6,"[[100,66,4,0],[100,70,12,0],[100,71,12,0],[100,72,12,0],[100,41,8,0],[100,45,8,0],[100,49,8,0],[100,92,1,0]]"
407,17,7,"[[100,66,4,0],[100,70,12,0],[100,71,12,0],[100,72,12,0],[100,41,8,0],[100,45,8,0],[100,49,8,0],[100,92,1,0]]"
408,17,8,"[[100,66,4,0],[100,70,12,0],[100,71,12,0],[100,72,12,0],[100,41,8,0],[100,45,8,0],[100,49,8,0],[100,92,1,0]]"
409,17,9,"[[100,66,4,0],[100,70,12,0],[100,71,12,0],[100,72,12,0],[100,41,8,0],[100,45,8,0],[100,49,8,0],[100,92,1,0]]"
410,17,10,"[[100,66,4,0],[100,70,12,0],[100,71,12,0],[100,72,12,0],[100,41,8,0],[100,45,8,0],[100,49,8,0],[100,92,1,0]]"
411,17,11,"[[100,66,3,0],[100,70,9,0],[100,71,9,0],[100,72,9,0],[100,41,6,0],[100,45,6,0],[100,49,6,0]]"
412,17,12,"[[100,66,3,0],[100,70,9,0],[100,71,9,0],[100,72,9,0],[100,41,6,0],[100,45,6,0],[100,49,6,0]]"
413,17,13,"[[100,66,3,0],[100,70,9,0],[100,71,9,0],[100,72,9,0],[100,41,6,0],[100,45,6,0],[100,49,6,0]]"
414,17,14,"[[100,66,3,0],[100,70,9,0],[100,71,9,0],[100,72,9,0],[100,41,6,0],[100,45,6,0],[100,49,6,0]]"
415,17,15,"[[100,66,3,0],[100,70,9,0],[100,71,9,0],[100,72,9,0],[100,41,6,0],[100,45,6,0],[100,49,6,0]]"
416,17,16,"[[100,66,3,0],[100,70,9,0],[100,71,9,0],[100,72,9,0],[100,41,6,0],[100,45,6,0],[100,49,6,0]]"
417,17,17,"[[100,66,3,0],[100,70,9,0],[100,71,9,0],[100,72,9,0],[100,41,6,0],[100,45,6,0],[100,49,6,0]]"
418,17,18,"[[100,66,3,0],[100,70,9,0],[100,71,9,0],[100,72,9,0],[100,41,6,0],[100,45,6,0],[100,49,6,0]]"
419,17,19,"[[100,66,3,0],[100,70,9,0],[100,71,9,0],[100,72,9,0],[100,41,6,0],[100,45,6,0],[100,49,6,0]]"
420,17,20,"[[100,66,3,0],[100,70,9,0],[100,71,9,0],[100,72,9,0],[100,41,6,0],[100,45,6,0],[100,49,6,0]]"
421,17,21,"[[100,66,2,0],[100,70,6,0],[100,71,6,0],[100,72,6,0],[100,41,4,0],[100,45,4,0],[100,49,4,0]]"
422,17,22,"[[100,66,2,0],[100,70,6,0],[100,71,6,0],[100,72,6,0],[100,41,4,0],[100,45,4,0],[100,49,4,0]]"
423,17,23,"[[100,66,2,0],[100,70,6,0],[100,71,6,0],[100,72,6,0],[100,41,4,0],[100,45,4,0],[100,49,4,0]]"
424,17,24,"[[100,66,2,0],[100,70,6,0],[100,71,6,0],[100,72,6,0],[100,41,4,0],[100,45,4,0],[100,49,4,0]]"
425,17,25,"[[100,66,2,0],[100,70,6,0],[100,71,6,0],[100,72,6,0],[100,41,4,0],[100,45,4,0],[100,49,4,0]]"
426,17,26,"[[100,66,2,0],[100,70,6,0],[100,71,6,0],[100,72,6,0],[100,41,4,0],[100,45,4,0],[100,49,4,0]]"
427,17,27,"[[100,66,2,0],[100,70,6,0],[100,71,6,0],[100,72,6,0],[100,41,4,0],[100,45,4,0],[100,49,4,0]]"
428,17,28,"[[100,66,2,0],[100,70,6,0],[100,71,6,0],[100,72,6,0],[100,41,4,0],[100,45,4,0],[100,49,4,0]]"
429,17,29,"[[100,66,2,0],[100,70,6,0],[100,71,6,0],[100,72,6,0],[100,41,4,0],[100,45,4,0],[100,49,4,0]]"
430,17,30,"[[100,66,2,0],[100,70,6,0],[100,71,6,0],[100,72,6,0],[100,41,4,0],[100,45,4,0],[100,49,4,0]]"
431,17,31,"[[100,66,2,0],[100,70,6,0],[100,71,6,0],[100,72,6,0],[100,41,4,0],[100,45,4,0],[100,49,4,0]]"
432,17,32,"[[100,66,2,0],[100,70,6,0],[100,71,6,0],[100,72,6,0],[100,41,4,0],[100,45,4,0],[100,49,4,0]]"
433,17,33,"[[100,66,2,0],[100,70,6,0],[100,71,6,0],[100,72,6,0],[100,41,4,0],[100,45,4,0],[100,49,4,0]]"
434,17,34,"[[100,66,2,0],[100,70,6,0],[100,71,6,0],[100,72,6,0],[100,41,4,0],[100,45,4,0],[100,49,4,0]]"
435,17,35,"[[100,66,2,0],[100,70,6,0],[100,71,6,0],[100,72,6,0],[100,41,4,0],[100,45,4,0],[100,49,4,0]]"
436,17,36,"[[100,66,2,0],[100,70,6,0],[100,71,6,0],[100,72,6,0],[100,41,4,0],[100,45,4,0],[100,49,4,0]]"
437,17,37,"[[100,66,2,0],[100,70,6,0],[100,71,6,0],[100,72,6,0],[100,41,4,0],[100,45,4,0],[100,49,4,0]]"
438,17,38,"[[100,66,2,0],[100,70,6,0],[100,71,6,0],[100,72,6,0],[100,41,4,0],[100,45,4,0],[100,49,4,0]]"
439,17,39,"[[100,66,2,0],[100,70,6,0],[100,71,6,0],[100,72,6,0],[100,41,4,0],[100,45,4,0],[100,49,4,0]]"
440,17,40,"[[100,66,2,0],[100,70,6,0],[100,71,6,0],[100,72,6,0],[100,41,4,0],[100,45,4,0],[100,49,4,0]]"
441,17,41,"[[100,66,2,0],[100,70,6,0],[100,71,6,0],[100,72,6,0],[100,41,4,0],[100,45,4,0],[100,49,4,0]]"
442,17,42,"[[100,66,2,0],[100,70,6,0],[100,71,6,0],[100,72,6,0],[100,41,4,0],[100,45,4,0],[100,49,4,0]]"
443,17,43,"[[100,66,2,0],[100,70,6,0],[100,71,6,0],[100,72,6,0],[100,41,4,0],[100,45,4,0],[100,49,4,0]]"
444,17,44,"[[100,66,2,0],[100,70,6,0],[100,71,6,0],[100,72,6,0],[100,41,4,0],[100,45,4,0],[100,49,4,0]]"
445,17,45,"[[100,66,2,0],[100,70,6,0],[100,71,6,0],[100,72,6,0],[100,41,4,0],[100,45,4,0],[100,49,4,0]]"
446,17,46,"[[100,66,2,0],[100,70,6,0],[100,71,6,0],[100,72,6,0],[100,41,4,0],[100,45,4,0],[100,49,4,0]]"
447,17,47,"[[100,66,2,0],[100,70,6,0],[100,71,6,0],[100,72,6,0],[100,41,4,0],[100,45,4,0],[100,49,4,0]]"
448,17,48,"[[100,66,2,0],[100,70,6,0],[100,71,6,0],[100,72,6,0],[100,41,4,0],[100,45,4,0],[100,49,4,0]]"
449,17,49,"[[100,66,2,0],[100,70,6,0],[100,71,6,0],[100,72,6,0],[100,41,4,0],[100,45,4,0],[100,49,4,0]]"
450,17,50,"[[100,66,2,0],[100,70,6,0],[100,71,6,0],[100,72,6,0],[100,41,4,0],[100,45,4,0],[100,49,4,0]]"
451,17,51,"[[100,66,1,0],[100,70,3,0],[100,71,3,0],[100,72,3,0],[100,41,2,0],[100,45,2,0]]"
452,17,52,"[[100,66,1,0],[100,70,3,0],[100,71,3,0],[100,72,3,0],[100,41,2,0],[100,45,2,0]]"
453,17,53,"[[100,66,1,0],[100,70,3,0],[100,71,3,0],[100,72,3,0],[100,41,2,0],[100,45,2,0]]"
454,17,54,"[[100,66,1,0],[100,70,3,0],[100,71,3,0],[100,72,3,0],[100,41,2,0],[100,45,2,0]]"
455,17,55,"[[100,66,1,0],[100,70,3,0],[100,71,3,0],[100,72,3,0],[100,41,2,0],[100,45,2,0]]"
456,17,56,"[[100,66,1,0],[100,70,3,0],[100,71,3,0],[100,72,3,0],[100,41,2,0],[100,45,2,0]]"
457,17,57,"[[100,66,1,0],[100,70,3,0],[100,71,3,0],[100,72,3,0],[100,41,2,0],[100,45,2,0]]"
458,17,58,"[[100,66,1,0],[100,70,3,0],[100,71,3,0],[100,72,3,0],[100,41,2,0],[100,45,2,0]]"
459,17,59,"[[100,66,1,0],[100,70,3,0],[100,71,3,0],[100,72,3,0],[100,41,2,0],[100,45,2,0]]"
460,17,60,"[[100,66,1,0],[100,70,3,0],[100,71,3,0],[100,72,3,0],[100,41,2,0],[100,45,2,0]]"
461,17,61,"[[100,66,1,0],[100,70,3,0],[100,71,3,0],[100,72,3,0],[100,41,2,0],[100,45,2,0]]"
462,17,62,"[[100,66,1,0],[100,70,3,0],[100,71,3,0],[100,72,3,0],[100,41,2,0],[100,45,2,0]]"
463,17,63,"[[100,66,1,0],[100,70,3,0],[100,71,3,0],[100,72,3,0],[100,41,2,0],[100,45,2,0]]"
464,17,64,"[[100,66,1,0],[100,70,3,0],[100,71,3,0],[100,72,3,0],[100,41,2,0],[100,45,2,0]]"
465,17,65,"[[100,66,1,0],[100,70,3,0],[100,71,3,0],[100,72,3,0],[100,41,2,0],[100,45,2,0]]"
466,17,66,"[[100,66,1,0],[100,70,3,0],[100,71,3,0],[100,72,3,0],[100,41,2,0],[100,45,2,0]]"
467,17,67,"[[100,66,1,0],[100,70,3,0],[100,71,3,0],[100,72,3,0],[100,41,2,0],[100,45,2,0]]"
468,17,68,"[[100,66,1,0],[100,70,3,0],[100,71,3,0],[100,72,3,0],[100,41,2,0],[100,45,2,0]]"
469,17,69,"[[100,66,1,0],[100,70,3,0],[100,71,3,0],[100,72,3,0],[100,41,2,0],[100,45,2,0]]"
470,17,70,"[[100,66,1,0],[100,70,3,0],[100,71,3,0],[100,72,3,0],[100,41,2,0],[100,45,2,0]]"
471,17,71,"[[100,66,1,0],[100,70,3,0],[100,71,3,0],[100,72,3,0],[100,41,2,0],[100,45,2,0]]"
472,17,72,"[[100,66,1,0],[100,70,3,0],[100,71,3,0],[100,72,3,0],[100,41,2,0],[100,45,2,0]]"
473,17,73,"[[100,66,1,0],[100,70,3,0],[100,71,3,0],[100,72,3,0],[100,41,2,0],[100,45,2,0]]"
474,17,74,"[[100,66,1,0],[100,70,3,0],[100,71,3,0],[100,72,3,0],[100,41,2,0],[100,45,2,0]]"
475,17,75,"[[100,66,1,0],[100,70,3,0],[100,71,3,0],[100,72,3,0],[100,41,2,0],[100,45,2,0]]"
476,17,76,"[[100,66,1,0],[100,70,3,0],[100,71,3,0],[100,72,3,0],[100,41,2,0],[100,45,2,0]]"
477,17,77,"[[100,66,1,0],[100,70,3,0],[100,71,3,0],[100,72,3,0],[100,41,2,0],[100,45,2,0]]"
478,17,78,"[[100,66,1,0],[100,70,3,0],[100,71,3,0],[100,72,3,0],[100,41,2,0],[100,45,2,0]]"
479,17,79,"[[100,66,1,0],[100,70,3,0],[100,71,3,0],[100,72,3,0],[100,41,2,0],[100,45,2,0]]"
480,17,80,"[[100,66,1,0],[100,70,3,0],[100,71,3,0],[100,72,3,0],[100,41,2,0],[100,45,2,0]]"
481,17,81,"[[100,66,1,0],[100,70,3,0],[100,71,3,0],[100,72,3,0],[100,41,2,0],[100,45,2,0]]"
482,17,82,"[[100,66,1,0],[100,70,3,0],[100,71,3,0],[100,72,3,0],[100,41,2,0],[100,45,2,0]]"
483,17,83,"[[100,66,1,0],[100,70,3,0],[100,71,3,0],[100,72,3,0],[100,41,2,0],[100,45,2,0]]"
484,17,84,"[[100,66,1,0],[100,70,3,0],[100,71,3,0],[100,72,3,0],[100,41,2,0],[100,45,2,0]]"
485,17,85,"[[100,66,1,0],[100,70,3,0],[100,71,3,0],[100,72,3,0],[100,41,2,0],[100,45,2,0]]"
486,17,86,"[[100,66,1,0],[100,70,3,0],[100,71,3,0],[100,72,3,0],[100,41,2,0],[100,45,2,0]]"
487,17,87,"[[100,66,1,0],[100,70,3,0],[100,71,3,0],[100,72,3,0],[100,41,2,0],[100,45,2,0]]"
488,17,88,"[[100,66,1,0],[100,70,3,0],[100,71,3,0],[100,72,3,0],[100,41,2,0],[100,45,2,0]]"
489,17,89,"[[100,66,1,0],[100,70,3,0],[100,71,3,0],[100,72,3,0],[100,41,2,0],[100,45,2,0]]"
490,17,90,"[[100,66,1,0],[100,70,3,0],[100,71,3,0],[100,72,3,0],[100,41,2,0],[100,45,2,0]]"
491,17,91,"[[100,66,1,0],[100,70,3,0],[100,71,3,0],[100,72,3,0],[100,41,2,0],[100,45,2,0]]"
492,17,92,"[[100,66,1,0],[100,70,3,0],[100,71,3,0],[100,72,3,0],[100,41,2,0],[100,45,2,0]]"
493,17,93,"[[100,66,1,0],[100,70,3,0],[100,71,3,0],[100,72,3,0],[100,41,2,0],[100,45,2,0]]"
494,17,94,"[[100,66,1,0],[100,70,3,0],[100,71,3,0],[100,72,3,0],[100,41,2,0],[100,45,2,0]]"
495,17,95,"[[100,66,1,0],[100,70,3,0],[100,71,3,0],[100,72,3,0],[100,41,2,0],[100,45,2,0]]"
496,17,96,"[[100,66,1,0],[100,70,3,0],[100,71,3,0],[100,72,3,0],[100,41,2,0],[100,45,2,0]]"
497,17,97,"[[100,66,1,0],[100,70,3,0],[100,71,3,0],[100,72,3,0],[100,41,2,0],[100,45,2,0]]"
498,17,98,"[[100,66,1,0],[100,70,3,0],[100,71,3,0],[100,72,3,0],[100,41,2,0],[100,45,2,0]]"
499,17,99,"[[100,66,1,0],[100,70,3,0],[100,71,3,0],[100,72,3,0],[100,41,2,0],[100,45,2,0]]"
500,17,100,"[[100,66,1,0],[100,70,3,0],[100,71,3,0],[100,72,3,0],[100,41,2,0],[100,45,2,0]]"