[{"achievementType":"1","achievementName":"Đăng nhập"},{"achievementType":"2","achievementName":"Thăng sao"},{"achievementType":"3","achievementName":"Tài năng"},{"achievementType":"4","achievementName":"Số Idol"},{"achievementType":"5","achievementName":"Đời sống"},{"achievementType":"6","achievementName":"Sáng tác"},{"achievementType":"7","achievementName":"Cày view"},{"achievementType":"8","achievementName":"fan meeting"},{"achievementType":"9","achievementName":"Truyền thông"},{"achievementType":"10","achievementName":"Chạy show"},{"achievementType":"11","achievementName":"Shopping"},{"achievementType":"12","achievementName":"Đi đu đưa"},{"achievementType":"13","achievementName":"Cấp VIP"},{"achievementType":"14","achievementName":"Gameshow"}]