[{"bookID":"1","name":"Cường Thân Thuật","specialtyID":"1","star":"1","aptitude":"1","content":""},{"bookID":"2","name":"Thổ Nạp Pháp","specialtyID":"1","star":"2","aptitude":"2","content":""},{"bookID":"3","name":"Lục Tự Quyết","specialtyID":"1","star":"3","aptitude":"3","content":""},{"bookID":"4","name":"Bát Đoạn Cẩm","specialtyID":"1","star":"4","aptitude":"4","content":""},{"bookID":"5","name":"Thứ Tần","specialtyID":"1","star":"4","aptitude":"4","content":""},{"bookID":"6","name":"Thái Bạch Kiếm Pháp","specialtyID":"1","star":"4","aptitude":"4","content":""},{"bookID":"7","name":"Tiêu Gia Kiếm Pháp","specialtyID":"1","star":"4","aptitude":"4","content":""},{"bookID":"8","name":"Phản Thanh Phục Minh Quyết","specialtyID":"1","star":"5","aptitude":"5","content":""},{"bookID":"9","name":"Dịch Thủy Hàn","specialtyID":"1","star":"5","aptitude":"5","content":""},{"bookID":"10","name":"Dịch Thủy Ca","specialtyID":"1","star":"5","aptitude":"5","content":""},{"bookID":"11","name":"Can Tương Mạc Tà","specialtyID":"1","star":"5","aptitude":"5","content":""},{"bookID":"12","name":"Đế Vương Kiếm Thuật","specialtyID":"1","star":"5","aptitude":"5","content":""},{"bookID":"13","name":"Đức Thánh Cáu","specialtyID":"1","star":"6","aptitude":"6","content":""},{"bookID":"14","name":"Nhĩ Nhã","specialtyID":"2","star":"1","aptitude":"1","content":""},{"bookID":"15","name":"Dịch Kinh","specialtyID":"2","star":"2","aptitude":"2","content":""},{"bookID":"16","name":"Trang Tử","specialtyID":"2","star":"3","aptitude":"3","content":""},{"bookID":"17","name":"Quy Điền Phú","specialtyID":"2","star":"3","aptitude":"3","content":""},{"bookID":"18","name":"Đáp Khách Nan","specialtyID":"2","star":"3","aptitude":"3","content":""},{"bookID":"19","name":"Báo Nhậm Thiếu Khanh Thư","specialtyID":"2","star":"3","aptitude":"3","content":""},{"bookID":"20","name":"Ức Trai Thi Tập","specialtyID":"2","star":"4","aptitude":"4","content":""},{"bookID":"21","name":"Mạnh Tử","specialtyID":"2","star":"4","aptitude":"4","content":""},{"bookID":"22","name":"Văn Trình Toàn Tập","specialtyID":"2","star":"4","aptitude":"4","content":""},{"bookID":"23","name":"Tứ Khố Toàn Thư","specialtyID":"2","star":"5","aptitude":"5","content":""},{"bookID":"24","name":"Luận Ngữ","specialtyID":"2","star":"5","aptitude":"5","content":""},{"bookID":"25","name":"Đạo Trị quốc","specialtyID":"2","star":"5","aptitude":"5","content":""},{"bookID":"26","name":"Linh Hiến","specialtyID":"2","star":"5","aptitude":"5","content":""},{"bookID":"27","name":"Thập Tiệm Bất Khắc Chung Sơ","specialtyID":"2","star":"5","aptitude":"5","content":""},{"bookID":"28","name":"Sử Ký","specialtyID":"2","star":"6","aptitude":"6","content":""},{"bookID":"29","name":"Đại Học","specialtyID":"3","star":"1","aptitude":"1","content":""},{"bookID":"30","name":"Thư Kinh","specialtyID":"3","star":"2","aptitude":"2","content":""},{"bookID":"31","name":"Ngũ Đại Sử","specialtyID":"3","star":"3","aptitude":"3","content":""},{"bookID":"32","name":"Công Dương Truyện","specialtyID":"3","star":"3","aptitude":"3","content":""},{"bookID":"33","name":"Chiết Giang Thông Chí","specialtyID":"3","star":"3","aptitude":"3","content":""},{"bookID":"34","name":"Tả Truyện","specialtyID":"3","star":"4","aptitude":"4","content":""},{"bookID":"35","name":"Vương Lâm Xuyên Tập","specialtyID":"3","star":"4","aptitude":"4","content":""},{"bookID":"36","name":"Thạch Am Thi Tập","specialtyID":"3","star":"4","aptitude":"4","content":""},{"bookID":"37","name":"Trần Thư","specialtyID":"3","star":"4","aptitude":"4","content":""},{"bookID":"38","name":"Tô Tử","specialtyID":"3","star":"5","aptitude":"5","content":""},{"bookID":"39","name":"Tân Đường Thư","specialtyID":"3","star":"5","aptitude":"5","content":""},{"bookID":"40","name":"Xuân Thu","specialtyID":"3","star":"5","aptitude":"5","content":""},{"bookID":"41","name":"Hi Ninh Biến Pháp","specialtyID":"3","star":"5","aptitude":"5","content":""},{"bookID":"42","name":"Luận Định thiên cổ","specialtyID":"3","star":"5","aptitude":"5","content":""},{"bookID":"43","name":"Gián Thái Tông Thập Tư Sơ","specialtyID":"3","star":"5","aptitude":"5","content":""},{"bookID":"44","name":"Nghi Lễ","specialtyID":"4","star":"1","aptitude":"1","content":""},{"bookID":"45","name":"Chu Lễ","specialtyID":"4","star":"2","aptitude":"2","content":""},{"bookID":"46","name":"Bắc Chinh","specialtyID":"4","star":"2","aptitude":"2","content":""},{"bookID":"47","name":"Trung Dung","specialtyID":"4","star":"3","aptitude":"3","content":""},{"bookID":"48","name":"Túy Ông Đình Ký","specialtyID":"4","star":"3","aptitude":"3","content":""},{"bookID":"49","name":"Tĩnh Dạ Tư","specialtyID":"4","star":"3","aptitude":"3","content":""},{"bookID":"50","name":"Thương Trọng Vĩnh","specialtyID":"4","star":"3","aptitude":"3","content":""},{"bookID":"51","name":"Thủy Điều Ca Đầu","specialtyID":"4","star":"3","aptitude":"3","content":""},{"bookID":"52","name":"Xuân Vọng","specialtyID":"4","star":"3","aptitude":"3","content":""},{"bookID":"53","name":"Lễ Ký","specialtyID":"4","star":"4","aptitude":"4","content":""},{"bookID":"54","name":"Bản Kiều Toàn Tập","specialtyID":"4","star":"4","aptitude":"4","content":""},{"bookID":"55","name":"Thi Kinh","specialtyID":"4","star":"5","aptitude":"5","content":""},{"bookID":"56","name":"Đỗ Công Bộ Tập","specialtyID":"4","star":"5","aptitude":"5","content":""},{"bookID":"57","name":"Thục Đạo Nan","specialtyID":"4","star":"5","aptitude":"5","content":""},{"bookID":"58","name":"Đông Pha Thất Tập","specialtyID":"4","star":"5","aptitude":"5","content":""},{"bookID":"59","name":"Trần Gia Từ","specialtyID":"4","star":"5","aptitude":"5","content":""},{"bookID":"60","name":"Khúc Ca Trước Lúc Lâm Trận","specialtyID":"4","star":"5","aptitude":"5","content":""},{"bookID":"61","name":"Hồng Lâu Mộng","specialtyID":"4","star":"6","aptitude":"6","content":""},{"bookID":"62","name":"Thế Tông Thực Lục","specialtyID":"3","star":"4","aptitude":"4","content":""},{"bookID":"63","name":"Đại Thanh Hội Điển","specialtyID":"3","star":"5","aptitude":"5","content":""},{"bookID":"64","name":"Sơ Nguyệt Thiếp","specialtyID":"4","star":"4","aptitude":"4","content":""},{"bookID":"65","name":"Lan Đình Tập Tự","specialtyID":"4","star":"5","aptitude":"5","content":""},{"bookID":"66","name":"Thần Tiễn Thuật","specialtyID":"1","star":"4","aptitude":"4","content":""},{"bookID":"67","name":"Phi Tương Quân","specialtyID":"1","star":"5","aptitude":"5","content":""},{"bookID":"68","name":"Thương Đạo","specialtyID":"2","star":"5","aptitude":"5","content":""},{"bookID":"69","name":"36 Kế","specialtyID":"1","star":"5","aptitude":"5","content":""},{"bookID":"70","name":"Binh Pháp Tôn Tử","specialtyID":"1","star":"6","aptitude":"6","content":""},{"bookID":"71","name":"Bách Gia Tranh Minh","specialtyID":"1","star":"4","aptitude":"4","content":""},{"bookID":"72","name":"Binh Gia","specialtyID":"1","star":"3","aptitude":"3","content":""},{"bookID":"73","name":"Mộc Lan Từ","specialtyID":"1","star":"5","aptitude":"5","content":""},{"bookID":"74","name":"Nữ Anh Hùng","specialtyID":"1","star":"3","aptitude":"3","content":""},{"bookID":"75","name":"Phá Thiên Môn Trận","specialtyID":"1","star":"5","aptitude":"5","content":""},{"bookID":"76","name":"Trinh Đức Thánh Nữ","specialtyID":"1","star":"5","aptitude":"5","content":""},{"bookID":"77","name":"Báo Quốc Thư.","specialtyID":"1","star":"5","aptitude":"5","content":""},{"bookID":"78","name":"Khí Tiết Anh Hùng","specialtyID":"1","star":"5","aptitude":"5","content":""},{"bookID":"79","name":"Tru Sát Trung Lương","specialtyID":"1","star":"5","aptitude":"5","content":""},{"bookID":"80","name":"Bắc Chinh Kỷ Thực","specialtyID":"3","star":"3","aptitude":"3","content":""},{"bookID":"81","name":"Kiêu Hùng đương đạo","specialtyID":"3","star":"4","aptitude":"4","content":""},{"bookID":"82","name":"Vong Tần Họa Thủ","specialtyID":"1","star":"5","aptitude":"5","content":""},{"bookID":"83","name":"Ái Lịch Thiên","specialtyID":"3","star":"3","aptitude":"3","content":""},{"bookID":"84","name":"Yêm Thần Loạn Chính","specialtyID":"1","star":"5","aptitude":"5","content":""},{"bookID":"85","name":"Tịch Tà Kiếm Phổ","specialtyID":"1","star":"6","aptitude":"6","content":""},{"bookID":"86","name":"Xưng Hùng Tây Vực","specialtyID":"1","star":"5","aptitude":"5","content":""},{"bookID":"87","name":"Hô Đồ Khắc Đồ","specialtyID":"2","star":"5","aptitude":"5","content":""},{"bookID":"88","name":"Thủ Lĩnh Bộ Lạc","specialtyID":"3","star":"5","aptitude":"5","content":""},{"bookID":"89","name":"Bác Thạc Khắc Đồ Hãn","specialtyID":"4","star":"5","aptitude":"5","content":""},{"bookID":"90","name":"Thần Hành Bách Biến","specialtyID":"1","star":"4","aptitude":"4","content":""},{"bookID":"91","name":"Cổ Kim Bình Định Lược","specialtyID":"1","star":"5","aptitude":"5","content":""},{"bookID":"92","name":"Phủ Viễn Đại Tương Quân","specialtyID":"1","star":"5","aptitude":"5","content":""},{"bookID":"93","name":"Hổ Môn Tiêu Yên","specialtyID":"1","star":"5","aptitude":"5","content":""},{"bookID":"94","name":"Hải Quốc Đồ Chí","specialtyID":"4","star":"3","aptitude":"3","content":""},{"bookID":"95","name":"Bản Thảo Thơ Ca","specialtyID":"4","star":"2","aptitude":"2","content":""},{"bookID":"96","name":"Phụ Chính Đại Thần","specialtyID":"3","star":"5","aptitude":"5","content":""},{"bookID":"97","name":"Tam Triều Thánh Huấn","specialtyID":"2","star":"5","aptitude":"5","content":""},{"bookID":"98","name":"Mao Đình Khách Thoại","specialtyID":"4","star":"4","aptitude":"4","content":""},{"bookID":"99","name":"Giới Am Thảo","specialtyID":"4","star":"5","aptitude":"5","content":""},{"bookID":"100","name":"Đại Bại Đan Vu","specialtyID":"1","star":"6","aptitude":"6","content":""},{"bookID":"101","name":"Mã Đạp Hung Nô","specialtyID":"1","star":"6","aptitude":"6","content":""},{"bookID":"102","name":"Tây Chinh","specialtyID":"1","star":"4","aptitude":"4","content":""},{"bookID":"103","name":"Hoắc Tương Quân","specialtyID":"4","star":"5","aptitude":"5","content":""},{"bookID":"104","name":"Hồ Vô Nhân","specialtyID":"4","star":"4","aptitude":"4","content":""},{"bookID":"105","name":"Hịch Tướng Sĩ","specialtyID":"1","star":"7","aptitude":"7","content":""},{"bookID":"106","name":"Bạt Sơn Cử Đỉnh","specialtyID":"1","star":"6","aptitude":"6","content":""},{"bookID":"107","name":"Binh thư yếu lược","specialtyID":"1","star":"5","aptitude":"5","content":""},{"bookID":"108","name":"Trảm Xà Khởi Nghĩa","specialtyID":"1","star":"7","aptitude":"7","content":""},{"bookID":"109","name":"Hán Cao Tổ","specialtyID":"1","star":"6","aptitude":"6","content":""},{"bookID":"110","name":"Nhập Quan Diệt Tần","specialtyID":"1","star":"5","aptitude":"5","content":""},{"bookID":"111","name":"Phá Phủ Trầm Chu","specialtyID":"2","star":"6","aptitude":"6","content":""},{"bookID":"112","name":"Lâm Chung Di Chúc","specialtyID":"2","star":"5","aptitude":"5","content":""},{"bookID":"113","name":"Ước Pháp Tam Chương","specialtyID":"2","star":"6","aptitude":"6","content":""},{"bookID":"114","name":"Ám Độ Trần Thương","specialtyID":"2","star":"5","aptitude":"5","content":""},{"bookID":"115","name":"鸿门宴","specialtyID":"3","star":"5","aptitude":"5","content":""},{"bookID":"116","name":"Sở Hán Chi Tranh","specialtyID":"3","star":"6","aptitude":"6","content":""},{"bookID":"117","name":"Quốc Công Tiết Chế","specialtyID":"4","star":"5","aptitude":"5","content":""},{"bookID":"118","name":"Đại Phong Ca","specialtyID":"4","star":"7","aptitude":"7","content":""},{"bookID":"119","name":"Hồng Hộc Ca","specialtyID":"4","star":"6","aptitude":"6","content":""},{"bookID":"120","name":"Lễ Hiền Hạ Sĩ","specialtyID":"4","star":"5","aptitude":"5","content":""},{"bookID":"121","name":"Kim Chung Tráo","specialtyID":"1","star":"5","aptitude":"5","content":""},{"bookID":"122","name":"Mãn Châu Dũng Sĩ","specialtyID":"1","star":"4","aptitude":"4","content":""},{"bookID":"123","name":"Tái Thế Chư Cát","specialtyID":"2","star":"5","aptitude":"5","content":""},{"bookID":"124","name":"Túc Trí Đa Mưu","specialtyID":"2","star":"4","aptitude":"4","content":""},{"bookID":"125","name":"嘉乐堂诗集","specialtyID":"2","star":"4","aptitude":"4","content":""},{"bookID":"126","name":"权势独揽","specialtyID":"3","star":"5","aptitude":"5","content":""},{"bookID":"127","name":"Thiếu Niên Anh Hùng","specialtyID":"1","star":"5","aptitude":"5","content":""},{"bookID":"128","name":"Ngọc Kỳ Lân","specialtyID":"1","star":"6","aptitude":"6","content":""},{"bookID":"129","name":"Nam Chinh Bắc Chiến","specialtyID":"1","star":"6","aptitude":"6","content":""},{"bookID":"130","name":"Nhập Vân Long","specialtyID":"1","star":"6","aptitude":"6","content":""},{"bookID":"131","name":"Báo Tử Đầu","specialtyID":"1","star":"6","aptitude":"6","content":""},{"bookID":"132","name":"Thất Tinh Thủ Cương","specialtyID":"1","star":"6","aptitude":"6","content":""},{"bookID":"133","name":"Trí Đa Tinh","specialtyID":"2","star":"6","aptitude":"6","content":""},{"bookID":"134","name":"Cao Đường Đấu Pháp","specialtyID":"4","star":"6","aptitude":"6","content":""},{"bookID":"135","name":"Thanh Danh Viễn Dương","specialtyID":"4","star":"6","aptitude":"6","content":""},{"bookID":"136","name":"Cập Thì Vũ","specialtyID":"4","star":"6","aptitude":"6","content":""},{"bookID":"137","name":"Trung Vũ Lang","specialtyID":"4","star":"6","aptitude":"6","content":""},{"bookID":"138","name":"Trí Thủ Sinh Thần Cương","specialtyID":"4","star":"5","aptitude":"5","content":""},{"bookID":"139","name":"Kháng Thục Bắc Phạt","specialtyID":"1","star":"7","aptitude":"7","content":""},{"bookID":"140","name":"Bình Định Liêu Đông","specialtyID":"1","star":"6","aptitude":"6","content":""},{"bookID":"141","name":"Đuổi Địch Chinh Ngô","specialtyID":"1","star":"5","aptitude":"5","content":""},{"bookID":"142","name":"Thống Nhất Mông Cổ","specialtyID":"1","star":"8","aptitude":"8","content":""},{"bookID":"143","name":"Tam Lộ Công Kim","specialtyID":"1","star":"7","aptitude":"7","content":""},{"bookID":"144","name":"Chinh Phạt Tứ Phương","specialtyID":"1","star":"6","aptitude":"6","content":""},{"bookID":"145","name":"Thập Tam Dực Chiến","specialtyID":"1","star":"5","aptitude":"5","content":""},{"bookID":"146","name":"Cuộc Chiến Tây Hạ","specialtyID":"1","star":"5","aptitude":"5","content":""},{"bookID":"147","name":"Tần Diệt Lục Quốc","specialtyID":"1","star":"8","aptitude":"8","content":""},{"bookID":"148","name":"Khai Cương Thác Thổ","specialtyID":"1","star":"7","aptitude":"7","content":""},{"bookID":"149","name":"Hùng Quan Vạn Lý","specialtyID":"1","star":"6","aptitude":"6","content":""},{"bookID":"150","name":"Nam Bình Bách Việt","specialtyID":"1","star":"5","aptitude":"5","content":""},{"bookID":"151","name":"Bắc Kích Hung Nô","specialtyID":"1","star":"5","aptitude":"5","content":""},{"bookID":"152","name":"Kỳ Sách Thiện Mưu","specialtyID":"2","star":"7","aptitude":"7","content":""},{"bookID":"153","name":"Trí Cầm Mạnh Đạt","specialtyID":"2","star":"6","aptitude":"6","content":""},{"bookID":"154","name":"Đắc Lũng Vọng Thục","specialtyID":"2","star":"6","aptitude":"6","content":""},{"bookID":"155","name":"Bội Đạo Nhi Hành","specialtyID":"2","star":"5","aptitude":"5","content":""},{"bookID":"156","name":"Đẩy Lui Nguy Hiểm","specialtyID":"2","star":"5","aptitude":"5","content":""},{"bookID":"157","name":"Úy Ngột Tự Thư","specialtyID":"2","star":"6","aptitude":"6","content":""},{"bookID":"158","name":"Đại Pháp Lệnh","specialtyID":"2","star":"5","aptitude":"5","content":""},{"bookID":"159","name":"Nhạc Phủ","specialtyID":"2","star":"2","aptitude":"2","content":""},{"bookID":"160","name":"Phần Thư Khanh Nho","specialtyID":"2","star":"8","aptitude":"8","content":""},{"bookID":"161","name":"Thủy Hoàng Bản Kỷ","specialtyID":"2","star":"7","aptitude":"7","content":""},{"bookID":"162","name":"Thư Đồng Văn","specialtyID":"2","star":"6","aptitude":"6","content":""},{"bookID":"163","name":"Hùng Tài Đại Lược","specialtyID":"2","star":"5","aptitude":"5","content":""},{"bookID":"164","name":"Giá Không Ngụy Thất","specialtyID":"3","star":"6","aptitude":"6","content":""},{"bookID":"165","name":"Phụ Chính Bình Loạn","specialtyID":"3","star":"5","aptitude":"5","content":""},{"bookID":"166","name":"Pháp Điển Thành Cát Tư Hãn","specialtyID":"3","star":"8","aptitude":"8","content":""},{"bookID":"167","name":"Đại Mông Cổ Quốc","specialtyID":"3","star":"7","aptitude":"7","content":""},{"bookID":"168","name":"Trát Tát Đại Điển","specialtyID":"3","star":"6","aptitude":"6","content":""},{"bookID":"169","name":"Tự Do Tín Ngưỡng","specialtyID":"3","star":"6","aptitude":"6","content":""},{"bookID":"170","name":"Kiến Hào Xưng Hãn","specialtyID":"3","star":"5","aptitude":"5","content":""},{"bookID":"171","name":"Chí Cao Hoàng Quyền","specialtyID":"3","star":"8","aptitude":"8","content":""},{"bookID":"172","name":"Tam Công Cửu Khanh","specialtyID":"3","star":"7","aptitude":"7","content":""},{"bookID":"173","name":"Phong Thiền Thái Sơn","specialtyID":"3","star":"6","aptitude":"6","content":""},{"bookID":"174","name":"Chí Vu Thiên Hạ","specialtyID":"3","star":"5","aptitude":"5","content":""},{"bookID":"175","name":"Ưng Thị Lang Cố","specialtyID":"4","star":"6","aptitude":"6","content":""},{"bookID":"176","name":"Tam Mã Đồng Tào","specialtyID":"4","star":"5","aptitude":"5","content":""},{"bookID":"177","name":"Nhất Đại Thiên Kiêu","specialtyID":"4","star":"6","aptitude":"6","content":""},{"bookID":"178","name":"Nguyên Thái Tổ","specialtyID":"4","star":"5","aptitude":"5","content":""},{"bookID":"179","name":"Tần Thủy Hoàng","specialtyID":"4","star":"8","aptitude":"8","content":""},{"bookID":"180","name":"Tuần Du Cầu Tiên","specialtyID":"4","star":"7","aptitude":"7","content":""},{"bookID":"181","name":"Hòa Thị Bích","specialtyID":"4","star":"6","aptitude":"6","content":""},{"bookID":"182","name":"Tượng Binh Mã","specialtyID":"4","star":"5","aptitude":"5","content":""},{"bookID":"183","name":"Tầm Long Điểm Huyệt","specialtyID":"1","star":"5","aptitude":"5","content":""},{"bookID":"184","name":"Mạc Kim Quyết","specialtyID":"2","star":"5","aptitude":"5","content":""},{"bookID":"185","name":"Bàn Sơn Thiệp Thủy","specialtyID":"3","star":"5","aptitude":"5","content":""},{"bookID":"186","name":"Kim Ngọc Kích Minh","specialtyID":"4","star":"5","aptitude":"5","content":""},{"bookID":"187","name":"Bá Vương Thương Đường Gia","specialtyID":"1","star":"5","aptitude":"5","content":""},{"bookID":"188","name":"Đường Gia Bá Vương Thương","specialtyID":"1","star":"5","aptitude":"5","content":""},{"bookID":"189","name":"Duyệt Vi Thảo Đường ghi chép","specialtyID":"2","star":"5","aptitude":"5","content":""},{"bookID":"190","name":"Tể Tướng Nùng Mặc","specialtyID":"3","star":"5","aptitude":"5","content":""},{"bookID":"191","name":"Hinh Đồ Lan Trúc Phương","specialtyID":"4","star":"5","aptitude":"5","content":""},{"bookID":"192","name":"Phú Tây Hán","specialtyID":"2","star":"5","aptitude":"5","content":""},{"bookID":"193","name":"Mang Sơn Đại Tiệp","specialtyID":"1","star":"5","aptitude":"5","content":""},{"bookID":"194","name":"Binh Tiên Thần Soái","specialtyID":"1","star":"5","aptitude":"5","content":""},{"bookID":"195","name":"Quyền Khuynh Thiên Hạ","specialtyID":"3","star":"5","aptitude":"5","content":""},{"bookID":"196","name":"Đổi Trắng Thay Đen","specialtyID":"3","star":"5","aptitude":"5","content":""},{"bookID":"197","name":"Khom Lưng Uốn Gối","specialtyID":"3","star":"5","aptitude":"5","content":""},{"bookID":"198","name":"Lạm Quyền Hại Nước","specialtyID":"3","star":"5","aptitude":"5","content":""},{"bookID":"199","name":"Đại Nghĩa Thiên Hạ","specialtyID":"1","star":"9","aptitude":"9","content":""},{"bookID":"200","name":"Học Phái Mặc Gia","specialtyID":"1","star":"8","aptitude":"8","content":""},{"bookID":"201","name":"Bộ Hành Thiên Hạ","specialtyID":"1","star":"7","aptitude":"7","content":""},{"bookID":"202","name":"Cổ Hủ Bảo Thủ","specialtyID":"1","star":"6","aptitude":"6","content":""},{"bookID":"203","name":"Chết Không Do Dự","specialtyID":"1","star":"5","aptitude":"5","content":""},{"bookID":"204","name":"Mặc Tử","specialtyID":"2","star":"8","aptitude":"8","content":""},{"bookID":"205","name":"Kiến Thức Uyên Bác","specialtyID":"2","star":"7","aptitude":"7","content":""},{"bookID":"206","name":"Quân Tử Phi Lạc","specialtyID":"2","star":"6","aptitude":"6","content":""},{"bookID":"207","name":"Nỗ Lực Không Ngừng","specialtyID":"2","star":"5","aptitude":"5","content":""},{"bookID":"208","name":"Thiên Chí Minh Quỉ","specialtyID":"3","star":"8","aptitude":"8","content":""},{"bookID":"209","name":"Có Đức Có Tài","specialtyID":"3","star":"7","aptitude":"7","content":""},{"bookID":"210","name":"Tiết Kiệm Là Quốc Sách","specialtyID":"3","star":"6","aptitude":"6","content":""},{"bookID":"211","name":"Trọng Dụng Hiền Tài","specialtyID":"3","star":"5","aptitude":"5","content":""},{"bookID":"212","name":"Mặc Gia Cư Tử","specialtyID":"4","star":"8","aptitude":"8","content":""},{"bookID":"213","name":"Ngăn Sở Công Tống","specialtyID":"4","star":"7","aptitude":"7","content":""},{"bookID":"214","name":"Trí Tại Bốn Phương","specialtyID":"4","star":"6","aptitude":"6","content":""},{"bookID":"215","name":"Nhân Sĩ Áo Vải","specialtyID":"4","star":"5","aptitude":"5","content":""},{"bookID":"216","name":"Vạn Vật Chúng Sinh","specialtyID":"1","star":"8","aptitude":"8","content":""},{"bookID":"217","name":"Phân Biệt Phải Trái","specialtyID":"1","star":"7","aptitude":"7","content":""},{"bookID":"218","name":"Hoạn Nạn Có Nhau","specialtyID":"1","star":"6","aptitude":"6","content":""},{"bookID":"219","name":"Không So Hơn Thiệt","specialtyID":"1","star":"5","aptitude":"5","content":""},{"bookID":"220","name":"Đạo Đức Kinh","specialtyID":"2","star":"9","aptitude":"9","content":""},{"bookID":"221","name":"Đạo Pháp Tự Nhiên","specialtyID":"2","star":"8","aptitude":"8","content":""},{"bookID":"222","name":"Khổng Tử Vấn Lễ","specialtyID":"2","star":"7","aptitude":"7","content":""},{"bookID":"223","name":"Hàm Lộc Soạn Sách","specialtyID":"2","star":"6","aptitude":"6","content":""},{"bookID":"224","name":"Thuận Đường Mà Đi","specialtyID":"2","star":"5","aptitude":"5","content":""},{"bookID":"225","name":"Vô Vị Trị Quốc","specialtyID":"3","star":"9","aptitude":"9","content":""},{"bookID":"226","name":"Người Khôn Giả Ngu","specialtyID":"3","star":"8","aptitude":"8","content":""},{"bookID":"227","name":"Tu thân dưỡng đức","specialtyID":"3","star":"7","aptitude":"7","content":""},{"bookID":"228","name":"Công Thành Danh Toại","specialtyID":"3","star":"6","aptitude":"6","content":""},{"bookID":"229","name":"Người Không Sang Hèn","specialtyID":"3","star":"5","aptitude":"5","content":""},{"bookID":"230","name":"Sáng Lập Đạo Giáo","specialtyID":"4","star":"9","aptitude":"9","content":""},{"bookID":"231","name":"Không Màng Sự Đời","specialtyID":"4","star":"8","aptitude":"8","content":""},{"bookID":"232","name":"Học Cách Thỏa Mãn","specialtyID":"4","star":"7","aptitude":"7","content":""},{"bookID":"233","name":"Không Màng Sống Chết","specialtyID":"4","star":"6","aptitude":"6","content":""},{"bookID":"234","name":"Không Có Dục Vọng","specialtyID":"4","star":"5","aptitude":"5","content":""},{"bookID":"235","name":"Thanh Long Yển Nguyệt Đao","specialtyID":"1","star":"7","aptitude":"7","content":""},{"bookID":"236","name":"Thất Quân Thủy Yêm","specialtyID":"2","star":"5","aptitude":"5","content":""},{"bookID":"237","name":"Trượng Bát Xà Mâu","specialtyID":"1","star":"6","aptitude":"6","content":""},{"bookID":"238","name":"Thô Trung Hữu Tế","specialtyID":"2","star":"5","aptitude":"5","content":""},{"bookID":"239","name":"Cẩm Mã Siêu","specialtyID":"1","star":"6","aptitude":"6","content":""},{"bookID":"240","name":"Trí Dũng Siêu Quần","specialtyID":"1","star":"5","aptitude":"5","content":""},{"bookID":"241","name":"Lâm Mạt Thượng Sơ","specialtyID":"2","star":"5","aptitude":"5","content":""},{"bookID":"242","name":"Bách Bộ Xuyên Dương","specialtyID":"1","star":"6","aptitude":"6","content":""},{"bookID":"243","name":"Định Quân Dương Uy","specialtyID":"2","star":"5","aptitude":"5","content":""},{"bookID":"244","name":"Tướng Quân Bách Thắng","specialtyID":"1","star":"6","aptitude":"6","content":""},{"bookID":"245","name":"Can Đảm Bất Khuất","specialtyID":"1","star":"5","aptitude":"5","content":""},{"bookID":"246","name":"Đan Kỵ Cứu Chủ","specialtyID":"2","star":"5","aptitude":"5","content":""},{"bookID":"247","name":"Bạch Mã Ngân Thương","specialtyID":"4","star":"5","aptitude":"5","content":""},{"bookID":"248","name":"Âm dương tương nhập","specialtyID":"1","star":"7","aptitude":"7","content":""},{"bookID":"249","name":"Kính Binh Đạo","specialtyID":"2","star":"5","aptitude":"5","content":""},{"bookID":"250","name":"Chinh Chiến Năm Châu","specialtyID":"1","star":"6","aptitude":"6","content":""},{"bookID":"251","name":"Từ Thế Ca","specialtyID":"2","star":"5","aptitude":"5","content":""},{"bookID":"252","name":"武振彦命","specialtyID":"1","star":"6","aptitude":"6","content":""},{"bookID":"253","name":"Một Mắt","specialtyID":"1","star":"5","aptitude":"5","content":""},{"bookID":"254","name":"梵天丸","specialtyID":"2","star":"5","aptitude":"5","content":""},{"bookID":"255","name":"Loạn Thế Cô Chủ","specialtyID":"1","star":"6","aptitude":"6","content":""},{"bookID":"256","name":"Phật Nho Hợp Nhất","specialtyID":"2","star":"5","aptitude":"5","content":""},{"bookID":"257","name":"天下布武","specialtyID":"1","star":"6","aptitude":"6","content":""},{"bookID":"258","name":"裘灭今川","specialtyID":"1","star":"5","aptitude":"5","content":""},{"bookID":"259","name":"大巧若拙","specialtyID":"2","star":"5","aptitude":"5","content":""},{"bookID":"260","name":"弓马娴熟","specialtyID":"4","star":"5","aptitude":"5","content":""},{"bookID":"261","name":"Rìu Khắc Hoa","specialtyID":"1","star":"6","aptitude":"6","content":""},{"bookID":"262","name":"Túc Quốc Công","specialtyID":"2","star":"5","aptitude":"5","content":""},{"bookID":"263","name":"Xông Trận Chém Tướng","specialtyID":"1","star":"6","aptitude":"6","content":""},{"bookID":"264","name":"Không Hề Sợ Chết","specialtyID":"1","star":"5","aptitude":"5","content":""},{"bookID":"265","name":"Tả Môn Thần","specialtyID":"2","star":"5","aptitude":"5","content":""},{"bookID":"266","name":"Phá Chu Diệt Hạ","specialtyID":"1","star":"6","aptitude":"6","content":""},{"bookID":"267","name":"Hữu Môn Thần","specialtyID":"2","star":"5","aptitude":"5","content":""},{"bookID":"268","name":"Lãnh Diện Hàn Thương","specialtyID":"1","star":"6","aptitude":"6","content":""},{"bookID":"269","name":"Hồi Mã Thương","specialtyID":"1","star":"5","aptitude":"5","content":""},{"bookID":"270","name":"Đoạt Hồn Dương Châu","specialtyID":"2","star":"5","aptitude":"5","content":""},{"bookID":"271","name":"Tiêu La Thành","specialtyID":"4","star":"5","aptitude":"5","content":""},{"bookID":"272","name":"Chí Thánh Tiên Sư","specialtyID":"1","star":"9","aptitude":"9","content":""},{"bookID":"273","name":"Ngao Du Thiên Hạ","specialtyID":"1","star":"8","aptitude":"8","content":""},{"bookID":"274","name":"Làm Quan Hiệu Đính","specialtyID":"1","star":"7","aptitude":"7","content":""},{"bookID":"275","name":"Dạy Bảo Không Biết Mệt","specialtyID":"1","star":"6","aptitude":"6","content":""},{"bookID":"276","name":"Sống Chết Có Số","specialtyID":"1","star":"5","aptitude":"5","content":""},{"bookID":"277","name":"Thánh Văn","specialtyID":"2","star":"9","aptitude":"9","content":""},{"bookID":"278","name":"Nho Giáo","specialtyID":"2","star":"8","aptitude":"8","content":""},{"bookID":"279","name":"Ôn Lại Kiến Thức","specialtyID":"2","star":"7","aptitude":"7","content":""},{"bookID":"280","name":"Thông Minh Lương Thiện","specialtyID":"2","star":"6","aptitude":"6","content":""},{"bookID":"281","name":"Thiên Hạ Một Nhà","specialtyID":"3","star":"9","aptitude":"9","content":""},{"bookID":"282","name":"Thiên Hạ Công Bằng","specialtyID":"3","star":"8","aptitude":"8","content":""},{"bookID":"283","name":"Yêu Nước Thương Dân","specialtyID":"3","star":"7","aptitude":"7","content":""},{"bookID":"284","name":"Lấy Đức Trị Quốc","specialtyID":"3","star":"6","aptitude":"6","content":""},{"bookID":"285","name":"Lấy Dân Làm Gốc","specialtyID":"3","star":"5","aptitude":"5","content":""},{"bookID":"286","name":"Gương Sáng Muôn Đời","specialtyID":"4","star":"9","aptitude":"9","content":""},{"bookID":"287","name":"Kinh Bang Tế Thế","specialtyID":"4","star":"8","aptitude":"8","content":""},{"bookID":"288","name":"Dù Nghèo Nhưng Vẫn Lạc Quan","specialtyID":"4","star":"7","aptitude":"7","content":""},{"bookID":"289","name":"Không Mờ Mắt Vì Tiền","specialtyID":"4","star":"6","aptitude":"6","content":""},{"bookID":"290","name":"Không Phân Sang Hèn","specialtyID":"4","star":"5","aptitude":"5","content":""},{"bookID":"291","name":"Song Cổ Kiếm","specialtyID":"1","star":"5","aptitude":"5","content":""},{"bookID":"292","name":"Trí Nhân Thiện Nhiệm","specialtyID":"4","star":"5","aptitude":"5","content":""},{"bookID":"293","name":"Thay Cha Tòng Quân","specialtyID":"1","star":"5","aptitude":"5","content":""},{"bookID":"294","name":"Nữ Trung Hào Kiệt","specialtyID":"1","star":"5","aptitude":"5","content":""},{"bookID":"295","name":"Nữ Tướng Quân","specialtyID":"1","star":"5","aptitude":"5","content":""},{"bookID":"296","name":"Chinh Tây Đại Nguyên Soái","specialtyID":"1","star":"5","aptitude":"5","content":""},{"bookID":"297","name":"Cổ Chiến Kim Sơn","specialtyID":"1","star":"5","aptitude":"5","content":""},{"bookID":"298","name":"王爵青史","specialtyID":"1","star":"6","aptitude":"6","content":""},{"bookID":"299","name":"帝王列传","specialtyID":"1","star":"7","aptitude":"7","content":""},{"bookID":"300","name":"Thanh Lương Quyết","specialtyID":"4","star":"1","aptitude":"1","content":""},{"bookID":"301","name":"Đông Nam Ngọa Long","specialtyID":"1","star":"2","aptitude":"2","content":""},{"bookID":"302","name":"Phòng vệ an toàn","specialtyID":"1","star":"5","aptitude":"5","content":""},{"bookID":"303","name":"Thương quái","specialtyID":"2","star":"6","aptitude":"6","content":""},{"bookID":"304","name":"Nông phu kiêm kinh doanh","specialtyID":"2","star":"5","aptitude":"5","content":""},{"bookID":"305","name":"Hưng Việt diệt Ngô","specialtyID":"3","star":"5","aptitude":"5","content":""},{"bookID":"306","name":"Thần tài văn","specialtyID":"4","star":"5","aptitude":"5","content":""},{"bookID":"307","name":"北战山戎","specialtyID":"1","star":"5","aptitude":"5","content":""},{"bookID":"308","name":"衡山之谋","specialtyID":"2","star":"5","aptitude":"5","content":""},{"bookID":"309","name":"尊王攘夷","specialtyID":"3","star":"6","aptitude":"6","content":""},{"bookID":"310","name":"富国强兵","specialtyID":"3","star":"5","aptitude":"5","content":""},{"bookID":"311","name":"管鲍之交","specialtyID":"4","star":"5","aptitude":"5","content":""},{"bookID":"312","name":"丰国大明神","specialtyID":"1","star":"5","aptitude":"5","content":""},{"bookID":"313","name":"太政大臣","specialtyID":"3","star":"5","aptitude":"5","content":""},{"bookID":"314","name":"奇袭龙城","specialtyID":"1","star":"6","aptitude":"6","content":""},{"bookID":"315","name":"Dẫn Tinh Quán Trận","specialtyID":"2","star":"4","aptitude":"4","content":""},{"bookID":"316","name":"玉面星目","specialtyID":"4","star":"3","aptitude":"3","content":""},{"bookID":"317","name":"Phong Nguyệt Bảo Giám","specialtyID":"4","star":"2","aptitude":"2","content":""},{"bookID":"318","name":"Mộng Trảm Kính Hà Long","specialtyID":"1","star":"5","aptitude":"5","content":""},{"bookID":"319","name":"Thanh Vân Khách","specialtyID":"2","star":"2","aptitude":"2","content":""},{"bookID":"320","name":"Phong Cao Lượng Tiết","specialtyID":"2","star":"2","aptitude":"2","content":""},{"bookID":"321","name":"武力资质","specialtyID":"1","star":"1","aptitude":"1","content":""},{"bookID":"322","name":"智力资质","specialtyID":"2","star":"1","aptitude":"1","content":""},{"bookID":"323","name":"政治资质","specialtyID":"3","star":"1","aptitude":"1","content":""},{"bookID":"324","name":"魅力资质","specialtyID":"4","star":"1","aptitude":"1","content":""},{"bookID":"325","name":"北齐战王","specialtyID":"1","star":"5","aptitude":"5","content":""},{"bookID":"326","name":"Thú đậu ái khuyển","specialtyID":"2","star":"3","aptitude":"3","content":""},{"bookID":"327","name":"Thanh sử Văn Trình truyện","specialtyID":"4","star":"3","aptitude":"3","content":""},{"bookID":"328","name":"齐书","specialtyID":"1","star":"2","aptitude":"2","content":""},{"bookID":"329","name":"Kỳ Phụ Thông Chí","specialtyID":"1","star":"3","aptitude":"3","content":""},{"bookID":"330","name":"封狼居胥","specialtyID":"1","star":"6","aptitude":"6","content":""},{"bookID":"331","name":"盛世帝纪","specialtyID":"2","star":"4","aptitude":"4","content":""},{"bookID":"332","name":"江山决","specialtyID":"2","star":"4","aptitude":"4","content":""},{"bookID":"333","name":"饮马翰海","specialtyID":"2","star":"3","aptitude":"3","content":""},{"bookID":"334","name":"龙缔令","specialtyID":"2","star":"3","aptitude":"3","content":""},{"bookID":"335","name":"不患无威","specialtyID":"3","star":"3","aptitude":"3","content":""},{"bookID":"336","name":"诗翰册","specialtyID":"3","star":"3","aptitude":"3","content":""},{"bookID":"337","name":"乾坤册","specialtyID":"3","star":"3","aptitude":"3","content":""},{"bookID":"338","name":"轩辕胄","specialtyID":"4","star":"3","aptitude":"3","content":""},{"bookID":"339","name":"九夜麒","specialtyID":"4","star":"1","aptitude":"1","content":""},{"bookID":"340","name":"皇墨","specialtyID":"3","star":"1","aptitude":"1","content":""},{"bookID":"341","name":"奥义弧月斩","specialtyID":"1","star":"5","aptitude":"5","content":""},{"bookID":"342","name":"胜利之刃","specialtyID":"1","star":"5","aptitude":"5","content":""},{"bookID":"343","name":"燕归","specialtyID":"1","star":"5","aptitude":"5","content":""},{"bookID":"344","name":"Lăng Vân Chí","specialtyID":"2","star":"5","aptitude":"5","content":""},{"bookID":"345","name":"福慧双修","specialtyID":"2","star":"4","aptitude":"4","content":""},{"bookID":"346","name":"财源广进","specialtyID":"2","star":"5","aptitude":"5","content":""},{"bookID":"347","name":"横戈跃马","specialtyID":"1","star":"4","aptitude":"4","content":""},{"bookID":"348","name":"天魔封神斩","specialtyID":"1","star":"4","aptitude":"4","content":""},{"bookID":"349","name":"飞鹰急袭","specialtyID":"1","star":"4","aptitude":"4","content":""},{"bookID":"350","name":"居合斩","specialtyID":"1","star":"4","aptitude":"4","content":""},{"bookID":"351","name":"Tướng của sáu nước","specialtyID":"4","star":"4","aptitude":"4","content":""},{"bookID":"352","name":"Hiệp Can Nghĩa Đảm","specialtyID":"1","star":"3","aptitude":"3","content":""},{"bookID":"353","name":"Sách Bắc Tề","specialtyID":"2","star":"4","aptitude":"4","content":""},{"bookID":"354","name":"Cát Vận Hồng Thông","specialtyID":"3","star":"1","aptitude":"1","content":""},{"bookID":"355","name":"Cẩm Phúc Bảo Giám","specialtyID":"1","star":"5","aptitude":"5","content":""},{"bookID":"356","name":"Ngũ Phúc Truyền Kí","specialtyID":"1","star":"5","aptitude":"5","content":""},{"bookID":"357","name":"Phượng Tú Cầu","specialtyID":"1","star":"5","aptitude":"5","content":""},{"bookID":"358","name":"Niên Truyền","specialtyID":"1","star":"5","aptitude":"5","content":""},{"bookID":"359","name":"Cát Tinh Chú Sớ","specialtyID":"1","star":"5","aptitude":"5","content":""},{"bookID":"360","name":"Nguyệt Giải Đăng Mê","specialtyID":"3","star":"4","aptitude":"4","content":""},{"bookID":"361","name":"武经七书卷一","specialtyID":"1","star":"1","aptitude":"1","content":""},{"bookID":"362","name":"圣经贤史传一","specialtyID":"2","star":"1","aptitude":"1","content":""},{"bookID":"363","name":"大清通典篇一","specialtyID":"3","star":"1","aptitude":"1","content":""},{"bookID":"364","name":"野史趣闻录一","specialtyID":"4","star":"1","aptitude":"1","content":""},{"bookID":"365","name":"武经七书卷二","specialtyID":"1","star":"2","aptitude":"2","content":""},{"bookID":"366","name":"圣经贤史传二","specialtyID":"2","star":"2","aptitude":"2","content":""},{"bookID":"367","name":"大清通典篇二","specialtyID":"3","star":"2","aptitude":"2","content":""},{"bookID":"368","name":"野史趣闻录二","specialtyID":"4","star":"2","aptitude":"2","content":""},{"bookID":"369","name":"武经七书卷三","specialtyID":"1","star":"3","aptitude":"3","content":""},{"bookID":"370","name":"圣经贤史传三","specialtyID":"2","star":"3","aptitude":"3","content":""},{"bookID":"371","name":"大清通典篇三","specialtyID":"3","star":"3","aptitude":"3","content":""},{"bookID":"372","name":"野史趣闻录三","specialtyID":"4","star":"3","aptitude":"3","content":""},{"bookID":"373","name":"武经七书卷四","specialtyID":"1","star":"4","aptitude":"4","content":""},{"bookID":"374","name":"圣经贤史传四","specialtyID":"2","star":"4","aptitude":"4","content":""},{"bookID":"375","name":"大清通典篇四","specialtyID":"3","star":"4","aptitude":"4","content":""},{"bookID":"376","name":"野史趣闻录四","specialtyID":"4","star":"4","aptitude":"4","content":""},{"bookID":"377","name":"武经七书卷五","specialtyID":"1","star":"5","aptitude":"5","content":""},{"bookID":"378","name":"圣经贤史传五","specialtyID":"2","star":"5","aptitude":"5","content":""},{"bookID":"379","name":"大清通典篇五","specialtyID":"3","star":"5","aptitude":"5","content":""},{"bookID":"380","name":"野史趣闻录五","specialtyID":"4","star":"5","aptitude":"5","content":""},{"bookID":"381","name":"武经七书卷六","specialtyID":"1","star":"6","aptitude":"6","content":""},{"bookID":"382","name":"圣经贤史传六","specialtyID":"2","star":"6","aptitude":"6","content":""},{"bookID":"383","name":"大清通典篇六","specialtyID":"3","star":"6","aptitude":"6","content":""},{"bookID":"384","name":"野史趣闻录六","specialtyID":"4","star":"6","aptitude":"6","content":""},{"bookID":"385","name":"Sinh Tử Khoát Khất","specialtyID":"4","star":"5","aptitude":"5","content":""},{"bookID":"386","name":"白马论","specialtyID":"4","star":"5","aptitude":"5","content":""},{"bookID":"387","name":"Ôn Tình Hiệp Cốt","specialtyID":"2","star":"3","aptitude":"3","content":""},{"bookID":"388","name":"射石搏虎","specialtyID":"1","star":"5","aptitude":"5","content":""},{"bookID":"389","name":"封冠军侯","specialtyID":"4","star":"5","aptitude":"5","content":""},{"bookID":"390","name":"万象更新","specialtyID":"2","star":"5","aptitude":"5","content":""},{"bookID":"391","name":"雨生百谷","specialtyID":"4","star":"3","aptitude":"3","content":""},{"bookID":"392","name":"竹林名士","specialtyID":"4","star":"7","aptitude":"7","content":""},{"bookID":"393","name":"至情至孝","specialtyID":"4","star":"7","aptitude":"7","content":""},{"bookID":"394","name":"高唐赋","specialtyID":"4","star":"7","aptitude":"7","content":""},{"bookID":"395","name":"正始之音","specialtyID":"4","star":"7","aptitude":"7","content":""},{"bookID":"396","name":"放浪形骸","specialtyID":"1","star":"6","aptitude":"6","content":""},{"bookID":"397","name":"藉田赋","specialtyID":"1","star":"6","aptitude":"6","content":""},{"bookID":"398","name":"阳春白雪","specialtyID":"1","star":"6","aptitude":"6","content":""},{"bookID":"399","name":"半神秀异","specialtyID":"1","star":"6","aptitude":"6","content":""},{"bookID":"400","name":"玉颜术","specialtyID":"1","star":"5","aptitude":"5","content":""},{"bookID":"401","name":"养生决","specialtyID":"1","star":"5","aptitude":"5","content":""},{"bookID":"402","name":"逆乾坤","specialtyID":"1","star":"1","aptitude":"1","content":""},{"bookID":"403","name":"Quỷ Bán Tàng","specialtyID":"1","star":"5","aptitude":"5","content":""},{"bookID":"404","name":"Lá cờ 5 chữ","specialtyID":"4","star":"5","aptitude":"5","content":""},{"bookID":"405","name":"铁打江山","specialtyID":"1","star":"4","aptitude":"4","content":""},{"bookID":"406","name":"不动如山","specialtyID":"1","star":"5","aptitude":"5","content":""},{"bookID":"407","name":"清隽雅致","specialtyID":"3","star":"2","aptitude":"2","content":""},{"bookID":"408","name":"酒圣遗泽","specialtyID":"1","star":"10","aptitude":"10","content":""},{"bookID":"409","name":"止酒为解","specialtyID":"1","star":"9","aptitude":"9","content":""},{"bookID":"410","name":"酒虎诗龙","specialtyID":"1","star":"8","aptitude":"8","content":""},{"bookID":"411","name":"类书纂要","specialtyID":"1","star":"7","aptitude":"7","content":""},{"bookID":"412","name":"武酿酒经","specialtyID":"1","star":"6","aptitude":"6","content":""},{"bookID":"413","name":"博武志","specialtyID":"1","star":"5","aptitude":"5","content":""},{"bookID":"414","name":"渐悟集卷","specialtyID":"2","star":"9","aptitude":"9","content":""},{"bookID":"415","name":"秫酒世本","specialtyID":"2","star":"8","aptitude":"8","content":""},{"bookID":"416","name":"沁春园","specialtyID":"2","star":"7","aptitude":"7","content":""},{"bookID":"417","name":"水龙吟","specialtyID":"2","star":"6","aptitude":"6","content":""},{"bookID":"418","name":"短歌行","specialtyID":"2","star":"5","aptitude":"5","content":""},{"bookID":"419","name":"大展经纶","specialtyID":"3","star":"10","aptitude":"10","content":""},{"bookID":"420","name":"领袖论","specialtyID":"3","star":"9","aptitude":"9","content":""},{"bookID":"421","name":"政清人和","specialtyID":"3","star":"8","aptitude":"8","content":""},{"bookID":"422","name":"解忧集","specialtyID":"3","star":"7","aptitude":"7","content":""},{"bookID":"423","name":"唐虞之治","specialtyID":"3","star":"6","aptitude":"6","content":""},{"bookID":"424","name":"论语子路","specialtyID":"3","star":"5","aptitude":"5","content":""},{"bookID":"425","name":"和陶止酒","specialtyID":"4","star":"9","aptitude":"9","content":""},{"bookID":"426","name":"览冥训","specialtyID":"4","star":"8","aptitude":"8","content":""},{"bookID":"427","name":"繁花酒经","specialtyID":"4","star":"7","aptitude":"7","content":""},{"bookID":"428","name":"酒艺文志","specialtyID":"4","star":"6","aptitude":"6","content":""},{"bookID":"429","name":"以酒为墨","specialtyID":"4","star":"5","aptitude":"5","content":""},{"bookID":"430","name":"安行随笔","specialtyID":"1","star":"10","aptitude":"10","content":""},{"bookID":"431","name":"茗泉心法","specialtyID":"1","star":"9","aptitude":"9","content":""},{"bookID":"432","name":"碧心掌法","specialtyID":"1","star":"8","aptitude":"8","content":""},{"bookID":"433","name":"竹叶剑集","specialtyID":"1","star":"7","aptitude":"7","content":""},{"bookID":"434","name":"松针功法","specialtyID":"1","star":"6","aptitude":"6","content":""},{"bookID":"435","name":"源茗功法","specialtyID":"1","star":"5","aptitude":"5","content":""},{"bookID":"436","name":"皇天圣训","specialtyID":"2","star":"10","aptitude":"10","content":""},{"bookID":"437","name":"六羡歌集","specialtyID":"2","star":"9","aptitude":"9","content":""},{"bookID":"438","name":"困学纪闻","specialtyID":"2","star":"8","aptitude":"8","content":""},{"bookID":"439","name":"容斋随笔","specialtyID":"2","star":"7","aptitude":"7","content":""},{"bookID":"440","name":"食茶舆图","specialtyID":"2","star":"6","aptitude":"6","content":""},{"bookID":"441","name":"煎茶九礼","specialtyID":"2","star":"5","aptitude":"5","content":""},{"bookID":"442","name":"梦溪笔谈","specialtyID":"3","star":"9","aptitude":"9","content":""},{"bookID":"443","name":"太平御览","specialtyID":"3","star":"8","aptitude":"8","content":""},{"bookID":"444","name":"蒲鞭法集","specialtyID":"3","star":"7","aptitude":"7","content":""},{"bookID":"445","name":"言棠树政","specialtyID":"3","star":"6","aptitude":"6","content":""},{"bookID":"446","name":"齐民要术","specialtyID":"3","star":"5","aptitude":"5","content":""},{"bookID":"447","name":"才望高雅","specialtyID":"4","star":"10","aptitude":"10","content":""},{"bookID":"448","name":"鸿渐之仪","specialtyID":"4","star":"9","aptitude":"9","content":""},{"bookID":"449","name":"七字茶诗","specialtyID":"4","star":"8","aptitude":"8","content":""},{"bookID":"450","name":"茶禅一味","specialtyID":"4","star":"7","aptitude":"7","content":""},{"bookID":"451","name":"品茗天下","specialtyID":"4","star":"6","aptitude":"6","content":""},{"bookID":"452","name":"四时田纪","specialtyID":"4","star":"5","aptitude":"5","content":""},{"bookID":"453","name":"醉吟诗鉴","specialtyID":"3","star":"5","aptitude":"5","content":""},{"bookID":"454","name":"破军神功","specialtyID":"1","star":"5","aptitude":"5","content":""},{"bookID":"455","name":"天机算","specialtyID":"2","star":"5","aptitude":"5","content":""},{"bookID":"456","name":"白莲教宗","specialtyID":"3","star":"5","aptitude":"5","content":""},{"bookID":"457","name":"白莲显圣","specialtyID":"4","star":"5","aptitude":"5","content":""},{"bookID":"458","name":"尚方宝剑","specialtyID":"1","star":"5","aptitude":"5","content":""},{"bookID":"459","name":"淡泊名利","specialtyID":"2","star":"5","aptitude":"5","content":""}]