[{"id":"1","hitMember":"15","hitCount":"40","name":"nhiệm vụ 1","desc":"15 thành viên tham gia sáng tác 40 lần","reward1":"[[100,70,2,0],[100,71,2,0],[100,72,2,0],[100,104,4,0],[100,66,2,0],[100,37,2,0]]","reward2":"[[100,70,3,0],[100,71,3,0],[100,72,3,0],[100,104,5,0],[100,66,3,0],[100,37,3,0]]"},{"id":"2","hitMember":"15","hitCount":"20","name":"nhiệm vụ 2","desc":"15 thành viên vượt 20 lượt phụ bản game show","reward1":"[[100,38,2,0],[100,102,4,0],[100,66,2,0],[100,134,1,0],[100,25,3,0],[100,34,3,0]]","reward2":"[[100,38,3,0],[100,102,5,0],[100,66,3,0],[100,134,1,0],[100,25,5,0],[100,34,5,0]]"},{"id":"3","hitMember":"20","hitCount":"100","name":"nhiệm vụ 3","desc":"20 thành viên đạt 100 độ sôi nổi nhiệm vụ hàng ngày","reward1":"[[100,51,4,0],[100,52,4,0],[100,53,4,0],[100,66,3,0],[100,134,1,0],[100,63,3,0]]","reward2":"[[100,51,5,0],[100,52,5,0],[100,53,5,0],[100,66,4,0],[100,134,1,0],[100,63,5,0]]"},{"id":"4","hitMember":"20","hitCount":"1","name":"nhiệm vụ 4","desc":"20 thành viên nhận quà tặng Thẻ Tháng","reward1":"[[100,91,5,0],[100,125,1,0],[100,59,2,0],[100,66,4,0],[100,110,2,0],[100,104,10,0]]","reward2":"[[100,91,8,0],[100,125,1,0],[100,59,3,0],[100,66,5,0],[100,110,3,0],[100,104,10,0]]"}]