[{"id":"1","reward":"[[100,15,1,0],[100,35,1,0]]"},{"id":"2","reward":"[[100,15,1,0],[100,36,1,0]]"},{"id":"3","reward":"[[100,15,1,0],[100,37,1,0]]"},{"id":"4","reward":"[[100,15,1,0],[100,64,1,0]]"},{"id":"5","reward":"[[100,15,1,0],[100,2,1,0]]"},{"id":"6","reward":"[[100,15,1,0],[100,1,1,0]]"},{"id":"7","reward":"[[100,15,1,0],[100,57,1,0]]"},{"id":"8","reward":"[[100,15,1,0],[100,91,1,0]]"},{"id":"9","reward":"[[100,15,1,0],[100,65,1,0]]"},{"id":"10","reward":"[[100,15,1,0],[100,104,1,0]]"},{"id":"11","reward":"[[100,15,1,0],[100,3,1,0]]"},{"id":"12","reward":"[[100,15,1,0],[100,5,1,0]]"},{"id":"13","reward":"[[100,15,1,0],[100,70,1,0]]"},{"id":"14","reward":"[[100,15,1,0],[100,71,1,0]]"},{"id":"15","reward":"[[100,15,1,0],[100,72,1,0]]"},{"id":"16","reward":"[[100,15,1,0],[100,66,1,0]]"},{"id":"17","reward":"[[100,15,1,0],[100,38,1,0]]"},{"id":"18","reward":"[[100,15,1,0],[100,102,1,0]]"},{"id":"19","reward":"[[100,15,1,0],[100,103,1,0]]"},{"id":"20","reward":"[[100,15,1,0],[100,58,1,0]]"}]