[{"id":"1","type":"3","desc":"Sáng tác 12 lần","target":"12","reward":"[[1,6,10,0],[1,7,10,0]]"},{"id":"2","type":"2","desc":"Cày view 12 lần","target":"12","reward":"[[1,6,10,0],[1,7,10,0]]"},{"id":"3","type":"1","desc":"Fan meeting 12 lần","target":"12","reward":"[[1,6,10,0]],[1,7,10,0]]"},{"id":"4","type":"4","desc":"Truyền thông 8 lần","target":"8","reward":"[[1,6,10,0],[1,7,10,0]]"},{"id":"5","type":"3","desc":"Sáng tác 25 lần","target":"25","reward":"[[1,6,10,0],[1,7,10,0]]"},{"id":"6","type":"2","desc":"Cày view 25 lần","target":"12","reward":"[[1,6,110,0],[1,7,10,0]]"},{"id":"7","type":"1","desc":"Fan meeting 25 lần","target":"12","reward":"[[1,6,10,0],[1,7,10,0]]"},{"id":"8","type":"4","desc":"Truyền thông 12 lần","target":"8","reward":"[[1,6,10,0],[1,7,10,0]]"},{"id":"9","type":"5","desc":"Thắng 10 lượt phụ bản","target":"10","reward":"[[1,6,20,0],[1,7,10,0]]"},{"id":"10","type":"6","desc":"Đời sống showbiz 10 lần","target":"10","reward":"[[1,6,20,0],[1,7,10,0]]"},{"id":"11","type":"7","desc":"Đi đu đưa 12 lần","target":"12","reward":"[[1,6,20,0],[1,7,10,0]]"},{"id":"12","type":"8","desc":"Tăng cấp Idol 10 lần","target":"10","reward":"[[1,6,20,0],[1,7,10,0]]"},{"id":"13","type":"9","desc":"Cường hóa Idol 1 lần","target":"1","reward":"[[1,6,20,0],[1,7,10,0]]"},{"id":"14","type":"10","desc":"Nhận thẻ tháng 1 lần","target":"1","reward":"[[1,6,10,0],[1,7,10,0]]"},{"id":"15","type":"11","desc":"Chạy show 10 lần","target":"10","reward":"[[1,6,10,0],[1,7,10,0]]"},{"id":"16","type":"12","desc":"Shopping 10 lần","target":"10","reward":"[[1,6,10,0],[1,7,10,0]]"}]