[{"id":"1","description":"Ngân phiếu chợ đen","type":"1","count":"4","item_1":"[1,1,8888,0]","rate_1":"30","item_2":"[1,1,88888,0]","rate_2":"30","item_3":"[1,1,888888,0]","rate_3":"25","item_4":"[1,1,8888888,0]","rate_4":"15","item_5":"","rate_5":"","item_6":"","rate_6":"","item_7":"","rate_7":"","item_8":"","rate_8":"","item_9":"","rate_9":"","item_10":"","rate_10":"","item_11":"","rate_11":"","item_12":"","rate_12":""},{"id":"2","description":"Lookbook Idol Fan","type":"1","count":"4","item_1":"[1,3,8888,0]","rate_1":"30","item_2":"[1,3,88888,0]","rate_2":"30","item_3":"[1,3,888888,0]","rate_3":"25","item_4":"[1,3,8888888,0]","rate_4":"15","item_5":"","rate_5":"","item_6":"","rate_6":"","item_7":"","rate_7":"","item_8":"","rate_8":"","item_9":"","rate_9":"","item_10":"","rate_10":"","item_11":"","rate_11":"","item_12":"","rate_12":""},{"id":"3","description":"Sách tập tô","type":"1","count":"6","item_1":"[27,5,10,0]","rate_1":"17","item_2":"[27,5,12,0]","rate_2":"17","item_3":"[27,5,14,0]","rate_3":"17","item_4":"[27,5,16,0]","rate_4":"17","item_5":"[27,5,18,0]","rate_5":"17","item_6":"[27,5,20,0]","rate_6":"15","item_7":"","rate_7":"","item_8":"","rate_8":"","item_9":"","rate_9":"","item_10":"","rate_10":"","item_11":"","rate_11":"","item_12":"","rate_12":""},{"id":"4","description":"Hạc giấy bảy màu","type":"1","count":"5","item_1":"[27,5,30,0]","rate_1":"20","item_2":"[27,5,35,0]","rate_2":"20","item_3":"[27,5,40,0]","rate_3":"20","item_4":"[27,5,45,0]","rate_4":"20","item_5":"[27,5,50,0]","rate_5":"20","item_6":"","rate_6":"","item_7":"","rate_7":"","item_8":"","rate_8":"","item_9":"","rate_9":"","item_10":"","rate_10":"","item_11":"","rate_11":"","item_12":"","rate_12":""},{"id":"5","description":"Chuông gió tím","type":"1","count":"4","item_1":"[27,5,50,0]","rate_1":"25","item_2":"[27,5,60,0]","rate_2":"25","item_3":"[27,5,70,0]","rate_3":"25","item_4":"[27,5,80,0]","rate_4":"25","item_5":"","rate_5":"","item_6":"","rate_6":"","item_7":"","rate_7":"","item_8":"","rate_8":"","item_9":"","rate_9":"","item_10":"","rate_10":"","item_11":"","rate_11":"","item_12":"","rate_12":""},{"id":"6","description":"Cánh thiên thần","type":"1","count":"5","item_1":"[27,5,80,0]","rate_1":"20","item_2":"[27,5,90,0]","rate_2":"20","item_3":"[27,5,100,0]","rate_3":"20","item_4":"[27,5,110,0]","rate_4":"20","item_5":"[27,5,120,0]","rate_5":"20","item_6":"","rate_6":"","item_7":"","rate_7":"","item_8":"","rate_8":"","item_9":"","rate_9":"","item_10":"","rate_10":"","item_11":"","rate_11":"","item_12":"","rate_12":""},{"id":"7","description":"Cỏ may mắn","type":"1","count":"7","item_1":"[27,5,5,0]","rate_1":"20","item_2":"[27,5,10,0]","rate_2":"25","item_3":"[27,5,20,0]","rate_3":"22","item_4":"[27,5,50,0]","rate_4":"15","item_5":"[27,5,100,0]","rate_5":"9","item_6":"[27,5,500,0]","rate_6":"6","item_7":"[27,5,1000,0]","rate_7":"3","item_8":"","rate_8":"","item_9":"","rate_9":"","item_10":"","rate_10":"","item_11":"","rate_11":"","item_12":"","rate_12":""},{"id":"8","description":"Gói cuộn","type":"1","count":"3","item_1":"[100,67,1,0]","rate_1":"1","item_2":"[100,68,1,0]","rate_2":"1","item_3":"[100,69,1,0]","rate_3":"1","item_4":"","rate_4":"","item_5":"","rate_5":"","item_6":"","rate_6":"","item_7":"","rate_7":"","item_8":"","rate_8":"","item_9":"","rate_9":"","item_10":"","rate_10":"","item_11":"","rate_11":"","item_12":"","rate_12":""},{"id":"9","description":"Lì xì xuân","type":"1","count":"3","item_1":"[100,37,1,0]","rate_1":"1","item_2":"[100,5,1,0]","rate_2":"1","item_3":"[100,57,1,0]","rate_3":"1","item_4":"","rate_4":"","item_5":"","rate_5":"","item_6":"","rate_6":"","item_7":"","rate_7":"","item_8":"","rate_8":"","item_9":"","rate_9":"","item_10":"","rate_10":"","item_11":"","rate_11":"","item_12":"","rate_12":""},{"id":"10","description":"Lì xì lớn","type":"1","count":"4","item_1":"[100,37,1,0]","rate_1":"25","item_2":"[100,36,1,0]","rate_2":"25","item_3":"[100,1,1,0]","rate_3":"25","item_4":"[100,2,1,0]","rate_4":"25","item_5":"","rate_5":"","item_6":"","rate_6":"","item_7":"","rate_7":"","item_8":"","rate_8":"","item_9":"","rate_9":"","item_10":"","rate_10":"","item_11":"","rate_11":"","item_12":"","rate_12":""},{"id":"11","description":"Hộp Galaxy bách bảo","type":"1","count":"12","item_1":"[6,1,200,0]","rate_1":"10","item_2":"[6,1,500,0]","rate_2":"10","item_3":"[6,1,1000,0]","rate_3":"6","item_4":"[6,2,200,0]","rate_4":"10","item_5":"[6,2,500,0]","rate_5":"9","item_6":"[6,2,1000,0]","rate_6":"6","item_7":"[6,3,200,0]","rate_7":"10","item_8":"[6,3,500,0]","rate_8":"9","item_9":"[6,3,1000,0]","rate_9":"6","item_10":"[100,67,1,0]","rate_10":"8","item_11":"[100,68,1,0]","rate_11":"8","item_12":"[100,69,1,0]","rate_12":"8"},{"id":"12","description":"Trâm vàng","type":"1","count":"3","item_1":"[100,35,1,0]","rate_1":"40","item_2":"[100,36,1,0]","rate_2":"35","item_3":"[100,37,1,0]","rate_3":"25","item_4":"","rate_4":"","item_5":"","rate_5":"","item_6":"","rate_6":"","item_7":"","rate_7":"","item_8":"","rate_8":"","item_9":"","rate_9":"","item_10":"","rate_10":"","item_11":"","rate_11":"","item_12":"","rate_12":""},{"id":"13","description":"Margerita","type":"1","count":"3","item_1":"[100,64,1,0]","rate_1":"1","item_2":"[100,57,1,0]","rate_2":"1","item_3":"[100,65,1,0]","rate_3":"1","item_4":"","rate_4":"","item_5":"","rate_5":"","item_6":"","rate_6":"","item_7":"","rate_7":"","item_8":"","rate_8":"","item_9":"","rate_9":"","item_10":"","rate_10":"","item_11":"","rate_11":"","item_12":"","rate_12":""},{"id":"14","description":"Dây chuyền Rich Kid","type":"1","count":"4","item_1":"[100,64,1,0]","rate_1":"30","item_2":"[100,57,1,0]","rate_2":"30","item_3":"[100,66,1,0]","rate_3":"20","item_4":"[100,6,1,0]","rate_4":"20","item_5":"","rate_5":"","item_6":"","rate_6":"","item_7":"","rate_7":"","item_8":"","rate_8":"","item_9":"","rate_9":"","item_10":"","rate_10":"","item_11":"","rate_11":"","item_12":"","rate_12":""},{"id":"15","description":"Túi đạo cụ trung cấp","type":"1","count":"6","item_1":"[100,70,1,0]","rate_1":"17","item_2":"[100,70,2,0]","rate_2":"16","item_3":"[100,71,1,0]","rate_3":"17","item_4":"[100,71,2,0]","rate_4":"16","item_5":"[100,72,1,0]","rate_5":"17","item_6":"[100,72,1,0]","rate_6":"17","item_7":"","rate_7":"","item_8":"","rate_8":"","item_9":"","rate_9":"","item_10":"","rate_10":"","item_11":"","rate_11":"","item_12":"","rate_12":""},{"id":"16","description":"Túi đạo cụ cao cấp","type":"1","count":"9","item_1":"[100,70,1,0]","rate_1":"11","item_2":"[100,70,2,0]","rate_2":"11","item_3":"[100,70,3,0]","rate_3":"12","item_4":"[100,71,1,0]","rate_4":"11","item_5":"[100,71,2,0]","rate_5":"11","item_6":"[100,71,3,0]","rate_6":"11","item_7":"[100,72,1,0]","rate_7":"11","item_8":"[100,72,1,0]","rate_8":"11","item_9":"[100,72,3,0]","rate_9":"11","item_10":"","rate_10":"","item_11":"","rate_11":"","item_12":"","rate_12":""},{"id":"17","description":"Túi đạo cụ siêu sao","type":"1","count":"9","item_1":"[100,73,1,0]","rate_1":"11","item_2":"[100,73,2,0]","rate_2":"11","item_3":"[100,73,3,0]","rate_3":"12","item_4":"[100,74,1,0]","rate_4":"11","item_5":"[100,74,2,0]","rate_5":"11","item_6":"[100,74,3,0]","rate_6":"11","item_7":"[100,75,1,0]","rate_7":"11","item_8":"[100,75,2,0]","rate_8":"11","item_9":"[100,75,3,0]","rate_9":"11","item_10":"","rate_10":"","item_11":"","rate_11":"","item_12":"","rate_12":""},{"id":"18","description":"thưởng ải lính","type":"2","count":"2","item_1":"[2,1,125,0]","rate_1":"100","item_2":"[1,6,5,0]","rate_2":"100","item_3":"","rate_3":"","item_4":"","rate_4":"","item_5":"","rate_5":"","item_6":"","rate_6":"","item_7":"","rate_7":"","item_8":"","rate_8":"","item_9":"","rate_9":"","item_10":"","rate_10":"","item_11":"","rate_11":"","item_12":"","rate_12":""},{"id":"19","description":"thưởng thêm ải lính","type":"2","count":"3","item_1":"[2,1,125,0]","rate_1":"100","item_2":"[1,6,5,0]","rate_2":"100","item_3":"[100,36,1,0]","rate_3":"50","item_4":"","rate_4":"","item_5":"","rate_5":"","item_6":"","rate_6":"","item_7":"","rate_7":"","item_8":"","rate_8":"","item_9":"","rate_9":"","item_10":"","rate_10":"","item_11":"","rate_11":"","item_12":"","rate_12":""},{"id":"20","description":"thưởng ải boss","type":"2","count":"3","item_1":"[2,1,125,0]","rate_1":"100","item_2":"[1,6,5,0]","rate_2":"100","item_3":"[102,21,1,0]","rate_3":"100","item_4":"","rate_4":"","item_5":"","rate_5":"","item_6":"","rate_6":"","item_7":"","rate_7":"","item_8":"","rate_8":"","item_9":"","rate_9":"","item_10":"","rate_10":"","item_11":"","rate_11":"","item_12":"","rate_12":""},{"id":"21","description":"thưởng ải boss::phần thưởng random 3","type":"1","count":"2","item_1":"[100,37,1,0]","rate_1":"1","item_2":"[100,66,1,0]","rate_2":"1","item_3":"","rate_3":"","item_4":"","rate_4":"","item_5":"","rate_5":"","item_6":"","rate_6":"","item_7":"","rate_7":"","item_8":"","rate_8":"","item_9":"","rate_9":"","item_10":"","rate_10":"","item_11":"","rate_11":"","item_12":"","rate_12":""},{"id":"22","description":"thưởng game show 1-6","type":"1","count":"7","item_1":"[100,1,1,0]","rate_1":"8","item_2":"[100,37,1,0]","rate_2":"5","item_3":"[100,36,1,0]","rate_3":"5","item_4":"[100,19,1,0]","rate_4":"6","item_5":"[100,2,1,0]","rate_5":"8","item_6":"[100,132,1,0]","rate_6":"8","item_7":"[0,0,0,0]","rate_7":"60","item_8":"","rate_8":"","item_9":"","rate_9":"","item_10":"","rate_10":"","item_11":"","rate_11":"","item_12":"","rate_12":""},{"id":"23","description":"thưởng game show 7-12","type":"1","count":"8","item_1":"[100,70,1,0]","rate_1":"5","item_2":"[100,71,1,0]","rate_2":"5","item_3":"[100,72,1,0]","rate_3":"5","item_4":"[100,37,1,0]","rate_4":"5","item_5":"[100,61,1,0]","rate_5":"5","item_6":"[100,65,1,0]","rate_6":"5","item_7":"[100,132,1,0]","rate_7":"5","item_8":"[0,0,0,0]","rate_8":"60","item_9":"","rate_9":"","item_10":"","rate_10":"","item_11":"","rate_11":"","item_12":"","rate_12":""},{"id":"24","description":"thưởng game show 13-20","type":"1","count":"10","item_1":"[100,70,1,0]","rate_1":"5","item_2":"[100,71,1,0]","rate_2":"5","item_3":"[100,72,1,0]","rate_3":"5","item_4":"[100,65,1,0]","rate_4":"4","item_5":"[100,67,1,0]","rate_5":"3","item_6":"[100,68,1,0]","rate_6":"3","item_7":"[100,69,1,0]","rate_7":"3","item_8":"[100,91,1,0]","rate_8":"6","item_9":"[100,133,1,0]","rate_9":"6","item_10":"[0,0,0,0]","rate_10":"60","item_11":"","rate_11":"","item_12":"","rate_12":""},{"id":"25","description":"thưởng game show 21-25","type":"1","count":"10","item_1":"[100,73,1,0]","rate_1":"2","item_2":"[100,74,1,0]","rate_2":"2","item_3":"[100,75,1,0]","rate_3":"2","item_4":"[100,58,1,0]","rate_4":"4","item_5":"[100,67,1,0]","rate_5":"4","item_6":"[100,68,1,0]","rate_6":"4","item_7":"[100,69,1,0]","rate_7":"4","item_8":"[100,91,1,0]","rate_8":"8","item_9":"[100,133,1,0]","rate_9":"10","item_10":"[0,0,0,0]","rate_10":"60","item_11":"","rate_11":"","item_12":"","rate_12":""},{"id":"26","description":"chạy show ô 1","type":"1","count":"6","item_1":"[100,19,1,0]","rate_1":"1","item_2":"[100,20,1,0]","rate_2":"1","item_3":"[100,28,1,0]","rate_3":"1","item_4":"[100,29,1,0]","rate_4":"1","item_5":"[100,60,1,0]","rate_5":"1","item_6":"[100,35,1,0]","rate_6":"1","item_7":"","rate_7":"","item_8":"","rate_8":"","item_9":"","rate_9":"","item_10":"","rate_10":"","item_11":"","rate_11":"","item_12":"","rate_12":""},{"id":"27","description":"chạy show ô 2","type":"1","count":"7","item_1":"[100,2,1,0]","rate_1":"1","item_2":"[100,1,1,0]","rate_2":"1","item_3":"[100,40,1,0]","rate_3":"1","item_4":"[100,44,1,0]","rate_4":"1","item_5":"[100,48,1,0]","rate_5":"1","item_6":"[100,60,1,0]","rate_6":"1","item_7":"[100,36,1,0]","rate_7":"1","item_8":"","rate_8":"","item_9":"","rate_9":"","item_10":"","rate_10":"","item_11":"","rate_11":"","item_12":"","rate_12":""},{"id":"28","description":"chạy show ô 3","type":"1","count":"11","item_1":"[100,64,1,0]","rate_1":"1","item_2":"[100,70,1,0]","rate_2":"1","item_3":"[100,71,1,0]","rate_3":"1","item_4":"[100,72,1,0]","rate_4":"1","item_5":"[100,61,1,0]","rate_5":"1","item_6":"[100,5,1,0]","rate_6":"1","item_7":"[100,40,1,0]","rate_7":"1","item_8":"[100,44,1,0]","rate_8":"1","item_9":"[100,48,1,0]","rate_9":"1","item_10":"[100,22,1,0]","rate_10":"1","item_11":"[100,31,1,0]","rate_11":"1","item_12":"","rate_12":""},{"id":"29","description":"chạy show ô 4","type":"1","count":"11","item_1":"[100,104,1,0]","rate_1":"1","item_2":"[100,64,1,0]","rate_2":"1","item_3":"[100,61,1,0]","rate_3":"1","item_4":"[100,5,1,0]","rate_4":"1","item_5":"[100,41,1,0]","rate_5":"1","item_6":"[100,45,1,0]","rate_6":"1","item_7":"[100,49,1,0]","rate_7":"1","item_8":"[100,65,1,0]","rate_8":"1","item_9":"[100,57,1,0]","rate_9":"1","item_10":"[100,23,1,0]","rate_10":"1","item_11":"[100,32,1,0]","rate_11":"1","item_12":"","rate_12":""},{"id":"30","description":"chạy show ô 5","type":"1","count":"11","item_1":"[100,104,1,0]","rate_1":"1","item_2":"[100,57,1,0]","rate_2":"1","item_3":"[100,65,1,0]","rate_3":"1","item_4":"[100,66,1,0]","rate_4":"1","item_5":"[100,42,1,0]","rate_5":"1","item_6":"[100,46,1,0]","rate_6":"1","item_7":"[100,50,1,0]","rate_7":"1","item_8":"[100,5,1,0]","rate_8":"1","item_9":"[100,91,1,0]","rate_9":"1","item_10":"[100,24,1,0]","rate_10":"1","item_11":"[100,33,1,0]","rate_11":"1","item_12":"","rate_12":""},{"id":"31","description":"chạy show 1&2","type":"2","count":"1","item_1":"[102,26,0,0]","rate_1":"33","item_2":"","rate_2":"","item_3":"","rate_3":"","item_4":"","rate_4":"","item_5":"","rate_5":"","item_6":"","rate_6":"","item_7":"","rate_7":"","item_8":"","rate_8":"","item_9":"","rate_9":"","item_10":"","rate_10":"","item_11":"","rate_11":"","item_12":"","rate_12":""},{"id":"32","description":"chạy show 3&4","type":"2","count":"2","item_1":"[102,26,0,0]","rate_1":"33","item_2":"[102,27,0,0]","rate_2":"33","item_3":"","rate_3":"","item_4":"","rate_4":"","item_5":"","rate_5":"","item_6":"","rate_6":"","item_7":"","rate_7":"","item_8":"","rate_8":"","item_9":"","rate_9":"","item_10":"","rate_10":"","item_11":"","rate_11":"","item_12":"","rate_12":""},{"id":"33","description":"chạy show 5&6","type":"2","count":"3","item_1":"[102,26,0,0]","rate_1":"33","item_2":"[102,27,0,0]","rate_2":"33","item_3":"[102,28,0,0]","rate_3":"33","item_4":"","rate_4":"","item_5":"","rate_5":"","item_6":"","rate_6":"","item_7":"","rate_7":"","item_8":"","rate_8":"","item_9":"","rate_9":"","item_10":"","rate_10":"","item_11":"","rate_11":"","item_12":"","rate_12":""},{"id":"34","description":"chạy show 7&8","type":"2","count":"4","item_1":"[102,26,0,0]","rate_1":"33","item_2":"[102,27,0,0]","rate_2":"33","item_3":"[102,28,0,0]","rate_3":"33","item_4":"[102,29,0,0]","rate_4":"33","item_5":"","rate_5":"","item_6":"","rate_6":"","item_7":"","rate_7":"","item_8":"","rate_8":"","item_9":"","rate_9":"","item_10":"","rate_10":"","item_11":"","rate_11":"","item_12":"","rate_12":""},{"id":"35","description":"chạy show 9&10","type":"2","count":"5","item_1":"[102,26,0,0]","rate_1":"33","item_2":"[102,27,0,0]","rate_2":"33","item_3":"[102,28,0,0]","rate_3":"33","item_4":"[102,29,0,0]","rate_4":"33","item_5":"[102,30,0,0]","rate_5":"33","item_6":"","rate_6":"","item_7":"","rate_7":"","item_8":"","rate_8":"","item_9":"","rate_9":"","item_10":"","rate_10":"","item_11":"","rate_11":"","item_12":"","rate_12":""},{"id":"36","description":"shopping ô 1","type":"1","count":"6","item_1":"[100,26,1,0]","rate_1":"1","item_2":"[100,27,1,0]","rate_2":"1","item_3":"[100,28,1,0]","rate_3":"1","item_4":"[100,29,1,0]","rate_4":"1","item_5":"[100,60,1,0]","rate_5":"1","item_6":"[100,35,1,0]","rate_6":"1","item_7":"","rate_7":"","item_8":"","rate_8":"","item_9":"","rate_9":"","item_10":"","rate_10":"","item_11":"","rate_11":"","item_12":"","rate_12":""},{"id":"37","description":"shopping ô 2","type":"1","count":"7","item_1":"[100,2,1,0]","rate_1":"1","item_2":"[100,1,1,0]","rate_2":"1","item_3":"[100,103,1,0]","rate_3":"1","item_4":"[100,105,1,0]","rate_4":"1","item_5":"[100,5,1,0]","rate_5":"1","item_6":"[100,60,1,0]","rate_6":"1","item_7":"[100,35,1,0]","rate_7":"1","item_8":"","rate_8":"","item_9":"","rate_9":"","item_10":"","rate_10":"","item_11":"","rate_11":"","item_12":"","rate_12":""},{"id":"38","description":"shopping ô 3","type":"1","count":"9","item_1":"[100,64,1,0]","rate_1":"1","item_2":"[100,70,1,0]","rate_2":"1","item_3":"[100,71,1,0]","rate_3":"1","item_4":"[100,72,1,0]","rate_4":"1","item_5":"[100,5,1,0]","rate_5":"1","item_6":"[100,40,1,0]","rate_6":"1","item_7":"[100,44,1,0]","rate_7":"1","item_8":"[100,48,1,0]","rate_8":"1","item_9":"[100,61,1,0]","rate_9":"1","item_10":"","rate_10":"","item_11":"","rate_11":"","item_12":"","rate_12":""},{"id":"39","description":"shopping ô 4","type":"1","count":"11","item_1":"[100,104,1,0]","rate_1":"1","item_2":"[100,64,1,0]","rate_2":"1","item_3":"[100,61,1,0]","rate_3":"1","item_4":"[100,5,1,0]","rate_4":"1","item_5":"[100,65,1,0]","rate_5":"1","item_6":"[100,57,1,0]","rate_6":"1","item_7":"[100,41,1,0]","rate_7":"1","item_8":"[100,45,1,0]","rate_8":"1","item_9":"[100,49,1,0]","rate_9":"1","item_10":"[100,106,1,0]","rate_10":"1","item_11":"[100,91,1,0]","rate_11":"1","item_12":"","rate_12":""},{"id":"40","description":"shopping ô 5","type":"1","count":"11","item_1":"[100,104,1,0]","rate_1":"1","item_2":"[100,57,1,0]","rate_2":"1","item_3":"[100,65,1,0]","rate_3":"1","item_4":"[100,66,1,0]","rate_4":"1","item_5":"[100,42,1,0]","rate_5":"1","item_6":"[100,46,1,0]","rate_6":"1","item_7":"[100,50,1,0]","rate_7":"1","item_8":"[100,5,1,0]","rate_8":"1","item_9":"[100,91,1,0]","rate_9":"1","item_10":"[100,107,1,0]","rate_10":"1","item_11":"[100,104,1,0]","rate_11":"1","item_12":"","rate_12":""},{"id":"41","description":"shopping 1&2","type":"2","count":"1","item_1":"[102,36,0,0]","rate_1":"25","item_2":"","rate_2":"","item_3":"","rate_3":"","item_4":"","rate_4":"","item_5":"","rate_5":"","item_6":"","rate_6":"","item_7":"","rate_7":"","item_8":"","rate_8":"","item_9":"","rate_9":"","item_10":"","rate_10":"","item_11":"","rate_11":"","item_12":"","rate_12":""},{"id":"42","description":"shopping 3&4","type":"2","count":"2","item_1":"[102,36,0,0]","rate_1":"25","item_2":"[102,37,0,0]","rate_2":"25","item_3":"","rate_3":"","item_4":"","rate_4":"","item_5":"","rate_5":"","item_6":"","rate_6":"","item_7":"","rate_7":"","item_8":"","rate_8":"","item_9":"","rate_9":"","item_10":"","rate_10":"","item_11":"","rate_11":"","item_12":"","rate_12":""},{"id":"43","description":"shopping 5&6","type":"2","count":"3","item_1":"[102,36,0,0]","rate_1":"25","item_2":"[102,37,0,0]","rate_2":"25","item_3":"[102,38,0,0]","rate_3":"25","item_4":"","rate_4":"","item_5":"","rate_5":"","item_6":"","rate_6":"","item_7":"","rate_7":"","item_8":"","rate_8":"","item_9":"","rate_9":"","item_10":"","rate_10":"","item_11":"","rate_11":"","item_12":"","rate_12":""},{"id":"44","description":"shopping 7&8","type":"2","count":"4","item_1":"[102,36,0,0]","rate_1":"25","item_2":"[102,37,0,0]","rate_2":"25","item_3":"[102,38,0,0]","rate_3":"25","item_4":"[102,39,0,0]","rate_4":"25","item_5":"","rate_5":"","item_6":"","rate_6":"","item_7":"","rate_7":"","item_8":"","rate_8":"","item_9":"","rate_9":"","item_10":"","rate_10":"","item_11":"","rate_11":"","item_12":"","rate_12":""},{"id":"45","description":"shopping 9&10","type":"2","count":"5","item_1":"[102,36,0,0]","rate_1":"25","item_2":"[102,37,0,0]","rate_2":"25","item_3":"[102,38,0,0]","rate_3":"25","item_4":"[102,39,0,0]","rate_4":"25","item_5":"[102,40,0,0]","rate_5":"25","item_6":"","rate_6":"","item_7":"","rate_7":"","item_8":"","rate_8":"","item_9":"","rate_9":"","item_10":"","rate_10":"","item_11":"","rate_11":"","item_12":"","rate_12":""},{"id":"46","description":"đu đưa NPC loại 1","type":"1","count":"9","item_1":"[10,1,10,1000]","rate_1":"19","item_2":"[10,1,20,2000]","rate_2":"11","item_3":"[10,1,100,10000]","rate_3":"4","item_4":"[10,2,10,1000]","rate_4":"18","item_5":"[10,2,20,2000]","rate_5":"11","item_6":"[10,2,100,10000]","rate_6":"4","item_7":"[10,3,10,1000]","rate_7":"18","item_8":"[10,3,20,2000]","rate_8":"11","item_9":"[10,3,100,10000]","rate_9":"4","item_10":"","rate_10":"","item_11":"","rate_11":"","item_12":"","rate_12":""},{"id":"47","description":"đu đưa NPC loại 2","type":"1","count":"9","item_1":"[100,19,1,0]","rate_1":"10","item_2":"[100,21,1,0]","rate_2":"6","item_3":"[100,26,1,0]","rate_3":"10","item_4":"[100,27,1,0]","rate_4":"6","item_5":"[100,28,1,0]","rate_5":"10","item_6":"[100,30,1,0]","rate_6":"6","item_7":"[100,60,1,0]","rate_7":"12","item_8":"[100,36,1,0]","rate_8":"25","item_9":"[100,37,1,0]","rate_9":"15","item_10":"","rate_10":"","item_11":"","rate_11":"","item_12":"","rate_12":""},{"id":"48","description":"đu đưa NPC loại 3","type":"1","count":"9","item_1":"[10,1,-10,-1000]","rate_1":"20","item_2":"[10,1,-20,-2000]","rate_2":"9","item_3":"[10,1,-100,-10000]","rate_3":"4","item_4":"[10,2,-10,-1000]","rate_4":"20","item_5":"[10,2,-20,-2000]","rate_5":"10","item_6":"[10,2,-100,-10000]","rate_6":"4","item_7":"[10,3,-10,-1000]","rate_7":"20","item_8":"[10,3,-20,-2000]","rate_8":"9","item_9":"[10,3,-100,-10000]","rate_9":"4","item_10":"","rate_10":"","item_11":"","rate_11":"","item_12":"","rate_12":""},{"id":"49","description":"phần thưởng nhiệm vụ mốc 60","type":"1","count":"3","item_1":"[100,2,1,0]","rate_1":"33","item_2":"[100,1,1,0]","rate_2":"33","item_3":"[100,64,1,0]","rate_3":"33","item_4":"","rate_4":"","item_5":"","rate_5":"","item_6":"","rate_6":"","item_7":"","rate_7":"","item_8":"","rate_8":"","item_9":"","rate_9":"","item_10":"","rate_10":"","item_11":"","rate_11":"","item_12":"","rate_12":""},{"id":"50","description":"phần thưởng nhiệm vụ mốc 80","type":"1","count":"3","item_1":"[100,37,1,0]","rate_1":"25","item_2":"[100,108,1,0]","rate_2":"25","item_3":"[100,5,1,0]","rate_3":"25","item_4":"[100,57,1,0]","rate_4":"25","item_5":"","rate_5":"","item_6":"","rate_6":"","item_7":"","rate_7":"","item_8":"","rate_8":"","item_9":"","rate_9":"","item_10":"","rate_10":"","item_11":"","rate_11":"","item_12":"","rate_12":""},{"id":"51","description":"phần thưởng nhiệm vụ mốc 120","type":"1","count":"3","item_1":"[100,58,1,0]","rate_1":"20","item_2":"[100,108,1,0]","rate_2":"20","item_3":"[100,67,1,0]","rate_3":"20","item_4":"[100,68,1,0]","rate_4":"20","item_5":"[100,69,1,0]","rate_5":"20","item_6":"","rate_6":"","item_7":"","rate_7":"","item_8":"","rate_8":"","item_9":"","rate_9":"","item_10":"","rate_10":"","item_11":"","rate_11":"","item_12":"","rate_12":""},{"id":"52","description":"Hộp Glaxy Idol","type":"1","count":"6","item_1":"[100,7,1,0]","rate_1":"17","item_2":"[100,8,1,0]","rate_2":"17","item_3":"[100,9,1,0]","rate_3":"16","item_4":"[100,10,1,0]","rate_4":"17","item_5":"[100,11,1,0]","rate_5":"17","item_6":"[100,12,1,0]","rate_6":"16","item_7":"","rate_7":"","item_8":"","rate_8":"","item_9":"","rate_9":"","item_10":"","rate_10":"","item_11":"","rate_11":"","item_12":"","rate_12":""},{"id":"53","description":"Thẻ time ngẫu nhiên","type":"1","count":"8","item_1":"[1,5,3600,0]","rate_1":"15","item_2":"[1,5,7200,0]","rate_2":"25","item_3":"[1,5,21600,0]","rate_3":"25","item_4":"[1,5,43200,0]","rate_4":"15","item_5":"[1,5,86400,0]","rate_5":"10","item_6":"[1,5,259200,0]","rate_6":"7","item_7":"[1,5,518400,0]","rate_7":"2","item_8":"[1,5,1036800,0]","rate_8":"1","item_9":"","rate_9":"","item_10":"","rate_10":"","item_11":"","rate_11":"","item_12":"","rate_12":""},{"id":"54","description":"Hộp quà NetAward","type":"1","count":"5","item_1":"[100,63,10,0]","rate_1":"25","item_2":"[100,38,15,0]","rate_2":"20","item_3":"[100,66,10,0]","rate_3":"15","item_4":"[100,137,1,0]","rate_4":"30","item_5":"[100,138,1,0]","rate_5":"10","item_6":"","rate_6":"","item_7":"","rate_7":"","item_8":"","rate_8":"","item_9":"","rate_9":"","item_10":"","rate_10":"","item_11":"","rate_11":"","item_12":"","rate_12":""}]