[{"id":"1","eventType":"21","milestoneId":"1","milestoneValue":"518400","title":"Mức tiêu hao time 6 days","rewardDesc":"Thẻ 1 giờ x 7","reward1":"[[100,132,7,0]]","reward2":"[[100,132,8,0]]","reward3":"[[100,132,7,0]]","reward4":"[[100,132,8,0]]"},{"id":"2","eventType":"21","milestoneId":"2","milestoneValue":"1036800","title":"Mức tiêu hao time 12 days","rewardDesc":"Thẻ 1 giờ x 14, Huy hiệu Tài Năng cao cấp x1","reward1":"[[100,132,14,0],[100,37,1,0]]","reward2":"[[100,132,14,0],[100,37,2,0]]","reward3":"[[100,132,14,0],[100,37,1,0]]","reward4":"[[100,132,14,0],[100,37,2,0]]"},{"id":"3","eventType":"21","milestoneId":"3","milestoneValue":"2073600","title":"Mức tiêu hao time 24 days","rewardDesc":"Thẻ 1 ngày x 1, Thẻ 1 giờ x 4","reward1":"[[100,128,1,0],[100,132,4,0]]","reward2":"[[100,128,1,0],[100,132,5,0]]","reward3":"[[100,128,1,0],[100,132,4,0]]","reward4":"[[100,128,1,0],[100,132,5,0]]"},{"id":"4","eventType":"21","milestoneId":"4","milestoneValue":"5184000","title":"Mức tiêu hao time 60 days","rewardDesc":"Thẻ 1 ngày x 3, Huy hiệu Tài Năng cao cấp x2","reward1":"[[100,128,3,0],[100,37,2,0]]","reward2":"[[100,128,3,0],[100,37,3,0]]","reward3":"[[100,128,3,0],[100,37,2,0]]","reward4":"[[100,128,3,0],[100,37,3,0]]"},{"id":"5","eventType":"21","milestoneId":"5","milestoneValue":"10368000","title":"Mức tiêu hao time 120 days","rewardDesc":"Thẻ 1 ngày x 6, Huy hiệu Tài Năng siêu sao x1","reward1":"[[100,128,6,0],[100,38,1,0]]","reward2":"[[100,128,6,0],[100,38,2,0]]","reward3":"[[100,128,6,0],[100,38,1,0]]","reward4":"[[100,128,6,0],[100,38,2,0]]"},{"id":"6","eventType":"21","milestoneId":"6","milestoneValue":"20736000","title":"Mức tiêu hao time 240 days","rewardDesc":"Thẻ 1 ngày x 12, Huy hiệu Tài Năng siêu sao x2","reward1":"[[100,128,12,0],[100,38,2,0]]","reward2":"[[100,128,12,0],[100,38,3,0]]","reward3":"[[100,128,12,0],[100,38,2,0]]","reward4":"[[100,128,12,0],[100,38,3,0]]"},{"id":"7","eventType":"21","milestoneId":"7","milestoneValue":"41472000","title":"Mức tiêu hao time 480 days","rewardDesc":"Thẻ 1 ngày x 24,Đĩa Vàng DVD x1","reward1":"[[100,128,24,0],[100,25,1,0]]","reward2":"[[100,128,24,0],[100,25,2,0]]","reward3":"[[100,128,24,0],[100,25,1,0]]","reward4":"[[100,128,24,0],[100,25,2,0]]"},{"id":"8","eventType":"21","milestoneId":"8","milestoneValue":"62208000","title":"Mức tiêu hao time 720 days","rewardDesc":"Thẻ 1 ngày x 36, Tập sách đặc cấp x1","reward1":"[[100,128,36,0],[100,60,1,0]]","reward2":"[[100,128,36,0],[100,60,2,0]]","reward3":"[[100,128,36,0],[100,60,1,0]]","reward4":"[[100,128,36,0],[100,60,2,0]]"},{"id":"9","eventType":"21","milestoneId":"9","milestoneValue":"103680000","title":"Mức tiêu hao time 1200 days","rewardDesc":"Thẻ 10 ngày x 6, Hộp Galaxy bách bảo x4","reward1":"[[100,130,6,0],[100,100,4,0]]","reward2":"[[100,130,6,0],[100,100,5,0]]","reward3":"[[100,130,6,0],[100,100,4,0]]","reward4":"[[100,130,6,0],[100,100,5,0]]"},{"id":"10","eventType":"21","milestoneId":"10","milestoneValue":"207360000","title":"Mức tiêu hao time 2400 days","rewardDesc":"Thẻ 10 ngày x 12, Túi đạo cụ siêu sao x4","reward1":"[[100,130,12,0],[100,107,4,0]]","reward2":"[[100,130,12,0],[100,107,5,0]]","reward3":"[[100,130,12,0],[100,107,4,0]]","reward4":"[[100,130,12,0],[100,107,5,0]]"},{"id":"11","eventType":"6700","milestoneId":"1","milestoneValue":"1","title":"Tiêu hao sách cường hóa 1","rewardDesc":"Cỏ may mắn x1","reward1":"[[100,64,1,0]]","reward2":"[[100,64,2,0]]","reward3":"[[100,64,1,0]]","reward4":"[[100,64,2,0]]"},{"id":"12","eventType":"6700","milestoneId":"2","milestoneValue":"5","title":"Tiêu hao sách cường hóa 5","rewardDesc":"Cỏ may mắn x1","reward1":"[[100,64,1,0]]","reward2":"[[100,64,2,0]]","reward3":"[[100,64,1,0]]","reward4":"[[100,64,2,0]]"},{"id":"13","eventType":"6700","milestoneId":"3","milestoneValue":"10","title":"Tiêu hao sách cường hóa 10","rewardDesc":"Cỏ may mắn x1","reward1":"[[100,64,1,0]]","reward2":"[[100,64,2,0]]","reward3":"[[100,64,1,0]]","reward4":"[[100,64,2,0]]"},{"id":"14","eventType":"6700","milestoneId":"4","milestoneValue":"15","title":"Tiêu hao sách cường hóa 15","rewardDesc":"Cỏ may mắn x1","reward1":"[[100,64,1,0]]","reward2":"[[100,64,2,0]]","reward3":"[[100,64,1,0]]","reward4":"[[100,64,2,0]]"},{"id":"15","eventType":"6700","milestoneId":"5","milestoneValue":"20","title":"Tiêu hao sách cường hóa 20","rewardDesc":"Cỏ may mắn x1","reward1":"[[100,64,1,0]]","reward2":"[[100,64,2,0]]","reward3":"[[100,64,1,0]]","reward4":"[[100,64,2,0]]"},{"id":"16","eventType":"6700","milestoneId":"6","milestoneValue":"30","title":"Tiêu hao sách cường hóa 30","rewardDesc":"Cỏ may mắn x2","reward1":"[[100,64,2,0]]","reward2":"[[100,64,3,0]]","reward3":"[[100,64,2,0]]","reward4":"[[100,64,3,0]]"},{"id":"17","eventType":"6700","milestoneId":"7","milestoneValue":"40","title":"Tiêu hao sách cường hóa 40","rewardDesc":"Cỏ may mắn x3","reward1":"[[100,64,3,0]]","reward2":"[[100,64,4,0]]","reward3":"[[100,64,3,0]]","reward4":"[[100,64,4,0]]"},{"id":"18","eventType":"6700","milestoneId":"8","milestoneValue":"50","title":"Tiêu hao sách cường hóa 50","rewardDesc":"Cỏ may mắn x4","reward1":"[[100,64,4,0]]","reward2":"[[100,64,5,0]]","reward3":"[[100,64,4,0]]","reward4":"[[100,64,5,0]]"},{"id":"19","eventType":"6700","milestoneId":"9","milestoneValue":"100","title":"Tiêu hao sách cường hóa 100","rewardDesc":"Cỏ may mắn x10","reward1":"[[100,64,10,0]]","reward2":"[[100,64,12,0]]","reward3":"[[100,64,10,0]]","reward4":"[[100,64,12,0]]"},{"id":"20","eventType":"6700","milestoneId":"10","milestoneValue":"200","title":"Tiêu hao sách cường hóa 200","rewardDesc":"Cỏ may mắn x10","reward1":"[[100,64,10,0]]","reward2":"[[100,64,12,0]]","reward3":"[[100,64,10,0]]","reward4":"[[100,64,12,0]]"},{"id":"21","eventType":"6700","milestoneId":"11","milestoneValue":"300","title":"Tiêu hao sách cường hóa 300","rewardDesc":"Cỏ may mắn x10","reward1":"[[100,64,10,0]]","reward2":"[[100,64,12,0]]","reward3":"[[100,64,10,0]]","reward4":"[[100,64,12,0]]"},{"id":"22","eventType":"6700","milestoneId":"12","milestoneValue":"400","title":"Tiêu hao sách cường hóa 400","rewardDesc":"Cỏ may mắn x10","reward1":"[[100,64,10,0]]","reward2":"[[100,64,12,0]]","reward3":"[[100,64,10,0]]","reward4":"[[100,64,12,0]]"},{"id":"23","eventType":"6700","milestoneId":"13","milestoneValue":"600","title":"Tiêu hao sách cường hóa 600","rewardDesc":"Cỏ may mắn x15","reward1":"[[100,64,15,0]]","reward2":"[[100,64,20,0]]","reward3":"[[100,64,15,0]]","reward4":"[[100,64,20,0]]"},{"id":"24","eventType":"6700","milestoneId":"14","milestoneValue":"800","title":"Tiêu hao sách cường hóa 800","rewardDesc":"Cỏ may mắn x15","reward1":"[[100,64,15,0]]","reward2":"[[100,64,20,0]]","reward3":"[[100,64,15,0]]","reward4":"[[100,64,20,0]]"},{"id":"25","eventType":"6700","milestoneId":"15","milestoneValue":"1000","title":"Tiêu hao sách cường hóa 1000","rewardDesc":"Cỏ may mắn x15, Vòng cổ Didire dubot x1","reward1":"[[100,64,150,0],[100,34,10,0]]","reward2":"[[100,64,150,0],[100,34,10,0]]","reward3":"[[100,64,150,0],[100,34,10,0]]","reward4":"[[100,64,150,0],[100,34,10,0]]"},{"id":"26","eventType":"6","milestoneId":"1","milestoneValue":"100000","title":"Tiêu hao cát xê 100k","rewardDesc":"Huy hiệu Tài Năng trung cấp x1, Huy hiệu Tài Năng cao cấp x1","reward1":"[[100,36,1,0],[100,37,1,0]]","reward2":"[[100,36,1,0],[100,37,2,0]]","reward3":"[[100,36,1,0],[100,37,1,0]]","reward4":"[[100,36,1,0],[100,37,2,0]]"},{"id":"27","eventType":"6","milestoneId":"2","milestoneValue":"200000","title":"Tiêu hao cát xê 200k","rewardDesc":"Huy hiệu Tài Năng trung cấp x1, Huy hiệu Tài Năng cao cấp x1","reward1":"[[100,36,1,0],[100,37,1,0]]","reward2":"[[100,36,1,0],[100,37,2,0]]","reward3":"[[100,36,1,0],[100,37,1,0]]","reward4":"[[100,36,1,0],[100,37,2,0]]"},{"id":"28","eventType":"6","milestoneId":"3","milestoneValue":"500000","title":"Tiêu hao cát xê 500k","rewardDesc":"Huy hiệu Tài Năng trung cấp x1, Huy hiệu Tài Năng cao cấp x1","reward1":"[[100,36,1,0],[100,37,1,0]]","reward2":"[[100,36,1,0],[100,37,2,0]]","reward3":"[[100,36,1,0],[100,37,1,0]]","reward4":"[[100,36,1,0],[100,37,2,0]]"},{"id":"29","eventType":"6","milestoneId":"4","milestoneValue":"1000000","title":"Tiêu hao cát xê 1m","rewardDesc":"Huy hiệu Tài Năng trung cấp x1, Huy hiệu Tài Năng cao cấp x1","reward1":"[[100,36,1,0],[100,37,1,0]]","reward2":"[[100,36,1,0],[100,37,2,0]]","reward3":"[[100,36,1,0],[100,37,1,0]]","reward4":"[[100,36,1,0],[100,37,2,0]]"},{"id":"30","eventType":"6","milestoneId":"5","milestoneValue":"2000000","title":"Tiêu hao cát xê 2m","rewardDesc":"Hợp đồng Kinh doanh x1, Huy hiệu Tài Năng cao cấp x2","reward1":"[[100,1,1,0],[100,37,2,0]]","reward2":"[[100,1,1,0],[100,37,3,0]]","reward3":"[[100,1,1,0],[100,37,2,0]]","reward4":"[[100,1,1,0],[100,37,3,0]]"},{"id":"31","eventType":"6","milestoneId":"6","milestoneValue":"5000000","title":"Tiêu hao cát xê 5m","rewardDesc":"Hợp đồng Kinh doanh x1, Huy hiệu Tài Năng cao cấp x2","reward1":"[[100,1,1,0],[100,37,2,0]]","reward2":"[[100,1,1,0],[100,37,3,0]]","reward3":"[[100,1,1,0],[100,37,2,0]]","reward4":"[[100,1,1,0],[100,37,3,0]]"},{"id":"32","eventType":"6","milestoneId":"7","milestoneValue":"10000000","title":"Tiêu hao cát xê 10m","rewardDesc":"Hợp đồng Kinh doanh x2, Huy hiệu Tài Năng cao cấp x2","reward1":"[[100,1,2,0],[100,37,2,0]]","reward2":"[[100,1,2,0],[100,37,3,0]]","reward3":"[[100,1,2,0],[100,37,2,0]]","reward4":"[[100,1,2,0],[100,37,3,0]]"},{"id":"33","eventType":"6","milestoneId":"8","milestoneValue":"20000000","title":"Tiêu hao cát xê 20m","rewardDesc":"Huy hiệu Sáng tạo cao cấp x3, Huy hiệu Tài Năng cao cấp x3","reward1":"[[100,41,3,0],[100,37,3,0]]","reward2":"[[100,41,3,0],[100,37,4,0]]","reward3":"[[100,41,3,0],[100,37,3,0]]","reward4":"[[100,41,3,0],[100,37,4,0]]"},{"id":"34","eventType":"6","milestoneId":"9","milestoneValue":"50000000","title":"Tiêu hao cát xê 50m","rewardDesc":"Huy hiệu Sáng tạo cao cấp x4, Huy hiệu Tài Năng cao cấp x4","reward1":"[[100,41,4,0],[100,37,4,0]]","reward2":"[[100,41,4,0],[100,37,5,0]]","reward3":"[[100,41,4,0],[100,37,4,0]]","reward4":"[[100,41,4,0],[100,37,5,0]]"},{"id":"35","eventType":"6","milestoneId":"10","milestoneValue":"100000000","title":"Tiêu hao cát xê 100m","rewardDesc":"Huy hiệu Sáng tạo cao cấp x5, Huy hiệu Tài Năng cao cấp x5","reward1":"[[100,41,5,0],[100,37,5,0]]","reward2":"[[100,41,5,0],[100,37,6,0]]","reward3":"[[100,41,5,0],[100,37,5,0]]","reward4":"[[100,41,5,0],[100,37,6,0]]"},{"id":"36","eventType":"6","milestoneId":"11","milestoneValue":"200000000","title":"Tiêu hao cát xê 200m","rewardDesc":"Huy hiệu Sáng tạo cao cấp x6, Huy hiệu Tài Năng cao cấp x6","reward1":"[[100,41,6,0],[100,37,6,0]]","reward2":"[[100,41,6,0],[100,37,7,0]]","reward3":"[[100,41,6,0],[100,37,6,0]]","reward4":"[[100,41,6,0],[100,37,7,0]]"},{"id":"37","eventType":"6","milestoneId":"12","milestoneValue":"500000000","title":"Tiêu hao cát xê 500m","rewardDesc":"Huy hiệu Sáng tạo cao cấp x7, Huy hiệu Tài Năng cao cấp x7","reward1":"[[100,41,7,0],[100,37,7,0]]","reward2":"[[100,41,7,0],[100,37,8,0]]","reward3":"[[100,41,7,0],[100,37,7,0]]","reward4":"[[100,41,7,0],[100,37,8,0]]"},{"id":"38","eventType":"6","milestoneId":"13","milestoneValue":"1000000000","title":"Tiêu hao cát xê 1b","rewardDesc":"Huy hiệu Sáng tạo cao cấp x8, Huy hiệu Tài Năng cao cấp x8","reward1":"[[100,41,8,0],[100,37,8,0]]","reward2":"[[100,41,8,0],[100,37,9,0]]","reward3":"[[100,41,8,0],[100,37,8,0]]","reward4":"[[100,41,8,0],[100,37,9,0]]"},{"id":"39","eventType":"6","milestoneId":"14","milestoneValue":"2000000000","title":"Tiêu hao cát xê 2b","rewardDesc":"Huy hiệu Sáng tạo cao cấp x9, Huy hiệu Tài Năng cao cấp x9","reward1":"[[100,41,9,0],[100,37,9,0]]","reward2":"[[100,41,9,0],[100,37,10,0]]","reward3":"[[100,41,9,0],[100,37,9,0]]","reward4":"[[100,41,9,0],[100,37,10,0]]"},{"id":"40","eventType":"6","milestoneId":"15","milestoneValue":"5000000000","title":"Tiêu hao cát xê 5b","rewardDesc":"Huy hiệu Sáng tạo cao cấp x10, Huy hiệu Tài Năng cao cấp x10, Gói cuộn x1","reward1":"[[100,41,10,0],[100,37,10,0],[100,66,1,0]]","reward2":"[[100,41,10,0],[100,37,12,0],[100,66,1,0]]","reward3":"[[100,41,10,0],[100,37,10,0],[100,66,1,0]]","reward4":"[[100,41,10,0],[100,37,12,0],[100,66,1,0]]"},{"id":"41","eventType":"6","milestoneId":"16","milestoneValue":"10000000000","title":"Tiêu hao cát xê 10b","rewardDesc":"Huy hiệu Sáng tạo cao cấp x11, Huy hiệu Tài Năng cao cấp x11, Gói cuộn x2","reward1":"[[100,41,11,0],[100,37,11,0],[100,66,2,0]]","reward2":"[[100,41,11,0],[100,37,12,0],[100,66,2,0]]","reward3":"[[100,41,11,0],[100,37,11,0],[100,66,2,0]]","reward4":"[[100,41,11,0],[100,37,12,0],[100,66,2,0]]"},{"id":"42","eventType":"6","milestoneId":"17","milestoneValue":"20000000000","title":"Tiêu hao cát xê 20b","rewardDesc":"Huy hiệu Sáng tạo cao cấp x12, Huy hiệu Tài Năng cao cấp x12, Gói cuộn x2","reward1":"[[100,41,12,0],[100,37,12,0],[100,66,2,0]]","reward2":"[[100,41,12,0],[100,37,15,0],[100,66,2,0]]","reward3":"[[100,41,12,0],[100,37,12,0],[100,66,2,0]]","reward4":"[[100,41,12,0],[100,37,15,0],[100,66,2,0]]"},{"id":"43","eventType":"6","milestoneId":"18","milestoneValue":"50000000000","title":"Tiêu hao cát xê 50b","rewardDesc":"Huy hiệu Sáng tạo cao cấp x15, Huy hiệu Tài Năng cao cấp x15, Gói cuộn x2","reward1":"[[100,41,15,0],[100,37,15,0],[100,66,2,0]]","reward2":"[[100,41,15,0],[100,37,20,0],[100,66,2,0]]","reward3":"[[100,41,15,0],[100,37,15,0],[100,66,2,0]]","reward4":"[[100,41,15,0],[100,37,20,0],[100,66,2,0]]"},{"id":"44","eventType":"7","milestoneId":"1","milestoneValue":"100000","title":"Tiêu hao view 100k","rewardDesc":"Đĩa than x1, Black Chocolate - Quà tặng Fan x1","reward1":"[[100,19,10,0],[100,28,10,0]]","reward2":"[[100,19,10,0],[100,28,12,0]]","reward3":"[[100,19,10,0],[100,28,10,0]]","reward4":"[[100,19,10,0],[100,28,12,0]]"},{"id":"45","eventType":"7","milestoneId":"2","milestoneValue":"200000","title":"Tiêu hao view 200k","rewardDesc":"Đĩa than x1, Black Chocolate - Quà tặng Fan x1","reward1":"[[100,19,10,0],[100,28,10,0]]","reward2":"[[100,19,10,0],[100,28,12,0]]","reward3":"[[100,19,10,0],[100,28,10,0]]","reward4":"[[100,19,10,0],[100,28,12,0]]"},{"id":"46","eventType":"7","milestoneId":"3","milestoneValue":"500000","title":"Tiêu hao view 500k","rewardDesc":"Đĩa CD x1, Chocolate cầu vồng - Quà tặng Fan  x1","reward1":"[[100,20,10,0],[100,29,10,0]]","reward2":"[[100,20,10,0],[100,29,12,0]]","reward3":"[[100,20,10,0],[100,29,10,0]]","reward4":"[[100,20,10,0],[100,29,12,0]]"},{"id":"47","eventType":"7","milestoneId":"4","milestoneValue":"1000000","title":"Tiêu hao view 1m","rewardDesc":"Đĩa CD x1, Chocolate cầu vồng - Quà tặng Fan  x1","reward1":"[[100,20,10,0],[100,29,10,0]]","reward2":"[[100,20,10,0],[100,29,12,0]]","reward3":"[[100,20,10,0],[100,29,10,0]]","reward4":"[[100,20,10,0],[100,29,12,0]]"},{"id":"48","eventType":"7","milestoneId":"5","milestoneValue":"2000000","title":"Tiêu hao view 2m","rewardDesc":"Đĩa CD x2, Chocolate cầu vồng - Quà tặng Fan  x2","reward1":"[[100,20,20,0],[100,29,20,0]]","reward2":"[[100,20,20,0],[100,29,25,0]]","reward3":"[[100,20,20,0],[100,29,20,0]]","reward4":"[[100,20,20,0],[100,29,25,0]]"},{"id":"49","eventType":"7","milestoneId":"6","milestoneValue":"5000000","title":"Tiêu hao view 5m","rewardDesc":"Đĩa CD x2, Chocolate cầu vồng - Quà tặng Fan  x2","reward1":"[[100,20,20,0],[100,29,20,0]]","reward2":"[[100,20,20,0],[100,29,25,0]]","reward3":"[[100,20,20,0],[100,29,20,0]]","reward4":"[[100,20,20,0],[100,29,25,0]]"},{"id":"50","eventType":"7","milestoneId":"7","milestoneValue":"10000000","title":"Tiêu hao view 10m","rewardDesc":"Đĩa Bạc CD x1, Lighstick trái tim - Quà tặng Fan  x1","reward1":"[[100,21,10,0],[100,30,10,0]]","reward2":"[[100,21,10,0],[100,30,15,0]]","reward3":"[[100,21,10,0],[100,30,10,0]]","reward4":"[[100,21,10,0],[100,30,15,0]]"},{"id":"51","eventType":"7","milestoneId":"8","milestoneValue":"20000000","title":"Tiêu hao view 20m","rewardDesc":"Đĩa Bạc CD x1, Lighstick trái tim - Quà tặng Fan  x1","reward1":"[[100,21,10,0],[100,30,10,0]]","reward2":"[[100,21,10,0],[100,30,15,0]]","reward3":"[[100,21,10,0],[100,30,10,0]]","reward4":"[[100,21,10,0],[100,30,15,0]]"},{"id":"52","eventType":"7","milestoneId":"9","milestoneValue":"50000000","title":"Tiêu hao view 50m","rewardDesc":"Đĩa Bạc CD x2, Lighstick trái tim - Quà tặng Fan  x2","reward1":"[[100,21,20,0],[100,30,20,0]]","reward2":"[[100,21,20,0],[100,30,25,0]]","reward3":"[[100,21,20,0],[100,30,20,0]]","reward4":"[[100,21,20,0],[100,30,25,0]]"},{"id":"53","eventType":"7","milestoneId":"10","milestoneValue":"100000000","title":"Tiêu hao view 100m","rewardDesc":"Đĩa DVD x1, Nhẫn Didire dubot x1","reward1":"[[100,23,10,0],[100,32,10,0]]","reward2":"[[100,23,10,0],[100,32,15,0]]","reward3":"[[100,23,10,0],[100,32,10,0]]","reward4":"[[100,23,10,0],[100,32,15,0]]"},{"id":"54","eventType":"7","milestoneId":"11","milestoneValue":"200000000","title":"Tiêu hao view 200m","rewardDesc":"Đĩa DVD x1, Nhẫn Didire dubot x1","reward1":"[[100,23,10,0],[100,32,10,0]]","reward2":"[[100,23,10,0],[100,32,15,0]]","reward3":"[[100,23,10,0],[100,32,10,0]]","reward4":"[[100,23,10,0],[100,32,15,0]]"},{"id":"55","eventType":"7","milestoneId":"12","milestoneValue":"500000000","title":"Tiêu hao view 500m","rewardDesc":"Đĩa bạc DVD x1, Vòng tai Didire dubot x1","reward1":"[[100,24,10,0],[100,33,10,0]]","reward2":"[[100,24,10,0],[100,33,15,0]]","reward3":"[[100,24,10,0],[100,33,10,0]]","reward4":"[[100,24,10,0],[100,33,15,0]]"},{"id":"56","eventType":"7","milestoneId":"13","milestoneValue":"1000000000","title":"Tiêu hao view 1b","rewardDesc":"Đĩa bạc DVD x2, Vòng tai Didire dubot x2","reward1":"[[100,24,20,0],[100,33,20,0]]","reward2":"[[100,24,20,0],[100,33,25,0]]","reward3":"[[100,24,20,0],[100,33,20,0]]","reward4":"[[100,24,20,0],[100,33,25,0]]"},{"id":"57","eventType":"7","milestoneId":"14","milestoneValue":"2000000000","title":"Tiêu hao view 2b","rewardDesc":"Đĩa Vàng DVD x1, Vòng cổ Didire dubot x1","reward1":"[[100,25,10,0],[100,34,10,0]]","reward2":"[[100,25,10,0],[100,34,15,0]]","reward3":"[[100,25,10,0],[100,34,10,0]]","reward4":"[[100,25,10,0],[100,34,15,0]]"},{"id":"58","eventType":"7","milestoneId":"15","milestoneValue":"5000000000","title":"Tiêu hao view 5b","rewardDesc":"Đĩa Vàng DVD x1, Vòng cổ Didire dubot x1","reward1":"[[100,25,10,0],[100,34,10,0]]","reward2":"[[100,25,10,0],[100,34,15,0]]","reward3":"[[100,25,10,0],[100,34,10,0]]","reward4":"[[100,25,10,0],[100,34,15,0]]"},{"id":"59","eventType":"7","milestoneId":"16","milestoneValue":"10000000000","title":"Tiêu hao view 10b","rewardDesc":"Đĩa Vàng DVD x2, Vòng cổ Didire dubot x2","reward1":"[[100,25,20,0],[100,34,20,0]]","reward2":"[[100,25,20,0],[100,34,25,0]]","reward3":"[[100,25,20,0],[100,34,20,0]]","reward4":"[[100,25,20,0],[100,34,25,0]]"},{"id":"60","eventType":"7","milestoneId":"17","milestoneValue":"30000000000","title":"Tiêu hao view 30b","rewardDesc":"Đĩa Vàng DVD x2, Vòng cổ Didire dubot x2, Gói cuộn x1","reward1":"[[100,25,20,0],[100,34,20,0],[100,66,1,0]]","reward2":"[[100,25,20,0],[100,34,25,0],[100,66,1,0]]","reward3":"[[100,25,20,0],[100,34,20,0],[100,66,1,0]]","reward4":"[[100,25,20,0],[100,34,25,0],[100,66,1,0]]"},{"id":"61","eventType":"7","milestoneId":"18","milestoneValue":"50000000000","title":"Tiêu hao view 50b","rewardDesc":"Đĩa Vàng DVD x3, Vòng cổ Didire dubot x3, Gói cuộn x1","reward1":"[[100,25,30,0],[100,34,30,0],[100,66,1,0]]","reward2":"[[100,25,30,0],[100,34,40,0],[100,66,1,0]]","reward3":"[[100,25,30,0],[100,34,30,0],[100,66,1,0]]","reward4":"[[100,25,30,0],[100,34,40,0],[100,66,1,0]]"},{"id":"62","eventType":"8","milestoneId":"1","milestoneValue":"100000","title":"Tiêu hao fan 100k","rewardDesc":"Huy hiệu Tài Năng trung cấp x1, Cổ động - Trang phục biểu diễn x1","reward1":"[[100,36,1,0],[100,26,1,0]]","reward2":"[[100,36,1,0],[100,26,2,0]]","reward3":"[[100,36,1,0],[100,26,1,0]]","reward4":"[[100,36,1,0],[100,26,2,0]]"},{"id":"63","eventType":"8","milestoneId":"2","milestoneValue":"200000","title":"Tiêu hao fan 200k","rewardDesc":"Huy hiệu Tài Năng trung cấp x1, Cổ động - Trang phục biểu diễn x1","reward1":"[[100,36,1,0],[100,26,1,0]]","reward2":"[[100,36,1,0],[100,26,3,0]]","reward3":"[[100,36,1,0],[100,26,1,0]]","reward4":"[[100,36,1,0],[100,26,3,0]]"},{"id":"64","eventType":"8","milestoneId":"3","milestoneValue":"500000","title":"Tiêu hao fan 500k","rewardDesc":"Huy hiệu Tài Năng trung cấp x1, Cổ động - Trang phục biểu diễn x2","reward1":"[[100,36,1,0],[100,26,2,0]]","reward2":"[[100,36,1,0],[100,26,3,0]]","reward3":"[[100,36,1,0],[100,26,2,0]]","reward4":"[[100,36,1,0],[100,26,3,0]]"},{"id":"65","eventType":"8","milestoneId":"4","milestoneValue":"1000000","title":"Tiêu hao fan 1m","rewardDesc":"Huy hiệu Tài Năng trung cấp x1, Hawai - Trang phục biểu diễn x1","reward1":"[[100,36,1,0],[100,27,1,0]]","reward2":"[[100,36,1,0],[100,27,2,0]]","reward3":"[[100,36,1,0],[100,27,1,0]]","reward4":"[[100,36,1,0],[100,27,2,0]]"},{"id":"66","eventType":"8","milestoneId":"5","milestoneValue":"2000000","title":"Tiêu hao fan 2m","rewardDesc":"Huy hiệu Tài Năng trung cấp x1, Hawai - Trang phục biểu diễn x1","reward1":"[[100,36,1,0],[100,27,1,0]]","reward2":"[[100,36,1,0],[100,27,2,0]]","reward3":"[[100,36,1,0],[100,27,1,0]]","reward4":"[[100,36,1,0],[100,27,2,0]]"},{"id":"67","eventType":"8","milestoneId":"6","milestoneValue":"5000000","title":"Tiêu hao fan 5m","rewardDesc":"Huy hiệu Tài Năng trung cấp x2, Hawai - Trang phục biểu diễn x2","reward1":"[[100,36,2,0],[100,27,2,0]]","reward2":"[[100,36,2,0],[100,27,3,0]]","reward3":"[[100,36,2,0],[100,27,2,0]]","reward4":"[[100,36,2,0],[100,27,3,0]]"},{"id":"68","eventType":"8","milestoneId":"7","milestoneValue":"10000000","title":"Tiêu hao fan 10m","rewardDesc":"Huy hiệu Tài Năng cao cấp x1, Hawai - Trang phục biểu diễn x2","reward1":"[[100,37,1,0],[100,27,2,0]]","reward2":"[[100,37,1,0],[100,27,3,0]]","reward3":"[[100,37,1,0],[100,27,2,0]]","reward4":"[[100,37,1,0],[100,27,3,0]]"},{"id":"69","eventType":"8","milestoneId":"8","milestoneValue":"20000000","title":"Tiêu hao fan 20m","rewardDesc":"Huy hiệu Tài Năng cao cấp x2, Hawai - Trang phục biểu diễn x2","reward1":"[[100,37,2,0],[100,27,2,0]]","reward2":"[[100,37,2,0],[100,27,3,0]]","reward3":"[[100,37,2,0],[100,27,2,0]]","reward4":"[[100,37,2,0],[100,27,3,0]]"},{"id":"70","eventType":"8","milestoneId":"9","milestoneValue":"50000000","title":"Tiêu hao fan 50m","rewardDesc":"Huy hiệu Tài Năng cao cấp x3, Hawai - Trang phục biểu diễn x5","reward1":"[[100,37,3,0],[100,27,5,0]]","reward2":"[[100,37,3,0],[100,27,6,0]]","reward3":"[[100,37,3,0],[100,27,5,0]]","reward4":"[[100,37,3,0],[100,27,6,0]]"},{"id":"71","eventType":"8","milestoneId":"10","milestoneValue":"100000000","title":"Tiêu hao fan 100m","rewardDesc":"Huy hiệu Tài Năng cao cấp x3, Hawai - Trang phục biểu diễn x5","reward1":"[[100,37,3,0],[100,27,5,0]]","reward2":"[[100,37,3,0],[100,27,6,0]]","reward3":"[[100,37,3,0],[100,27,5,0]]","reward4":"[[100,37,3,0],[100,27,6,0]]"},{"id":"72","eventType":"8","milestoneId":"11","milestoneValue":"200000000","title":"Tiêu hao fan 200m","rewardDesc":"Huy hiệu Tài Năng cao cấp x4, Hawai - Trang phục biểu diễn x6","reward1":"[[100,37,4,0],[100,27,6,0]]","reward2":"[[100,37,4,0],[100,27,8,0]]","reward3":"[[100,37,4,0],[100,27,6,0]]","reward4":"[[100,37,4,0],[100,27,8,0]]"},{"id":"73","eventType":"8","milestoneId":"12","milestoneValue":"500000000","title":"Tiêu hao fan 500m","rewardDesc":"Huy hiệu Tài Năng cao cấp x5, Hawai - Trang phục biểu diễn x6","reward1":"[[100,37,5,0],[100,27,6,0]]","reward2":"[[100,37,5,0],[100,27,8,0]]","reward3":"[[100,37,5,0],[100,27,6,0]]","reward4":"[[100,37,5,0],[100,27,8,0]]"},{"id":"74","eventType":"8","milestoneId":"13","milestoneValue":"1000000000","title":"Tiêu hao fan 1b","rewardDesc":"Huy hiệu Tài Năng cao cấp x5, Hawai - Trang phục biểu diễn x10","reward1":"[[100,37,5,0],[100,27,10,0]]","reward2":"[[100,37,5,0],[100,27,12,0]]","reward3":"[[100,37,5,0],[100,27,10,0]]","reward4":"[[100,37,5,0],[100,27,12,0]]"},{"id":"75","eventType":"8","milestoneId":"14","milestoneValue":"2000000000","title":"Tiêu hao fan 2b","rewardDesc":"Huy hiệu Tài Năng cao cấp x6, Hawai - Trang phục biểu diễn x10","reward1":"[[100,37,6,0],[100,27,10,0]]","reward2":"[[100,37,6,0],[100,27,12,0]]","reward3":"[[100,37,6,0],[100,27,10,0]]","reward4":"[[100,37,6,0],[100,27,12,0]]"},{"id":"76","eventType":"8","milestoneId":"15","milestoneValue":"5000000000","title":"Tiêu hao fan 5b","rewardDesc":"Huy hiệu Tài Năng cao cấp x6, Hawai - Trang phục biểu diễn x20","reward1":"[[100,37,6,0],[100,27,10,0]]","reward2":"[[100,37,6,0],[100,27,12,0]]","reward3":"[[100,37,6,0],[100,27,10,0]]","reward4":"[[100,37,6,0],[100,27,12,0]]"},{"id":"77","eventType":"8","milestoneId":"16","milestoneValue":"10000000000","title":"Tiêu hao fan 10b","rewardDesc":"Huy hiệu Tài Năng cao cấp x10, Hawai - Trang phục biểu diễn x20","reward1":"[[100,37,10,0],[100,27,20,0]]","reward2":"[[100,37,10,0],[100,27,25,0]]","reward3":"[[100,37,10,0],[100,27,20,0]]","reward4":"[[100,37,10,0],[100,27,25,0]]"},{"id":"78","eventType":"8","milestoneId":"17","milestoneValue":"30000000000","title":"Tiêu hao fan 30b","rewardDesc":"Huy hiệu Tài Năng cao cấp x10, Hawai - Trang phục biểu diễn x20, Gói cuộn x1","reward1":"[[100,37,10,0],[100,27,20,0],[100,66,1,0]]","reward2":"[[100,37,10,0],[100,27,25,0],[100,66,1,0]]","reward3":"[[100,37,10,0],[100,27,20,0],[100,66,1,0]]","reward4":"[[100,37,10,0],[100,27,25,0],[100,66,1,0]]"},{"id":"79","eventType":"8","milestoneId":"18","milestoneValue":"50000000000","title":"Tiêu hao fan 50b","rewardDesc":"Huy hiệu Tài Năng cao cấp x10, Hawai - Trang phục biểu diễn x30, Gói cuộn x1","reward1":"[[100,37,10,0],[100,27,30,0],[100,66,1,0]]","reward2":"[[100,37,10,0],[100,27,40,0],[100,66,1,0]]","reward3":"[[100,37,10,0],[100,27,30,0],[100,66,1,0]]","reward4":"[[100,37,10,0],[100,27,40,0],[100,66,1,0]]"},{"id":"80","eventType":"9","milestoneId":"1","milestoneValue":"10","title":"Số lần sáng tác 10","rewardDesc":"Huy hiệu Diễn Xuất trung cấp x1,Huy hiệu Cuốn Hút trung cấp x1,Cát xê,Fans","reward1":"[[100,44,1,0],[100,48,1,0],[1,1,50000,0],[1,3,50000,0]]","reward2":"[[100,44,1,0],[100,48,1,0],[1,1,100000,0],[1,3,100000,0]]","reward3":"[[100,44,1,0],[100,48,1,0],[1,1,50000,0],[1,3,50000,0]]","reward4":"[[100,44,1,0],[100,48,1,0],[1,1,100000,0],[1,3,100000,0]]"},{"id":"81","eventType":"9","milestoneId":"2","milestoneValue":"20","title":"Số lần sáng tác 20","rewardDesc":"Huy hiệu Diễn Xuất trung cấp x1,Huy hiệu Cuốn Hút trung cấp x1,Cát xê,Fans","reward1":"[[100,44,1,0],[100,48,1,0],[1,1,50000,0],[1,3,50000,0]]","reward2":"[[100,44,1,0],[100,48,1,0],[1,1,100000,0],[1,3,100000,0]]","reward3":"[[100,44,1,0],[100,48,1,0],[1,1,50000,0],[1,3,50000,0]]","reward4":"[[100,44,1,0],[100,48,1,0],[1,1,100000,0],[1,3,100000,0]]"},{"id":"82","eventType":"9","milestoneId":"3","milestoneValue":"40","title":"Số lần sáng tác 40","rewardDesc":"Huy hiệu Diễn Xuất trung cấp x1,Huy hiệu Cuốn Hút trung cấp x1,Cát xê,Fans","reward1":"[[100,44,1,0],[100,48,1,0],[1,1,100000,0],[1,3,100000,0]]","reward2":"[[100,44,1,0],[100,48,1,0],[1,1,100000,0],[1,3,100000,0]]","reward3":"[[100,44,1,0],[100,48,1,0],[1,1,50000,0],[1,3,50000,0]]","reward4":"[[100,44,1,0],[100,48,1,0],[1,1,100000,0],[1,3,100000,0]]"},{"id":"83","eventType":"9","milestoneId":"4","milestoneValue":"70","title":"Số lần sáng tác 70","rewardDesc":"Huy hiệu Diễn Xuất trung cấp x1,Huy hiệu Cuốn Hút trung cấp x1,Cát xê,Fans","reward1":"[[100,44,1,0],[100,48,1,0],[1,1,150000,0],[1,3,150000,0]]","reward2":"[[100,44,1,0],[100,48,1,0],[1,1,150000,0],[1,3,150000,0]]","reward3":"[[100,44,1,0],[100,48,1,0],[1,1,50000,0],[1,3,50000,0]]","reward4":"[[100,44,1,0],[100,48,1,0],[1,1,100000,0],[1,3,100000,0]]"},{"id":"84","eventType":"9","milestoneId":"5","milestoneValue":"100","title":"Số lần sáng tác 100","rewardDesc":"Huy hiệu Diễn Xuất trung cấp x1,Huy hiệu Cuốn Hút trung cấp x1,Cát xê,Fans","reward1":"[[100,44,1,0],[100,48,1,0],[1,1,150000,0],[1,3,150000,0]]","reward2":"[[100,44,1,0],[100,48,1,0],[1,1,150000,0],[1,3,150000,0]]","reward3":"[[100,44,1,0],[100,48,1,0],[1,1,50000,0],[1,3,50000,0]]","reward4":"[[100,44,1,0],[100,48,1,0],[1,1,100000,0],[1,3,100000,0]]"},{"id":"85","eventType":"9","milestoneId":"6","milestoneValue":"150","title":"Số lần sáng tác 150","rewardDesc":"Huy hiệu Diễn Xuất trung cấp x1,Huy hiệu Cuốn Hút trung cấp x1,Cát xê,Fans","reward1":"[[100,44,1,0],[100,48,1,0],[1,1,200000,0],[1,3,200000,0]]","reward2":"[[100,44,1,0],[100,48,1,0],[1,1,200000,0],[1,3,200000,0]]","reward3":"[[100,44,1,0],[100,48,1,0],[1,1,50000,0],[1,3,50000,0]]","reward4":"[[100,44,1,0],[100,48,1,0],[1,1,100000,0],[1,3,100000,0]]"},{"id":"86","eventType":"9","milestoneId":"7","milestoneValue":"200","title":"Số lần sáng tác 200","rewardDesc":"Huy hiệu Diễn Xuất trung cấp x1,Huy hiệu Cuốn Hút trung cấp x1,Cát xê,Fans","reward1":"[[100,44,1,0],[100,48,1,0],[1,1,200000,0],[1,3,200000,0]]","reward2":"[[100,44,1,0],[100,48,1,0],[1,1,200000,0],[1,3,200000,0]]","reward3":"[[100,44,1,0],[100,48,1,0],[1,1,50000,0],[1,3,50000,0]]","reward4":"[[100,44,1,0],[100,48,1,0],[1,1,100000,0],[1,3,100000,0]]"},{"id":"87","eventType":"9","milestoneId":"8","milestoneValue":"250","title":"Số lần sáng tác 250","rewardDesc":"Huy hiệu Diễn Xuất trung cấp x2,Huy hiệu Cuốn Hút trung cấp x2,Cát xê,Fans","reward1":"[[100,44,2,0],[100,48,2,0],[1,1,300000,0],[1,3,300000,0]]","reward2":"[[100,44,2,0],[100,48,2,0],[1,1,300000,0],[1,3,300000,0]]","reward3":"[[100,44,2,0],[100,48,2,0],[1,1,100000,0],[1,3,100000,0]]","reward4":"[[100,44,2,0],[100,48,2,0],[1,1,200000,0],[1,3,200000,0]]"},{"id":"88","eventType":"9","milestoneId":"9","milestoneValue":"300","title":"Số lần sáng tác 300","rewardDesc":"Huy hiệu Diễn Xuất trung cấp x3,Huy hiệu Cuốn Hút trung cấp x3,Cát xê,Fans","reward1":"[[100,44,3,0],[100,48,3,0],[1,1,300000,0],[1,3,300000,0]]","reward2":"[[100,44,3,0],[100,48,3,0],[1,1,300000,0],[1,3,300000,0]]","reward3":"[[100,44,3,0],[100,48,3,0],[1,1,150000,0],[1,3,150000,0]]","reward4":"[[100,44,3,0],[100,48,3,0],[1,1,250000,0],[1,3,250000,0]]"},{"id":"89","eventType":"9","milestoneId":"10","milestoneValue":"350","title":"Số lần sáng tác 350","rewardDesc":"Huy hiệu Diễn Xuất trung cấp x4,Huy hiệu Cuốn Hút trung cấp x4,Cát xê,Fans","reward1":"[[100,44,4,0],[100,48,4,0],[1,1,400000,0],[1,3,400000,0]]","reward2":"[[100,44,4,0],[100,48,4,0],[1,1,400000,0],[1,3,400000,0]]","reward3":"[[100,44,4,0],[100,48,4,0],[1,1,200000,0],[1,3,200000,0]]","reward4":"[[100,44,4,0],[100,48,4,0],[1,1,300000,0],[1,3,300000,0]]"},{"id":"90","eventType":"9","milestoneId":"11","milestoneValue":"400","title":"Số lần sáng tác 400","rewardDesc":"Huy hiệu Diễn Xuất trung cấp x5,Huy hiệu Cuốn Hút trung cấp x5,Cát xê,Fans","reward1":"[[100,44,5,0],[100,48,5,0],[1,1,400000,0],[1,3,400000,0]]","reward2":"[[100,44,5,0],[100,48,5,0],[1,1,400000,0],[1,3,400000,0]]","reward3":"[[100,44,5,0],[100,48,5,0],[1,1,250000,0],[1,3,250000,0]]","reward4":"[[100,44,5,0],[100,48,5,0],[1,1,350000,0],[1,3,350000,0]]"},{"id":"91","eventType":"9","milestoneId":"12","milestoneValue":"500","title":"Số lần sáng tác 500","rewardDesc":"Huy hiệu Diễn Xuất trung cấp x6,Huy hiệu Cuốn Hút trung cấp x6,Cát xê,Fans","reward1":"[[100,44,6,0],[100,48,6,0],[1,1,500000,0],[1,3,500000,0]]","reward2":"[[100,44,6,0],[100,48,6,0],[1,1,500000,0],[1,3,500000,0]]","reward3":"[[100,44,6,0],[100,48,6,0],[1,1,300000,0],[1,3,300000,0]]","reward4":"[[100,44,6,0],[100,48,6,0],[1,1,400000,0],[1,3,400000,0]]"},{"id":"92","eventType":"9","milestoneId":"13","milestoneValue":"600","title":"Số lần sáng tác 600","rewardDesc":"Huy hiệu Diễn Xuất trung cấp x7,Huy hiệu Cuốn Hút trung cấp x7,Cát xê,Fans","reward1":"[[100,44,7,0],[100,48,7,0],[1,1,800000,0],[1,3,800000,0]]","reward2":"[[100,44,7,0],[100,48,7,0],[1,1,800000,0],[1,3,800000,0]]","reward3":"[[100,44,7,0],[100,48,7,0],[1,1,400000,0],[1,3,400000,0]]","reward4":"[[100,44,7,0],[100,48,7,0],[1,1,500000,0],[1,3,500000,0]]"},{"id":"93","eventType":"9","milestoneId":"14","milestoneValue":"700","title":"Số lần sáng tác 700","rewardDesc":"Huy hiệu Diễn Xuất trung cấp x8,Huy hiệu Cuốn Hút trung cấp x8,Cát xê,Fans","reward1":"[[100,44,8,0],[100,48,8,0],[1,1,800000,0],[1,3,800000,0]]","reward2":"[[100,44,8,0],[100,48,8,0],[1,1,800000,0],[1,3,800000,0]]","reward3":"[[100,44,8,0],[100,48,8,0],[1,1,500000,0],[1,3,500000,0]]","reward4":"[[100,44,8,0],[100,48,8,0],[1,1,600000,0],[1,3,600000,0]]"},{"id":"94","eventType":"9","milestoneId":"15","milestoneValue":"800","title":"Số lần sáng tác 800","rewardDesc":"Huy hiệu Diễn Xuất trung cấp x9,Huy hiệu Cuốn Hút trung cấp x9,Cát xê,Fans","reward1":"[[100,44,9,0],[100,48,9,0],[1,1,1200000,0],[1,3,1200000,0]]","reward2":"[[100,44,9,0],[100,48,9,0],[1,1,1200000,0],[1,3,1200000,0]]","reward3":"[[100,44,9,0],[100,48,9,0],[1,1,600000,0],[1,3,600000,0]]","reward4":"[[100,44,9,0],[100,48,9,0],[1,1,1000000,0],[1,3,1000000,0]]"},{"id":"95","eventType":"9","milestoneId":"16","milestoneValue":"1000","title":"Số lần sáng tác 1000","rewardDesc":"Huy hiệu Diễn Xuất trung cấp x12,Huy hiệu Cuốn Hút trung cấp x12,Cát xê,Fans","reward1":"[[100,44,12,0],[100,48,12,0],[1,1,2000000,0],[1,3,2000000,0]]","reward2":"[[100,44,12,0],[100,48,12,0],[1,1,2000000,0],[1,3,2000000,0]]","reward3":"[[100,44,12,0],[100,48,12,0],[1,1,1000000,0],[1,3,1000000,0]]","reward4":"[[100,44,12,0],[100,48,12,0],[1,1,2000000,0],[1,3,2000000,0]]"},{"id":"96","eventType":"10","milestoneId":"1","milestoneValue":"10","title":"Số lần cày view 10","rewardDesc":"Huy hiệu Sáng tạo trung cấp x1,Huy hiệu Cuốn Hút trung cấp x1,Cát xê,Fans","reward1":"[[100,41,1,0],[100,48,1,0],[1,1,100000,0],[1,3,100000,0]]","reward2":"[[100,41,1,0],[100,48,1,0],[1,1,100000,0],[1,3,100000,0]]","reward3":"[[100,41,1,0],[100,48,1,0],[1,1,50000,0],[1,3,50000,0]]","reward4":"[[100,41,1,0],[100,48,1,0],[1,1,100000,0],[1,3,100000,0]]"},{"id":"97","eventType":"10","milestoneId":"2","milestoneValue":"20","title":"Số lần cày view 20","rewardDesc":"Huy hiệu Sáng tạo trung cấp x1,Huy hiệu Cuốn Hút trung cấp x1,Cát xê,Fans","reward1":"[[100,41,1,0],[100,48,1,0],[1,1,100000,0],[1,3,100000,0]]","reward2":"[[100,41,1,0],[100,48,1,0],[1,1,100000,0],[1,3,100000,0]]","reward3":"[[100,41,1,0],[100,48,1,0],[1,1,50000,0],[1,3,50000,0]]","reward4":"[[100,41,1,0],[100,48,1,0],[1,1,100000,0],[1,3,100000,0]]"},{"id":"98","eventType":"10","milestoneId":"3","milestoneValue":"40","title":"Số lần cày view 40","rewardDesc":"Huy hiệu Sáng tạo trung cấp x1,Huy hiệu Cuốn Hút trung cấp x1,Cát xê,Fans","reward1":"[[100,41,1,0],[100,48,1,0],[1,1,100000,0],[1,3,100000,0]]","reward2":"[[100,41,1,0],[100,48,1,0],[1,1,100000,0],[1,3,100000,0]]","reward3":"[[100,41,1,0],[100,48,1,0],[1,1,50000,0],[1,3,50000,0]]","reward4":"[[100,41,1,0],[100,48,1,0],[1,1,100000,0],[1,3,100000,0]]"},{"id":"99","eventType":"10","milestoneId":"4","milestoneValue":"70","title":"Số lần cày view 70","rewardDesc":"Huy hiệu Sáng tạo trung cấp x1,Huy hiệu Cuốn Hút trung cấp x1,Cát xê,Fans","reward1":"[[100,41,1,0],[100,48,1,0],[1,1,150000,0],[1,3,150000,0]]","reward2":"[[100,41,1,0],[100,48,1,0],[1,1,150000,0],[1,3,150000,0]]","reward3":"[[100,41,1,0],[100,48,1,0],[1,1,50000,0],[1,3,50000,0]]","reward4":"[[100,41,1,0],[100,48,1,0],[1,1,100000,0],[1,3,100000,0]]"},{"id":"100","eventType":"10","milestoneId":"5","milestoneValue":"100","title":"Số lần cày view 100","rewardDesc":"Huy hiệu Sáng tạo trung cấp x1,Huy hiệu Cuốn Hút trung cấp x1,Cát xê,Fans","reward1":"[[100,41,1,0],[100,48,1,0],[1,1,100000,0],[1,3,100000,0]]","reward2":"[[100,41,1,0],[100,48,1,0],[1,1,100000,0],[1,3,100000,0]]","reward3":"[[100,41,1,0],[100,48,1,0],[1,1,50000,0],[1,3,50000,0]]","reward4":"[[100,41,1,0],[100,48,1,0],[1,1,100000,0],[1,3,100000,0]]"},{"id":"101","eventType":"10","milestoneId":"6","milestoneValue":"150","title":"Số lần cày view 150","rewardDesc":"Huy hiệu Sáng tạo trung cấp x1,Huy hiệu Cuốn Hút trung cấp x1,Cát xê,Fans","reward1":"[[100,41,1,0],[100,48,1,0],[1,1,200000,0],[1,3,200000,0]]","reward2":"[[100,41,1,0],[100,48,1,0],[1,1,200000,0],[1,3,200000,0]]","reward3":"[[100,41,1,0],[100,48,1,0],[1,1,50000,0],[1,3,50000,0]]","reward4":"[[100,41,1,0],[100,48,1,0],[1,1,100000,0],[1,3,10000,0]]"},{"id":"102","eventType":"10","milestoneId":"7","milestoneValue":"200","title":"Số lần cày view 200","rewardDesc":"Huy hiệu Sáng tạo trung cấp x1,Huy hiệu Cuốn Hút trung cấp x1,Cát xê,Fans","reward1":"[[100,41,1,0],[100,48,1,0],[1,1,200000,0],[1,3,200000,0]]","reward2":"[[100,41,1,0],[100,48,1,0],[1,1,200000,0],[1,3,200000,0]]","reward3":"[[100,41,1,0],[100,48,1,0],[1,1,50000,0],[1,3,50000,0]]","reward4":"[[100,41,1,0],[100,48,1,0],[1,1,100000,0],[1,3,100000,0]]"},{"id":"103","eventType":"10","milestoneId":"8","milestoneValue":"250","title":"Số lần cày view 250","rewardDesc":"Huy hiệu Sáng tạo trung cấp x2,Huy hiệu Cuốn Hút trung cấp x2,Cát xê,Fans","reward1":"[[100,41,2,0],[100,48,2,0],[1,1,300000,0],[1,3,300000,0]]","reward2":"[[100,41,2,0],[100,48,2,0],[1,1,300000,0],[1,3,300000,0]]","reward3":"[[100,41,2,0],[100,48,2,0],[1,1,100000,0],[1,3,100000,0]]","reward4":"[[100,41,2,0],[100,48,2,0],[1,1,200000,0],[1,3,200000,0]]"},{"id":"104","eventType":"10","milestoneId":"9","milestoneValue":"300","title":"Số lần cày view 300","rewardDesc":"Huy hiệu Sáng tạo trung cấp x3,Huy hiệu Cuốn Hút trung cấp x3,Cát xê,Fans","reward1":"[[100,41,3,0],[100,48,3,0],[1,1,300000,0],[1,3,300000,0]]","reward2":"[[100,41,3,0],[100,48,3,0],[1,1,300000,0],[1,3,300000,0]]","reward3":"[[100,41,3,0],[100,48,3,0],[1,1,150000,0],[1,3,150000,0]]","reward4":"[[100,41,3,0],[100,48,3,0],[1,1,250000,0],[1,3,250000,0]]"},{"id":"105","eventType":"10","milestoneId":"10","milestoneValue":"350","title":"Số lần cày view 350","rewardDesc":"Huy hiệu Sáng tạo trung cấp x4,Huy hiệu Cuốn Hút trung cấp x4,Cát xê,Fans","reward1":"[[100,41,4,0],[100,48,4,0],[1,1,400000,0],[1,3,400000,0]]","reward2":"[[100,41,4,0],[100,48,4,0],[1,1,400000,0],[1,3,400000,0]]","reward3":"[[100,41,4,0],[100,48,4,0],[1,1,200000,0],[1,3,200000,0]]","reward4":"[[100,41,4,0],[100,48,4,0],[1,1,300000,0],[1,3,300000,0]]"},{"id":"106","eventType":"10","milestoneId":"11","milestoneValue":"400","title":"Số lần cày view 400","rewardDesc":"Huy hiệu Sáng tạo trung cấp x5,Huy hiệu Cuốn Hút trung cấp x5,Cát xê,Fans","reward1":"[[100,41,5,0],[100,48,5,0],[1,1,400000,0],[1,3,400000,0]]","reward2":"[[100,41,5,0],[100,48,5,0],[1,1,400000,0],[1,3,400000,0]]","reward3":"[[100,41,5,0],[100,48,5,0],[1,1,250000,0],[1,3,250000,0]]","reward4":"[[100,41,5,0],[100,48,5,0],[1,1,350000,0],[1,3,350000,0]]"},{"id":"107","eventType":"10","milestoneId":"12","milestoneValue":"500","title":"Số lần cày view 500","rewardDesc":"Huy hiệu Sáng tạo trung cấp x6,Huy hiệu Cuốn Hút trung cấp x6,Cát xê,Fans","reward1":"[[100,41,6,0],[100,48,6,0],[1,1,500000,0],[1,3,500000,0]]","reward2":"[[100,41,6,0],[100,48,6,0],[1,1,500000,0],[1,3,500000,0]]","reward3":"[[100,41,6,0],[100,48,6,0],[1,1,300000,0],[1,3,300000,0]]","reward4":"[[100,41,6,0],[100,48,6,0],[1,1,400000,0],[1,3,400000,0]]"},{"id":"108","eventType":"10","milestoneId":"13","milestoneValue":"600","title":"Số lần cày view 600","rewardDesc":"Huy hiệu Sáng tạo trung cấp x7,Huy hiệu Cuốn Hút trung cấp x7,Cát xê,Fans","reward1":"[[100,41,7,0],[100,48,7,0],[1,1,800000,0],[1,3,800000,0]]","reward2":"[[100,41,7,0],[100,48,7,0],[1,1,800000,0],[1,3,800000,0]]","reward3":"[[100,41,7,0],[100,48,7,0],[1,1,400000,0],[1,3,400000,0]]","reward4":"[[100,41,7,0],[100,48,7,0],[1,1,500000,0],[1,3,500000,0]]"},{"id":"109","eventType":"10","milestoneId":"14","milestoneValue":"700","title":"Số lần cày view 700","rewardDesc":"Huy hiệu Sáng tạo trung cấp x8,Huy hiệu Cuốn Hút trung cấp x8,Cát xê,Fans","reward1":"[[100,41,8,0],[100,48,8,0],[1,1,800000,0],[1,3,800000,0]]","reward2":"[[100,41,8,0],[100,48,8,0],[1,1,800000,0],[1,3,800000,0]]","reward3":"[[100,41,8,0],[100,48,8,0],[1,1,500000,0],[1,3,500000,0]]","reward4":"[[100,41,8,0],[100,48,8,0],[1,1,600000,0],[1,3,600000,0]]"},{"id":"110","eventType":"10","milestoneId":"15","milestoneValue":"800","title":"Số lần cày view 800","rewardDesc":"Huy hiệu Sáng tạo trung cấp x9,Huy hiệu Cuốn Hút trung cấp x9,Cát xê,Fans","reward1":"[[100,41,9,0],[100,48,9,0],[1,1,1200000,0],[1,3,1200000,0]]","reward2":"[[100,41,9,0],[100,48,9,0],[1,1,1200000,0],[1,3,1200000,0]]","reward3":"[[100,41,9,0],[100,48,9,0],[1,1,600000,0],[1,3,600000,0]]","reward4":"[[100,41,9,0],[100,48,9,0],[1,1,1000000,0],[1,3,1000000,0]]"},{"id":"111","eventType":"10","milestoneId":"16","milestoneValue":"1000","title":"Số lần cày view 1000","rewardDesc":"Huy hiệu Sáng tạo trung cấp x12,Huy hiệu Cuốn Hút trung cấp x12,Cát xê,Fans","reward1":"[[100,41,12,0],[100,48,12,0],[1,1,2000000,0],[1,3,2000000,0]]","reward2":"[[100,41,12,0],[100,48,12,0],[1,1,2000000,0],[1,3,2000000,0]]","reward3":"[[100,41,12,0],[100,48,12,0],[1,1,1000000,0],[1,3,1000000,0]]","reward4":"[[100,41,12,0],[100,48,12,0],[1,1,2000000,0],[1,3,2000000,0]]"},{"id":"112","eventType":"11","milestoneId":"1","milestoneValue":"10","title":"Số lần fan meeting 10","rewardDesc":"Huy hiệu Sáng tạo trung cấp x1,Huy hiệu Biểu Diễn trung cấp x1,Cát xê,Fans","reward1":"[[100,44,1,0],[100,48,1,0],[1,1,50000,0],[1,3,50000,0]]","reward2":"[[100,44,1,0],[100,48,1,0],[1,1,100000,0],[1,3,100000,0]]","reward3":"[[100,44,1,0],[100,48,1,0],[1,1,50000,0],[1,3,50000,0]]","reward4":"[[100,44,1,0],[100,48,1,0],[1,1,100000,0],[1,3,100000,0]]"},{"id":"113","eventType":"11","milestoneId":"2","milestoneValue":"20","title":"Số lần fan meeting 20","rewardDesc":"Huy hiệu Sáng tạo trung cấp x1,Huy hiệu Biểu Diễn trung cấp x1,Cát xê,Fans","reward1":"[[100,44,1,0],[100,48,1,0],[1,1,50000,0],[1,3,50000,0]]","reward2":"[[100,44,1,0],[100,48,1,0],[1,1,100000,0],[1,3,100000,0]]","reward3":"[[100,44,1,0],[100,48,1,0],[1,1,50000,0],[1,3,50000,0]]","reward4":"[[100,44,1,0],[100,48,1,0],[1,1,100000,0],[1,3,100000,0]]"},{"id":"114","eventType":"11","milestoneId":"3","milestoneValue":"40","title":"Số lần fan meeting 40","rewardDesc":"Huy hiệu Sáng tạo trung cấp x1,Huy hiệu Biểu Diễn trung cấp x1,Cát xê,Fans","reward1":"[[100,44,1,0],[100,48,1,0],[1,1,50000,0],[1,3,50000,0]]","reward2":"[[100,44,1,0],[100,48,1,0],[1,1,100000,0],[1,3,100000,0]]","reward3":"[[100,44,1,0],[100,48,1,0],[1,1,50000,0],[1,3,50000,0]]","reward4":"[[100,44,1,0],[100,48,1,0],[1,1,100000,0],[1,3,100000,0]]"},{"id":"115","eventType":"11","milestoneId":"4","milestoneValue":"70","title":"Số lần fan meeting 70","rewardDesc":"Huy hiệu Sáng tạo trung cấp x1,Huy hiệu Biểu Diễn trung cấp x1,Cát xê,Fans","reward1":"[[100,44,1,0],[100,48,1,0],[1,1,50000,0],[1,3,50000,0]]","reward2":"[[100,44,1,0],[100,48,1,0],[1,1,150000,0],[1,3,150000,0]]","reward3":"[[100,44,1,0],[100,48,1,0],[1,1,50000,0],[1,3,50000,0]]","reward4":"[[100,44,1,0],[100,48,1,0],[1,1,100000,0],[1,3,100000,0]]"},{"id":"116","eventType":"11","milestoneId":"5","milestoneValue":"100","title":"Số lần fan meeting 100","rewardDesc":"Huy hiệu Sáng tạo trung cấp x1,Huy hiệu Biểu Diễn trung cấp x1,Cát xê,Fans","reward1":"[[100,44,1,0],[100,48,1,0],[1,1,50000,0],[1,3,50000,0]]","reward2":"[[100,44,1,0],[100,48,1,0],[1,1,100000,0],[1,3,100000,0]]","reward3":"[[100,44,1,0],[100,48,1,0],[1,1,50000,0],[1,3,50000,0]]","reward4":"[[100,44,1,0],[100,48,1,0],[1,1,100000,0],[1,3,100000,0]]"},{"id":"117","eventType":"11","milestoneId":"6","milestoneValue":"150","title":"Số lần fan meeting 150","rewardDesc":"Huy hiệu Sáng tạo trung cấp x1,Huy hiệu Biểu Diễn trung cấp x1,Cát xê,Fans","reward1":"[[100,44,1,0],[100,48,1,0],[1,1,50000,0],[1,3,50000,0]]","reward2":"[[100,44,1,0],[100,48,1,0],[1,1,100000,0],[1,3,100000,0]]","reward3":"[[100,44,1,0],[100,48,1,0],[1,1,50000,0],[1,3,50000,0]]","reward4":"[[100,44,1,0],[100,48,1,0],[1,1,100000,0],[1,3,100000,0]]"},{"id":"118","eventType":"11","milestoneId":"7","milestoneValue":"200","title":"Số lần fan meeting 200","rewardDesc":"Huy hiệu Sáng tạo trung cấp x1,Huy hiệu Biểu Diễn trung cấp x1,Cát xê,Fans","reward1":"[[100,44,1,0],[100,48,1,0],[1,1,50000,0],[1,3,50000,0]]","reward2":"[[100,44,1,0],[100,48,1,0],[1,1,100000,0],[1,3,100000,0]]","reward3":"[[100,44,1,0],[100,48,1,0],[1,1,50000,0],[1,3,50000,0]]","reward4":"[[100,44,1,0],[100,48,1,0],[1,1,100000,0],[1,3,100000,0]]"},{"id":"119","eventType":"11","milestoneId":"8","milestoneValue":"250","title":"Số lần fan meeting 250","rewardDesc":"Huy hiệu Sáng tạo trung cấp x2,Huy hiệu Biểu Diễn trung cấp x2,Cát xê,Fans","reward1":"[[100,44,2,0],[100,48,2,0],[1,1,100000,0],[1,3,100000,0]]","reward2":"[[100,44,2,0],[100,48,2,0],[1,1,200000,0],[1,3,200000,0]]","reward3":"[[100,44,2,0],[100,48,2,0],[1,1,100000,0],[1,3,100000,0]]","reward4":"[[100,44,2,0],[100,48,2,0],[1,1,200000,0],[1,3,200000,0]]"},{"id":"120","eventType":"11","milestoneId":"9","milestoneValue":"300","title":"Số lần fan meeting 300","rewardDesc":"Huy hiệu Sáng tạo trung cấp x3,Huy hiệu Biểu Diễn trung cấp x3,Cát xê,Fans","reward1":"[[100,44,3,0],[100,48,3,0],[1,1,150000,0],[1,3,150000,0]]","reward2":"[[100,44,3,0],[100,48,3,0],[1,1,250000,0],[1,3,250000,0]]","reward3":"[[100,44,3,0],[100,48,3,0],[1,1,150000,0],[1,3,150000,0]]","reward4":"[[100,44,3,0],[100,48,3,0],[1,1,250000,0],[1,3,250000,0]]"},{"id":"121","eventType":"11","milestoneId":"10","milestoneValue":"350","title":"Số lần fan meeting 350","rewardDesc":"Huy hiệu Sáng tạo trung cấp x4,Huy hiệu Biểu Diễn trung cấp x4,Cát xê,Fans","reward1":"[[100,44,4,0],[100,48,4,0],[1,1,200000,0],[1,3,200000,0]]","reward2":"[[100,44,4,0],[100,48,4,0],[1,1,300000,0],[1,3,300000,0]]","reward3":"[[100,44,4,0],[100,48,4,0],[1,1,200000,0],[1,3,200000,0]]","reward4":"[[100,44,4,0],[100,48,4,0],[1,1,300000,0],[1,3,300000,0]]"},{"id":"122","eventType":"11","milestoneId":"11","milestoneValue":"400","title":"Số lần fan meeting 400","rewardDesc":"Huy hiệu Sáng tạo trung cấp x5,Huy hiệu Biểu Diễn trung cấp x5,Cát xê,Fans","reward1":"[[100,44,5,0],[100,48,5,0],[1,1,250000,0],[1,3,250000,0]]","reward2":"[[100,44,5,0],[100,48,5,0],[1,1,350000,0],[1,3,350000,0]]","reward3":"[[100,44,5,0],[100,48,5,0],[1,1,250000,0],[1,3,250000,0]]","reward4":"[[100,44,5,0],[100,48,5,0],[1,1,350000,0],[1,3,350000,0]]"},{"id":"123","eventType":"11","milestoneId":"12","milestoneValue":"500","title":"Số lần fan meeting 500","rewardDesc":"Huy hiệu Sáng tạo trung cấp x6,Huy hiệu Biểu Diễn trung cấp x6,Cát xê,Fans","reward1":"[[100,44,6,0],[100,48,6,0],[1,1,300000,0],[1,3,300000,0]]","reward2":"[[100,44,6,0],[100,48,6,0],[1,1,400000,0],[1,3,400000,0]]","reward3":"[[100,44,6,0],[100,48,6,0],[1,1,300000,0],[1,3,300000,0]]","reward4":"[[100,44,6,0],[100,48,6,0],[1,1,400000,0],[1,3,400000,0]]"},{"id":"124","eventType":"11","milestoneId":"13","milestoneValue":"600","title":"Số lần fan meeting 600","rewardDesc":"Huy hiệu Sáng tạo trung cấp x7,Huy hiệu Biểu Diễn trung cấp x7,Cát xê,Fans","reward1":"[[100,44,7,0],[100,48,7,0],[1,1,400000,0],[1,3,400000,0]]","reward2":"[[100,44,7,0],[100,48,7,0],[1,1,500000,0],[1,3,500000,0]]","reward3":"[[100,44,7,0],[100,48,7,0],[1,1,400000,0],[1,3,400000,0]]","reward4":"[[100,44,7,0],[100,48,7,0],[1,1,500000,0],[1,3,500000,0]]"},{"id":"125","eventType":"11","milestoneId":"14","milestoneValue":"700","title":"Số lần fan meeting 700","rewardDesc":"Huy hiệu Sáng tạo trung cấp x8,Huy hiệu Biểu Diễn trung cấp x8,Cát xê,Fans","reward1":"[[100,44,8,0],[100,48,8,0],[1,1,500000,0],[1,3,500000,0]]","reward2":"[[100,44,8,0],[100,48,8,0],[1,1,600000,0],[1,3,600000,0]]","reward3":"[[100,44,8,0],[100,48,8,0],[1,1,500000,0],[1,3,500000,0]]","reward4":"[[100,44,8,0],[100,48,8,0],[1,1,600000,0],[1,3,600000,0]]"},{"id":"126","eventType":"11","milestoneId":"15","milestoneValue":"800","title":"Số lần fan meeting 800","rewardDesc":"Huy hiệu Sáng tạo trung cấp x9,Huy hiệu Biểu Diễn trung cấp x9,Cát xê,Fans","reward1":"[[100,44,9,0],[100,48,9,0],[1,1,600000,0],[1,3,600000,0]]","reward2":"[[100,44,9,0],[100,48,9,0],[1,1,1000000,0],[1,3,1000000,0]]","reward3":"[[100,44,9,0],[100,48,9,0],[1,1,600000,0],[1,3,600000,0]]","reward4":"[[100,44,9,0],[100,48,9,0],[1,1,1000000,0],[1,3,1000000,0]]"},{"id":"127","eventType":"11","milestoneId":"16","milestoneValue":"1000","title":"Số lần fan meeting 1000","rewardDesc":"Huy hiệu Sáng tạo trung cấp x12,Huy hiệu Biểu Diễn trung cấp x12,Cát xê,Fans","reward1":"[[100,44,12,0],[100,48,12,0],[1,1,1000000,0],[1,3,1000000,0]]","reward2":"[[100,44,12,0],[100,48,12,0],[1,1,2000000,0],[1,3,2000000,0]]","reward3":"[[100,44,12,0],[100,48,12,0],[1,1,1000000,0],[1,3,1000000,0]]","reward4":"[[100,44,12,0],[100,48,12,0],[1,1,2000000,0],[1,3,2000000,0]]"},{"id":"128","eventType":"12","milestoneId":"1","milestoneValue":"2","title":"Số lần tiêu diệt boss game show 2","rewardDesc":"Huy hiệu Tài Năng cao cấp x1","reward1":"[[100,37,1,0]]","reward2":"[[100,37,2,0]]","reward3":"[[100,37,1,0]]","reward4":"[[100,37,2,0]]"},{"id":"129","eventType":"12","milestoneId":"2","milestoneValue":"4","title":"Số lần tiêu diệt boss game show 4","rewardDesc":"Huy hiệu Tài Năng cao cấp x1","reward1":"[[100,37,1,0]]","reward2":"[[100,37,2,0]]","reward3":"[[100,37,1,0]]","reward4":"[[100,37,2,0]]"},{"id":"130","eventType":"12","milestoneId":"3","milestoneValue":"6","title":"Số lần tiêu diệt boss game show 6","rewardDesc":"Huy hiệu Tài Năng cao cấp x1","reward1":"[[100,37,1,0]]","reward2":"[[100,37,2,0]]","reward3":"[[100,37,1,0]]","reward4":"[[100,37,2,0]]"},{"id":"131","eventType":"12","milestoneId":"4","milestoneValue":"8","title":"Số lần tiêu diệt boss game show 8","rewardDesc":"Huy hiệu Tài Năng cao cấp x1","reward1":"[[100,37,1,0]]","reward2":"[[100,37,2,0]]","reward3":"[[100,37,1,0]]","reward4":"[[100,37,2,0]]"},{"id":"132","eventType":"12","milestoneId":"5","milestoneValue":"10","title":"Số lần tiêu diệt boss game show 10","rewardDesc":"Huy hiệu Tài Năng cao cấp x1","reward1":"[[100,37,1,0]]","reward2":"[[100,37,2,0]]","reward3":"[[100,37,1,0]]","reward4":"[[100,37,2,0]]"},{"id":"133","eventType":"12","milestoneId":"6","milestoneValue":"15","title":"Số lần tiêu diệt boss game show 15","rewardDesc":"Huy hiệu Tài Năng cao cấp x2","reward1":"[[100,37,2,0]]","reward2":"[[100,37,3,0]]","reward3":"[[100,37,2,0]]","reward4":"[[100,37,3,0]]"},{"id":"134","eventType":"12","milestoneId":"7","milestoneValue":"20","title":"Số lần tiêu diệt boss game show 20","rewardDesc":"Huy hiệu Tài Năng cao cấp x3","reward1":"[[100,37,3,0]]","reward2":"[[100,37,4,0]]","reward3":"[[100,37,3,0]]","reward4":"[[100,37,4,0]]"},{"id":"135","eventType":"12","milestoneId":"8","milestoneValue":"25","title":"Số lần tiêu diệt boss game show 25","rewardDesc":"Huy hiệu Tài Năng cao cấp x4","reward1":"[[100,37,4,0]]","reward2":"[[100,37,5,0]]","reward3":"[[100,37,4,0]]","reward4":"[[100,37,5,0]]"},{"id":"136","eventType":"12","milestoneId":"9","milestoneValue":"30","title":"Số lần tiêu diệt boss game show 30","rewardDesc":"Huy hiệu Tài Năng cao cấp x5","reward1":"[[100,37,5,0]]","reward2":"[[100,37,6,0]]","reward3":"[[100,37,5,0]]","reward4":"[[100,37,6,0]]"},{"id":"137","eventType":"12","milestoneId":"10","milestoneValue":"35","title":"Số lần tiêu diệt boss game show 35","rewardDesc":"Huy hiệu Tài Năng cao cấp x5, Gói EXP thư tịch x2","reward1":"[[100,37,5,0],[100,57,2,0]]","reward2":"[[100,37,5,0],[100,57,3,0]]","reward3":"[[100,37,5,0],[100,57,2,0]]","reward4":"[[100,37,5,0],[100,57,3,0]]"},{"id":"138","eventType":"12","milestoneId":"11","milestoneValue":"40","title":"Số lần tiêu diệt boss game show 40","rewardDesc":"Huy hiệu Tài Năng cao cấp x6, Gói EXP thư tịch x3","reward1":"[[100,37,6,0],[100,57,3,0]]","reward2":"[[100,37,6,0],[100,57,4,0]]","reward3":"[[100,37,6,0],[100,57,3,0]]","reward4":"[[100,37,6,0],[100,57,4,0]]"},{"id":"139","eventType":"12","milestoneId":"12","milestoneValue":"50","title":"Số lần tiêu diệt boss game show 50","rewardDesc":"Huy hiệu Tài Năng cao cấp x6, Gói cuộn x1","reward1":"[[100,37,6,0],[100,66,1,0]]","reward2":"[[100,37,6,0],[100,66,2,0]]","reward3":"[[100,37,6,0],[100,66,1,0]]","reward4":"[[100,37,6,0],[100,66,2,0]]"},{"id":"140","eventType":"12","milestoneId":"13","milestoneValue":"60","title":"Số lần tiêu diệt boss game show 60","rewardDesc":"Huy hiệu Tài Năng cao cấp x6, Gói cuộn x1","reward1":"[[100,37,6,0],[100,66,1,0]]","reward2":"[[100,37,6,0],[100,66,2,0]]","reward3":"[[100,37,6,0],[100,66,1,0]]","reward4":"[[100,37,6,0],[100,66,2,0]]"},{"id":"141","eventType":"12","milestoneId":"14","milestoneValue":"80","title":"Số lần tiêu diệt boss game show 80","rewardDesc":"Huy hiệu Tài Năng cao cấp x6, Gói cuộn x2","reward1":"[[100,37,6,0],[100,66,2,0]]","reward2":"[[100,37,6,0],[100,66,3,0]]","reward3":"[[100,37,6,0],[100,66,2,0]]","reward4":"[[100,37,6,0],[100,66,3,0]]"},{"id":"142","eventType":"12","milestoneId":"15","milestoneValue":"100","title":"Số lần tiêu diệt boss game show 100","rewardDesc":"Huy hiệu Tài Năng cao cấp x10, Gói cuộn x23","reward1":"[[100,37,10,0],[100,66,3,0]]","reward2":"[[100,37,10,0],[100,66,4,0]]","reward3":"[[100,37,10,0],[100,66,3,0]]","reward4":"[[100,37,10,0],[100,66,4,0]]"},{"id":"143","eventType":"13","milestoneId":"1","milestoneValue":"5000","title":"Tổng tài năng tăng 5000","rewardDesc":"Lì xì xuân x1, Gói exp tố chất x1","reward1":"[[100,102,1,0],[100,57,1,0]]","reward2":"[[100,102,1,0],[100,57,2,0]]","reward3":"[[100,102,1,0],[100,57,1,0]]","reward4":"[[100,102,1,0],[100,57,2,0]]"},{"id":"144","eventType":"13","milestoneId":"2","milestoneValue":"10000","title":"Tổng tài năng tăng 10000","rewardDesc":"Lì xì xuân x1, Gói exp tố chất x1","reward1":"[[100,102,1,0],[100,57,1,0]]","reward2":"[[100,102,1,0],[100,57,2,0]]","reward3":"[[100,102,1,0],[100,57,1,0]]","reward4":"[[100,102,1,0],[100,57,2,0]]"},{"id":"145","eventType":"13","milestoneId":"3","milestoneValue":"20000","title":"Tổng tài năng tăng 20000","rewardDesc":"Lì xì xuân x1, Gói exp tố chất x1","reward1":"[[100,102,1,0],[100,57,1,0]]","reward2":"[[100,102,1,0],[100,57,2,0]]","reward3":"[[100,102,1,0],[100,57,1,0]]","reward4":"[[100,102,1,0],[100,57,2,0]]"},{"id":"146","eventType":"13","milestoneId":"4","milestoneValue":"50000","title":"Tổng tài năng tăng 50000","rewardDesc":"Lì xì xuân x1, Gói exp tố chất x1","reward1":"[[100,102,1,0],[100,57,1,0]]","reward2":"[[100,102,1,0],[100,57,2,0]]","reward3":"[[100,102,1,0],[100,57,1,0]]","reward4":"[[100,102,1,0],[100,57,2,0]]"},{"id":"147","eventType":"13","milestoneId":"5","milestoneValue":"100000","title":"Tổng tài năng tăng 100k","rewardDesc":"Lì xì xuân x1, Gói exp tố chất x1","reward1":"[[100,102,1,0],[100,57,1,0]]","reward2":"[[100,102,1,0],[100,57,2,0]]","reward3":"[[100,102,1,0],[100,57,1,0]]","reward4":"[[100,102,1,0],[100,57,2,0]]"},{"id":"148","eventType":"13","milestoneId":"6","milestoneValue":"200000","title":"Tổng tài năng tăng 200k","rewardDesc":"Lì xì xuân x1, Gói exp tố chất x1","reward1":"[[100,102,1,0],[100,57,1,0]]","reward2":"[[100,102,1,0],[100,57,2,0]]","reward3":"[[100,102,1,0],[100,57,1,0]]","reward4":"[[100,102,1,0],[100,57,2,0]]"},{"id":"149","eventType":"13","milestoneId":"7","milestoneValue":"500000","title":"Tổng tài năng tăng 500k","rewardDesc":"Lì xì xuân x1, Gói exp tố chất x1","reward1":"[[100,102,1,0],[100,57,1,0]]","reward2":"[[100,102,1,0],[100,57,2,0]]","reward3":"[[100,102,1,0],[100,57,1,0]]","reward4":"[[100,102,1,0],[100,57,2,0]]"},{"id":"150","eventType":"13","milestoneId":"8","milestoneValue":"1000000","title":"Tổng tài năng tăng 1m","rewardDesc":"Lì xì xuân x2, Gói cuộn x1","reward1":"[[100,102,2,0],[100,66,1,0]]","reward2":"[[100,102,2,0],[100,66,2,0]]","reward3":"[[100,102,2,0],[100,66,1,0]]","reward4":"[[100,102,2,0],[100,66,2,0]]"},{"id":"151","eventType":"13","milestoneId":"9","milestoneValue":"2000000","title":"Tổng tài năng tăng 2m","rewardDesc":"Lì xì xuân x3, Gói cuộn x1","reward1":"[[100,102,3,0],[100,66,1,0]]","reward2":"[[100,102,3,0],[100,66,2,0]]","reward3":"[[100,102,3,0],[100,66,1,0]]","reward4":"[[100,102,3,0],[100,66,2,0]]"},{"id":"152","eventType":"13","milestoneId":"10","milestoneValue":"3000000","title":"Tổng tài năng tăng 3m","rewardDesc":"Lì xì xuân x4, Gói cuộn x2","reward1":"[[100,102,4,0],[100,66,2,0]]","reward2":"[[100,102,4,0],[100,66,3,0]]","reward3":"[[100,102,4,0],[100,66,2,0]]","reward4":"[[100,102,4,0],[100,66,3,0]]"},{"id":"153","eventType":"13","milestoneId":"11","milestoneValue":"5000000","title":"Tổng tài năng tăng 5m","rewardDesc":"Lì xì xuân x5, Gói cuộn x2","reward1":"[[100,102,5,0],[100,66,2,0]]","reward2":"[[100,102,5,0],[100,66,3,0]]","reward3":"[[100,102,5,0],[100,66,2,0]]","reward4":"[[100,102,5,0],[100,66,3,0]]"},{"id":"154","eventType":"13","milestoneId":"12","milestoneValue":"10000000","title":"Tổng tài năng tăng 10m","rewardDesc":"Gói cuộn x3, Mic-Idol Mới, Clapper-Idol Mới, Thẻ idol Mới","reward1":"[[100,66,3,0],[100,70,1,0],[100,71,1,0],[100,72,1,0]]","reward2":"[[100,66,4,0],[100,70,1,0],[100,71,1,0],[100,72,1,0]]","reward3":"[[100,66,3,0],[100,70,1,0],[100,71,1,0],[100,72,1,0]]","reward4":"[[100,66,4,0],[100,70,1,0],[100,71,1,0],[100,72,1,0]]"},{"id":"155","eventType":"13","milestoneId":"13","milestoneValue":"15000000","title":"Tổng tài năng tăng 15m","rewardDesc":"Gói cuộn x3, Mic-Idol Mới, Clapper-Idol Mới, Thẻ idol Mới","reward1":"[[100,66,3,0],[100,70,1,0],[100,71,1,0],[100,72,1,0]]","reward2":"[[100,66,4,0],[100,70,1,0],[100,71,1,0],[100,72,1,0]]","reward3":"[[100,66,3,0],[100,70,1,0],[100,71,1,0],[100,72,1,0]]","reward4":"[[100,66,4,0],[100,70,1,0],[100,71,1,0],[100,72,1,0]]"},{"id":"156","eventType":"13","milestoneId":"14","milestoneValue":"20000000","title":"Tổng tài năng tăng 20m","rewardDesc":"Gói cuộn x4, Mic-Idol Mới, Clapper-Idol Mới, Thẻ idol Mới","reward1":"[[100,66,4,0],[100,70,1,0],[100,71,1,0],[100,72,1,0]]","reward2":"[[100,66,5,0],[100,70,1,0],[100,71,1,0],[100,72,1,0]]","reward3":"[[100,66,4,0],[100,70,1,0],[100,71,1,0],[100,72,1,0]]","reward4":"[[100,66,5,0],[100,70,1,0],[100,71,1,0],[100,72,1,0]]"},{"id":"157","eventType":"13","milestoneId":"15","milestoneValue":"30000000","title":"Tổng tài năng tăng 30m","rewardDesc":"Gói cuộn x4, Mic-Idol Mới, Clapper-Idol Mới, Thẻ idol Mới","reward1":"[[100,66,4,0],[100,70,2,0],[100,71,2,0],[100,72,2,0]]","reward2":"[[100,66,5,0],[100,70,2,0],[100,71,2,0],[100,72,2,0]]","reward3":"[[100,66,4,0],[100,70,2,0],[100,71,2,0],[100,72,2,0]]","reward4":"[[100,66,5,0],[100,70,2,0],[100,71,2,0],[100,72,2,0]]"},{"id":"158","eventType":"14","milestoneId":"1","milestoneValue":"100","title":"Điểm VIP tăng 100","rewardDesc":"Gói cuộn x1,Cỏ may mắn x3,Mic-Idol Mới x1,Clapper-Idol Mới x1,Thẻ idol Mới x1","reward1":"[[100,66,1,0],[100,64,3,0],[100,70,1,0],[100,71,1,0],[100,72,1,0]]","reward2":"[[100,66,2,0],[100,64,3,0],[100,70,1,0],[100,71,1,0],[100,72,1,0]]","reward3":"[[100,66,1,0],[100,64,3,0],[100,70,1,0],[100,71,1,0],[100,72,1,0]]","reward4":"[[100,66,2,0],[100,64,3,0],[100,70,1,0],[100,71,1,0],[100,72,1,0]]"},{"id":"159","eventType":"14","milestoneId":"2","milestoneValue":"500","title":"Điểm VIP tăng 500","rewardDesc":"Gói cuộn x1,Cỏ may mắn x5,Mic-Idol Mới x1,Clapper-Idol Mới x1,Thẻ idol Mới x1","reward1":"[[100,66,1,0],[100,64,5,0],[100,70,1,0],[100,71,1,0],[100,72,1,0]]","reward2":"[[100,66,2,0],[100,64,5,0],[100,70,1,0],[100,71,1,0],[100,72,1,0]]","reward3":"[[100,66,1,0],[100,64,5,0],[100,70,1,0],[100,71,1,0],[100,72,1,0]]","reward4":"[[100,66,2,0],[100,64,5,0],[100,70,1,0],[100,71,1,0],[100,72,1,0]]"},{"id":"160","eventType":"14","milestoneId":"3","milestoneValue":"1600","title":"Điểm VIP tăng 1600","rewardDesc":"Gói cuộn x2,Cỏ may mắn x8,Mic-Idol Mới x2,Clapper-Idol Mới x2,Thẻ idol Mới x2,Túi Danh Vọng x2,Huy hiệu Tài Năng siêu sao x1,Gói exp tố chất x2","reward1":"[[100,66,2,0],[100,64,8,0],[100,70,2,0],[100,71,2,0],[100,72,2,0],[100,5,2,0],[100,38,1,0],[100,57,2,0]]","reward2":"[[100,66,3,0],[100,64,8,0],[100,70,2,0],[100,71,2,0],[100,72,2,0],[100,5,2,0],[100,38,1,0],[100,57,2,0]]","reward3":"[[100,66,2,0],[100,64,8,0],[100,70,2,0],[100,71,2,0],[100,72,2,0],[100,5,2,0],[100,38,1,0],[100,57,2,0]]","reward4":"[[100,66,3,0],[100,64,8,0],[100,70,2,0],[100,71,2,0],[100,72,2,0],[100,5,2,0],[100,38,1,0],[100,57,2,0]]"},{"id":"161","eventType":"14","milestoneId":"4","milestoneValue":"3400","title":"Điểm VIP tăng 3400","rewardDesc":"Gói cuộn x3,Cỏ may mắn x12,Mic-Idol Mới x3,Clapper-Idol Mới x3,Thẻ idol Mới x3,Túi Danh Vọng x5,Huy hiệu Tài Năng siêu sao x2,Gói exp tố chất x4,Mảnh PhotoCard x8","reward1":"[[100,66,3,0],[100,64,12,0],[100,70,3,0],[100,71,3,0],[100,72,3,0],[100,5,5,0],[100,38,2,0],[100,57,4,0],[100,91,8,0]]","reward2":"[[100,66,4,0],[100,64,12,0],[100,70,3,0],[100,71,3,0],[100,72,3,0],[100,5,5,0],[100,38,2,0],[100,57,4,0],[100,91,8,0]]","reward3":"[[100,66,3,0],[100,64,10,0],[100,70,3,0],[100,71,3,0],[100,72,3,0],[100,5,5,0],[100,38,2,0],[100,57,4,0],[100,91,8,0]]","reward4":"[[100,66,4,0],[100,64,10,0],[100,70,3,0],[100,71,3,0],[100,72,3,0],[100,5,5,0],[100,38,2,0],[100,57,4,0],[100,91,8,0]]"},{"id":"162","eventType":"14","milestoneId":"5","milestoneValue":"8800","title":"Điểm VIP tăng 8800","rewardDesc":"Gói cuộn x4,Cỏ may mắn x12,Mic-Idol Mới x4,Clapper-Idol Mới x4,Thẻ idol Mới x4,Túi Danh Vọng x8,Huy hiệu Tài Năng siêu sao x3,Gói exp tố chất x6,Mảnh PhotoCard x8","reward1":"[[100,66,4,0],[100,64,12,0],[100,70,4,0],[100,71,4,0],[100,72,4,0],[100,5,8,0],[100,38,3,0],[100,57,6,0],[100,91,8,0]]","reward2":"[[100,66,5,0],[100,64,12,0],[100,70,4,0],[100,71,4,0],[100,72,4,0],[100,5,8,0],[100,38,3,0],[100,57,6,0],[100,91,8,0]]","reward3":"[[100,66,4,0],[100,64,12,0],[100,70,4,0],[100,71,4,0],[100,72,4,0],[100,5,8,0],[100,38,3,0],[100,57,6,0],[100,91,8,0]]","reward4":"[[100,66,5,0],[100,64,12,0],[100,70,4,0],[100,71,4,0],[100,72,4,0],[100,5,8,0],[100,38,3,0],[100,57,6,0],[100,91,8,0]]"},{"id":"163","eventType":"14","milestoneId":"6","milestoneValue":"16800","title":"Điểm VIP tăng 16800","rewardDesc":"Gói cuộn x10,Cỏ may mắn x15,Mic-Idol Mới x6,Clapper-Idol Mới x6,Thẻ idol Mới x6,Hộp Galaxy bách bảo x8,Huy hiệu Tài Năng siêu sao x4,Gói exp tố chất x8","reward1":"[[100,66,10,0],[100,64,15,0],[100,70,6,0],[100,71,6,0],[100,72,6,0],[100,104,8,0],[100,38,4,0],[100,57,8,0]]","reward2":"[[100,66,10,0],[100,64,15,0],[100,70,6,0],[100,71,6,0],[100,72,6,0],[100,104,8,0],[100,38,4,0],[100,57,8,0]]","reward3":"[[100,66,6,0],[100,64,15,0],[100,70,6,0],[100,71,6,0],[100,72,6,0],[100,104,8,0],[100,38,4,0],[100,57,8,0]]","reward4":"[[100,66,7,0],[100,64,15,0],[100,70,6,0],[100,71,6,0],[100,72,6,0],[100,104,8,0],[100,38,4,0],[100,57,8,0]]"},{"id":"164","eventType":"14","milestoneId":"7","milestoneValue":"35000","title":"Điểm VIP tăng 35000","rewardDesc":"Gói cuộn x16,Cỏ may mắn x30,Mic-Idol Mới x16,Clapper-Idol Mới x16,Thẻ idol Mới x16,Hộp Galaxy bách bảo x25,Huy hiệu Tài Năng siêu sao x16,Gói exp tố chất x32,Mảnh PhotoCard x32","reward1":"[[100,66,16,0],[100,64,30,0],[100,70,16,0],[100,71,16,0],[100,72,16,0],[100,104,25,0],[100,38,16,0],[100,57,32,0],[100,91,32,0]]","reward2":"[[100,66,18,0],[100,64,30,0],[100,70,16,0],[100,71,16,0],[100,72,16,0],[100,104,25,0],[100,38,16,0],[100,57,32,0],[100,91,32,0]]","reward3":"[[100,66,16,0],[100,64,30,0],[100,70,16,0],[100,71,16,0],[100,72,16,0],[100,104,25,0],[100,38,16,0],[100,57,32,0],[100,91,32,0]]","reward4":"[[100,66,18,0],[100,64,30,0],[100,70,16,0],[100,71,16,0],[100,72,16,0],[100,104,25,0],[100,38,16,0],[100,57,32,0],[100,91,32,0]]"},{"id":"165","eventType":"14","milestoneId":"8","milestoneValue":"54000","title":"Điểm VIP tăng 54000","rewardDesc":"Gói cuộn x16,Cỏ may mắn x30,Mic-Idol Mới x16,Clapper-Idol Mới x16,Thẻ idol Mới x16,Hộp Galaxy bách bảo x25,Huy hiệu Tài Năng siêu sao x16,Gói exp tố chất x32,Mảnh PhotoCard x32","reward1":"[[100,66,16,0],[100,64,30,0],[100,70,16,0],[100,71,16,0],[100,72,16,0],[100,104,25,0],[100,38,16,0],[100,57,32,0],[100,91,32,0]]","reward2":"[[100,66,18,0],[100,64,30,0],[100,70,16,0],[100,71,16,0],[100,72,16,0],[100,104,25,0],[100,38,16,0],[100,57,32,0],[100,91,32,0]]","reward3":"[[100,66,16,0],[100,64,30,0],[100,70,16,0],[100,71,16,0],[100,72,16,0],[100,104,25,0],[100,38,16,0],[100,57,32,0],[100,91,32,0]]","reward4":"[[100,66,18,0],[100,64,30,0],[100,70,16,0],[100,71,16,0],[100,72,16,0],[100,104,25,0],[100,38,16,0],[100,57,32,0],[100,91,32,0]]"},{"id":"166","eventType":"14","milestoneId":"9","milestoneValue":"72000","title":"Điểm VIP tăng 72000","rewardDesc":"Gói cuộn x16,Cỏ may mắn x30,Mic-Idol Mới x16,Clapper-Idol Mới x16,Thẻ idol Mới x16,Hộp Galaxy bách bảo x25,Huy hiệu Tài Năng siêu sao x16,Gói exp tố chất x32,Mảnh PhotoCard x32","reward1":"[[100,66,16,0],[100,64,30,0],[100,70,16,0],[100,71,16,0],[100,72,16,0],[100,104,25,0],[100,38,16,0],[100,57,32,0],[100,91,32,0]]","reward2":"[[100,66,18,0],[100,64,30,0],[100,70,16,0],[100,71,16,0],[100,72,16,0],[100,104,25,0],[100,38,16,0],[100,57,32,0],[100,91,32,0]]","reward3":"[[100,66,16,0],[100,64,30,0],[100,70,16,0],[100,71,16,0],[100,72,16,0],[100,104,25,0],[100,38,16,0],[100,57,32,0],[100,91,32,0]]","reward4":"[[100,66,18,0],[100,64,30,0],[100,70,16,0],[100,71,16,0],[100,72,16,0],[100,104,25,0],[100,38,16,0],[100,57,32,0],[100,91,32,0]]"},{"id":"167","eventType":"14","milestoneId":"10","milestoneValue":"88000","title":"Điểm VIP tăng 88000","rewardDesc":"Gói cuộn x16,Cỏ may mắn x30,Mic-Idol Mới x16,Clapper-Idol Mới x16,Thẻ idol Mới x16,Hộp Galaxy bách bảo x25,Huy hiệu Tài Năng siêu sao x16,Gói exp tố chất x32,Mảnh PhotoCard x32","reward1":"[[100,66,16,0],[100,64,30,0],[100,70,16,0],[100,71,16,0],[100,72,16,0],[100,104,25,0],[100,38,16,0],[100,57,32,0],[100,91,32,0]]","reward2":"[[100,66,18,0],[100,64,30,0],[100,70,16,0],[100,71,16,0],[100,72,16,0],[100,104,25,0],[100,38,16,0],[100,57,32,0],[100,91,32,0]]","reward3":"[[100,66,16,0],[100,64,30,0],[100,70,16,0],[100,71,16,0],[100,72,16,0],[100,104,25,0],[100,38,16,0],[100,57,32,0],[100,91,32,0]]","reward4":"[[100,66,18,0],[100,64,30,0],[100,70,16,0],[100,71,16,0],[100,72,16,0],[100,104,25,0],[100,38,16,0],[100,57,32,0],[100,91,32,0]]"},{"id":"168","eventType":"14","milestoneId":"11","milestoneValue":"175000","title":"Điểm VIP tăng 175000","rewardDesc":"Gói cuộn x80,Cỏ may mắn x150,Mic-Idol Mới x80,Clapper-Idol Mới x80,Thẻ idol Mới x80,Hộp Galaxy bách bảo x125,Huy hiệu Tài Năng siêu sao x80,Gói exp tố chất x160,Mảnh PhotoCard x160","reward1":"[[100,66,80,0],[100,64,150,0],[100,70,80,0],[100,71,80,0],[100,72,80,0],[100,104,125,0],[100,38,80,0],[100,57,160,0],[100,91,160,0]]","reward2":"[[100,66,90,0],[100,64,150,0],[100,70,80,0],[100,71,80,0],[100,72,80,0],[100,104,125,0],[100,38,80,0],[100,57,160,0],[100,91,160,0]]","reward3":"[[100,66,80,0],[100,64,150,0],[100,70,80,0],[100,71,80,0],[100,72,80,0],[100,104,125,0],[100,38,80,0],[100,57,160,0],[100,91,160,0]]","reward4":"[[100,66,90,0],[100,64,150,0],[100,70,80,0],[100,71,80,0],[100,72,80,0],[100,104,125,0],[100,38,80,0],[100,57,160,0],[100,91,160,0]]"},{"id":"169","eventType":"14","milestoneId":"12","milestoneValue":"260000","title":"Điểm VIP tăng 260000","rewardDesc":"Gói cuộn x80,Cỏ may mắn x150,Mic-Idol Mới x80,Clapper-Idol Mới x80,Thẻ idol Mới x80,Hộp Galaxy bách bảo x125,Huy hiệu Tài Năng siêu sao x80,Gói exp tố chất x160,Mảnh PhotoCard x160","reward1":"[[100,66,80,0],[100,64,150,0],[100,70,80,0],[100,71,80,0],[100,72,80,0],[100,104,125,0],[100,38,80,0],[100,57,160,0],[100,91,160,0]]","reward2":"[[100,66,90,0],[100,64,150,0],[100,70,80,0],[100,71,80,0],[100,72,80,0],[100,104,125,0],[100,38,80,0],[100,57,160,0],[100,91,160,0]]","reward3":"[[100,66,80,0],[100,64,150,0],[100,70,80,0],[100,71,80,0],[100,72,80,0],[100,104,125,0],[100,38,80,0],[100,57,160,0],[100,91,160,0]]","reward4":"[[100,66,90,0],[100,64,150,0],[100,70,80,0],[100,71,80,0],[100,72,80,0],[100,104,125,0],[100,38,80,0],[100,57,160,0],[100,91,160,0]]"},{"id":"170","eventType":"14","milestoneId":"13","milestoneValue":"345000","title":"Điểm VIP tăng 260000","rewardDesc":"Gói cuộn x80,Cỏ may mắn x150,Mic-Idol Mới x80,Clapper-Idol Mới x80,Thẻ idol Mới x80,Hộp Galaxy bách bảo x125,Huy hiệu Tài Năng siêu sao x80,Gói exp tố chất x160,Mảnh PhotoCard x160","reward1":"[[100,66,80,0],[100,64,150,0],[100,70,80,0],[100,71,80,0],[100,72,80,0],[100,104,125,0],[100,38,80,0],[100,57,160,0],[100,91,160,0]]","reward2":"[[100,66,90,0],[100,64,150,0],[100,70,80,0],[100,71,80,0],[100,72,80,0],[100,104,125,0],[100,38,80,0],[100,57,160,0],[100,91,160,0]]","reward3":"[[100,66,80,0],[100,64,150,0],[100,70,80,0],[100,71,80,0],[100,72,80,0],[100,104,125,0],[100,38,80,0],[100,57,160,0],[100,91,160,0]]","reward4":"[[100,66,90,0],[100,64,150,0],[100,70,80,0],[100,71,80,0],[100,72,80,0],[100,104,125,0],[100,38,80,0],[100,57,160,0],[100,91,160,0]]"},{"id":"171","eventType":"14","milestoneId":"14","milestoneValue":"430000","title":"Điểm VIP tăng 260000","rewardDesc":"Gói cuộn x80,Cỏ may mắn x150,Mic-Idol Mới x80,Clapper-Idol Mới x80,Thẻ idol Mới x80,Hộp Galaxy bách bảo x125,Huy hiệu Tài Năng siêu sao x80,Gói exp tố chất x160,Mảnh PhotoCard x160","reward1":"[[100,66,80,0],[100,64,150,0],[100,70,80,0],[100,71,80,0],[100,72,80,0],[100,104,125,0],[100,38,80,0],[100,57,160,0],[100,91,160,0]]","reward2":"[[100,66,90,0],[100,64,150,0],[100,70,80,0],[100,71,80,0],[100,72,80,0],[100,104,125,0],[100,38,80,0],[100,57,160,0],[100,91,160,0]]","reward3":"[[100,66,80,0],[100,64,150,0],[100,70,80,0],[100,71,80,0],[100,72,80,0],[100,104,125,0],[100,38,80,0],[100,57,160,0],[100,91,160,0]]","reward4":"[[100,66,90,0],[100,64,150,0],[100,70,80,0],[100,71,80,0],[100,72,80,0],[100,104,125,0],[100,38,80,0],[100,57,160,0],[100,91,160,0]]"},{"id":"172","eventType":"14","milestoneId":"15","milestoneValue":"515000","title":"Điểm VIP tăng 260000","rewardDesc":"Gói cuộn x80,Cỏ may mắn x150,Mic-Idol Mới x80,Clapper-Idol Mới x80,Thẻ idol Mới x80,Hộp Galaxy bách bảo x125,Huy hiệu Tài Năng siêu sao x80,Gói exp tố chất x160,Mảnh PhotoCard x160","reward1":"[[100,66,80,0],[100,64,150,0],[100,70,80,0],[100,71,80,0],[100,72,80,0],[100,104,125,0],[100,38,80,0],[100,57,160,0],[100,91,160,0]]","reward2":"[[100,66,90,0],[100,64,150,0],[100,70,80,0],[100,71,80,0],[100,72,80,0],[100,104,125,0],[100,38,80,0],[100,57,160,0],[100,91,160,0]]","reward3":"[[100,66,80,0],[100,64,150,0],[100,70,80,0],[100,71,80,0],[100,72,80,0],[100,104,125,0],[100,38,80,0],[100,57,160,0],[100,91,160,0]]","reward4":"[[100,66,90,0],[100,64,150,0],[100,70,80,0],[100,71,80,0],[100,72,80,0],[100,104,125,0],[100,38,80,0],[100,57,160,0],[100,91,160,0]]"}]