[{"id":"1","chapter":"1","hp":"30000","reward":"[102,20,0,0]"},{"id":"2","chapter":"2","hp":"120000","reward":"[102,20,0,0]"},{"id":"3","chapter":"3","hp":"270000","reward":"[102,20,0,0]"},{"id":"4","chapter":"4","hp":"480000","reward":"[102,20,0,0]"},{"id":"5","chapter":"5","hp":"750000","reward":"[102,20,0,0]"},{"id":"6","chapter":"6","hp":"1080000","reward":"[102,20,0,0]"},{"id":"7","chapter":"7","hp":"1500000","reward":"[102,20,0,0]"},{"id":"8","chapter":"8","hp":"2000000","reward":"[102,20,0,0]"},{"id":"9","chapter":"9","hp":"2500000","reward":"[102,20,0,0]"},{"id":"10","chapter":"10","hp":"3000000","reward":"[102,20,0,0]"},{"id":"11","chapter":"11","hp":"3630000","reward":"[102,20,0,0]"},{"id":"12","chapter":"12","hp":"4320000","reward":"[102,20,0,0]"},{"id":"13","chapter":"13","hp":"5070000","reward":"[102,20,0,0]"},{"id":"14","chapter":"14","hp":"5880000","reward":"[102,20,0,0]"},{"id":"15","chapter":"15","hp":"6750000","reward":"[102,20,0,0]"},{"id":"16","chapter":"16","hp":"7680000","reward":"[102,20,0,0]"},{"id":"17","chapter":"17","hp":"8670000","reward":"[102,20,0,0]"},{"id":"18","chapter":"18","hp":"9720000","reward":"[102,20,0,0]"},{"id":"19","chapter":"19","hp":"10830000","reward":"[102,20,0,0]"},{"id":"20","chapter":"20","hp":"12000000","reward":"[102,20,0,0]"},{"id":"21","chapter":"21","hp":"13860000","reward":"[102,20,0,0]"},{"id":"22","chapter":"22","hp":"15840000","reward":"[102,20,0,0]"},{"id":"23","chapter":"23","hp":"17940000","reward":"[102,20,0,0]"},{"id":"24","chapter":"24","hp":"20160000","reward":"[102,20,0,0]"},{"id":"25","chapter":"25","hp":"22500000","reward":"[102,20,0,0]"},{"id":"26","chapter":"26","hp":"24960000","reward":"[102,20,0,0]"},{"id":"27","chapter":"27","hp":"27540000","reward":"[102,20,0,0]"},{"id":"28","chapter":"28","hp":"30240000","reward":"[102,20,0,0]"},{"id":"29","chapter":"29","hp":"33060000","reward":"[102,20,0,0]"},{"id":"30","chapter":"30","hp":"36000000","reward":"[102,20,0,0]"},{"id":"31","chapter":"31","hp":"39060000","reward":"[102,20,0,0]"},{"id":"32","chapter":"32","hp":"42240000","reward":"[102,20,0,0]"},{"id":"33","chapter":"33","hp":"45540000","reward":"[102,20,0,0]"},{"id":"34","chapter":"34","hp":"48960000","reward":"[102,20,0,0]"},{"id":"35","chapter":"35","hp":"52500000","reward":"[102,20,0,0]"},{"id":"36","chapter":"36","hp":"56160000","reward":"[102,20,0,0]"},{"id":"37","chapter":"37","hp":"59940000","reward":"[102,20,0,0]"},{"id":"38","chapter":"38","hp":"63840000","reward":"[102,20,0,0]"},{"id":"39","chapter":"39","hp":"67860000","reward":"[102,20,0,0]"},{"id":"40","chapter":"40","hp":"72000000","reward":"[102,20,0,0]"},{"id":"41","chapter":"41","hp":"77490000","reward":"[102,20,0,0]"},{"id":"42","chapter":"42","hp":"83160000","reward":"[102,20,0,0]"},{"id":"43","chapter":"43","hp":"89010000","reward":"[102,20,0,0]"},{"id":"44","chapter":"44","hp":"95040000","reward":"[102,20,0,0]"},{"id":"45","chapter":"45","hp":"101250000","reward":"[102,20,0,0]"},{"id":"46","chapter":"46","hp":"107640000","reward":"[102,20,0,0]"},{"id":"47","chapter":"47","hp":"114210000","reward":"[102,20,0,0]"},{"id":"48","chapter":"48","hp":"120960000","reward":"[102,20,0,0]"},{"id":"49","chapter":"49","hp":"127890000","reward":"[102,20,0,0]"},{"id":"50","chapter":"50","hp":"135000000","reward":"[102,20,0,0]"},{"id":"51","chapter":"51","hp":"144150000","reward":"[102,20,0,0]"},{"id":"52","chapter":"52","hp":"153600000","reward":"[102,20,0,0]"},{"id":"53","chapter":"53","hp":"163350000","reward":"[102,20,0,0]"},{"id":"54","chapter":"54","hp":"173400000","reward":"[102,20,0,0]"},{"id":"55","chapter":"55","hp":"183750000","reward":"[102,20,0,0]"},{"id":"56","chapter":"56","hp":"194400000","reward":"[102,20,0,0]"},{"id":"57","chapter":"57","hp":"205330000","reward":"[102,20,0,0]"},{"id":"58","chapter":"58","hp":"216570000","reward":"[102,20,0,0]"},{"id":"59","chapter":"59","hp":"228130000","reward":"[102,20,0,0]"},{"id":"60","chapter":"60","hp":"239960000","reward":"[102,20,0,0]"},{"id":"61","chapter":"61","hp":"254170000","reward":"[102,20,0,0]"},{"id":"62","chapter":"62","hp":"268750000","reward":"[102,20,0,0]"},{"id":"63","chapter":"63","hp":"283800000","reward":"[102,20,0,0]"},{"id":"64","chapter":"64","hp":"299180000","reward":"[102,20,0,0]"},{"id":"65","chapter":"65","hp":"314940000","reward":"[102,20,0,0]"},{"id":"66","chapter":"66","hp":"331200000","reward":"[102,20,0,0]"},{"id":"67","chapter":"67","hp":"347800000","reward":"[102,20,0,0]"},{"id":"68","chapter":"68","hp":"364700000","reward":"[102,20,0,0]"},{"id":"69","chapter":"69","hp":"382000000","reward":"[102,20,0,0]"},{"id":"70","chapter":"70","hp":"400000000","reward":"[102,20,0,0]"},{"id":"71","chapter":"71","hp":"420000000","reward":"[102,20,0,0]"},{"id":"72","chapter":"72","hp":"440000000","reward":"[102,20,0,0]"},{"id":"73","chapter":"73","hp":"460000000","reward":"[102,20,0,0]"},{"id":"74","chapter":"74","hp":"484000000","reward":"[102,20,0,0]"},{"id":"75","chapter":"75","hp":"508000000","reward":"[102,20,0,0]"},{"id":"76","chapter":"76","hp":"532000000","reward":"[102,20,0,0]"},{"id":"77","chapter":"77","hp":"556000000","reward":"[102,20,0,0]"},{"id":"78","chapter":"78","hp":"580000000","reward":"[102,20,0,0]"},{"id":"79","chapter":"79","hp":"605000000","reward":"[102,20,0,0]"},{"id":"80","chapter":"80","hp":"630000000","reward":"[102,20,0,0]"},{"id":"81","chapter":"81","hp":"655000000","reward":"[102,20,0,0]"},{"id":"82","chapter":"82","hp":"686000000","reward":"[102,20,0,0]"},{"id":"83","chapter":"83","hp":"717000000","reward":"[102,20,0,0]"},{"id":"84","chapter":"84","hp":"748000000","reward":"[102,20,0,0]"},{"id":"85","chapter":"85","hp":"780000000","reward":"[102,20,0,0]"},{"id":"86","chapter":"86","hp":"812000000","reward":"[102,20,0,0]"},{"id":"87","chapter":"87","hp":"844000000","reward":"[102,20,0,0]"},{"id":"88","chapter":"88","hp":"876000000","reward":"[102,20,0,0]"},{"id":"89","chapter":"89","hp":"910000000","reward":"[102,20,0,0]"},{"id":"90","chapter":"90","hp":"950000000","reward":"[102,20,0,0]"},{"id":"91","chapter":"91","hp":"990000000","reward":"[102,20,0,0]"},{"id":"92","chapter":"92","hp":"1030000000","reward":"[102,20,0,0]"},{"id":"93","chapter":"93","hp":"1072000000","reward":"[102,20,0,0]"},{"id":"94","chapter":"94","hp":"1116000000","reward":"[102,20,0,0]"},{"id":"95","chapter":"95","hp":"1162000000","reward":"[102,20,0,0]"},{"id":"96","chapter":"96","hp":"1216000000","reward":"[102,20,0,0]"},{"id":"97","chapter":"97","hp":"1270000000","reward":"[102,20,0,0]"},{"id":"98","chapter":"98","hp":"1326000000","reward":"[102,20,0,0]"},{"id":"99","chapter":"99","hp":"1382000000","reward":"[102,20,0,0]"},{"id":"100","chapter":"100","hp":"1440000000","reward":"[102,20,0,0]"},{"id":"101","chapter":"101","hp":"1506000000","reward":"[102,20,0,0]"},{"id":"102","chapter":"102","hp":"1572000000","reward":"[102,20,0,0]"},{"id":"103","chapter":"103","hp":"1644000000","reward":"[102,20,0,0]"},{"id":"104","chapter":"104","hp":"1716000000","reward":"[102,20,0,0]"},{"id":"105","chapter":"105","hp":"1788000000","reward":"[102,20,0,0]"},{"id":"106","chapter":"106","hp":"1866000000","reward":"[102,20,0,0]"},{"id":"107","chapter":"107","hp":"1946000000","reward":"[102,20,0,0]"},{"id":"108","chapter":"108","hp":"2030000000","reward":"[102,20,0,0]"},{"id":"109","chapter":"109","hp":"2116000000","reward":"[102,20,0,0]"},{"id":"110","chapter":"110","hp":"2200000000","reward":"[102,20,0,0]"},{"id":"111","chapter":"111","hp":"2300000000","reward":"[102,20,0,0]"},{"id":"112","chapter":"112","hp":"2400000000","reward":"[102,20,0,0]"},{"id":"113","chapter":"113","hp":"2500000000","reward":"[102,20,0,0]"},{"id":"114","chapter":"114","hp":"2600000000","reward":"[102,20,0,0]"},{"id":"115","chapter":"115","hp":"2700000000","reward":"[102,20,0,0]"},{"id":"116","chapter":"116","hp":"2820000000","reward":"[102,20,0,0]"},{"id":"117","chapter":"117","hp":"2940000000","reward":"[102,20,0,0]"},{"id":"118","chapter":"118","hp":"3060000000","reward":"[102,20,0,0]"},{"id":"119","chapter":"119","hp":"3180000000","reward":"[102,20,0,0]"},{"id":"120","chapter":"120","hp":"3300000000","reward":"[102,20,0,0]"},{"id":"121","chapter":"121","hp":"3420000000","reward":"[102,20,0,0]"},{"id":"122","chapter":"122","hp":"3560000000","reward":"[102,20,0,0]"},{"id":"123","chapter":"123","hp":"3700000000","reward":"[102,20,0,0]"},{"id":"124","chapter":"124","hp":"3900000000","reward":"[102,20,0,0]"},{"id":"125","chapter":"125","hp":"3980000000","reward":"[102,20,0,0]"},{"id":"126","chapter":"126","hp":"4140000000","reward":"[102,20,0,0]"},{"id":"127","chapter":"127","hp":"4300000000","reward":"[102,20,0,0]"},{"id":"128","chapter":"128","hp":"4460000000","reward":"[102,20,0,0]"},{"id":"129","chapter":"129","hp":"4620000000","reward":"[102,20,0,0]"},{"id":"130","chapter":"130","hp":"4780000000","reward":"[102,20,0,0]"},{"id":"131","chapter":"131","hp":"4960000000","reward":"[102,20,0,0]"},{"id":"132","chapter":"132","hp":"5140000000","reward":"[102,20,0,0]"},{"id":"133","chapter":"133","hp":"5320000000","reward":"[102,20,0,0]"},{"id":"134","chapter":"134","hp":"5500000000","reward":"[102,20,0,0]"},{"id":"135","chapter":"135","hp":"5700000000","reward":"[102,20,0,0]"},{"id":"136","chapter":"136","hp":"5900000000","reward":"[102,20,0,0]"},{"id":"137","chapter":"137","hp":"6100000000","reward":"[102,20,0,0]"},{"id":"138","chapter":"138","hp":"6300000000","reward":"[102,20,0,0]"},{"id":"139","chapter":"139","hp":"6500000000","reward":"[102,20,0,0]"},{"id":"140","chapter":"140","hp":"6720000000","reward":"[102,20,0,0]"},{"id":"141","chapter":"141","hp":"6940000000","reward":"[102,20,0,0]"},{"id":"142","chapter":"142","hp":"7160000000","reward":"[102,20,0,0]"},{"id":"143","chapter":"143","hp":"7400000000","reward":"[102,20,0,0]"},{"id":"144","chapter":"144","hp":"7640000000","reward":"[102,20,0,0]"},{"id":"145","chapter":"145","hp":"7880000000","reward":"[102,20,0,0]"},{"id":"146","chapter":"146","hp":"8130000000","reward":"[102,20,0,0]"},{"id":"147","chapter":"147","hp":"8380000000","reward":"[102,20,0,0]"},{"id":"148","chapter":"148","hp":"8640000000","reward":"[102,20,0,0]"},{"id":"149","chapter":"149","hp":"8900000000","reward":"[102,20,0,0]"},{"id":"150","chapter":"150","hp":"9160000000","reward":"[102,20,0,0]"},{"id":"151","chapter":"151","hp":"9440000000","reward":"[102,20,0,0]"},{"id":"152","chapter":"152","hp":"9720000000","reward":"[102,20,0,0]"},{"id":"153","chapter":"153","hp":"10000000000","reward":"[102,20,0,0]"},{"id":"154","chapter":"154","hp":"10300000000","reward":"[102,20,0,0]"},{"id":"155","chapter":"155","hp":"10600000000","reward":"[102,20,0,0]"},{"id":"156","chapter":"156","hp":"10900000000","reward":"[102,20,0,0]"},{"id":"157","chapter":"157","hp":"11200000000","reward":"[102,20,0,0]"},{"id":"158","chapter":"158","hp":"11520000000","reward":"[102,20,0,0]"},{"id":"159","chapter":"159","hp":"11840000000","reward":"[102,20,0,0]"},{"id":"160","chapter":"160","hp":"12180000000","reward":"[102,20,0,0]"}]