[{"id":"1","name":"BlakPink","maxLevel":"4","startLV":"1","type":"1","preFixHalo":"[]","updateItem":"[]","buff":"[[[3,15]],[[3,30]],[[3,45]],[[3,60]]]"},{"id":"2","name":"DanBam Class","maxLevel":"5","startLV":"1","type":"1","preFixHalo":"[]","updateItem":"[]","buff":"[[[2,5],[3,5],[4,5]],[[2,10],[3,10],[4,10]],[[2,15],[3,15],[4,15]],[[2,20],[3,20],[4,20]],[[2,25],[3,25],[4,25]]]"},{"id":"3","name":"Ngũ Hổ Thượng Tướng","maxLevel":"5","startLV":"1","type":"1","preFixHalo":"[]","updateItem":"[]","buff":"[[[2,15]],[[2,30]],[[2,45]],[[2,60]],[[2,75]]]"},{"id":"4","name":"Lương Sơn Ngũ Nghĩa","maxLevel":"5","startLV":"1","type":"1","preFixHalo":"[]","updateItem":"[]","buff":"[[[4,15]],[[4,30]],[[4,45]],[[4,60]],[[4,75]]]"},{"id":"5","name":"Nữ Idol Đương Đại","maxLevel":"11","startLV":"0","type":"0","preFixHalo":"[]","updateItem":"[100,93,10,0]","buff":"[[[2,5],[3,5],[4,5]],[[2,10],[3,10],[4,10]],[[2,15],[3,15],[4,15]],[[2,20],[3,20],[4,20]],[[2,25],[3,25],[4,25]],[[2,30],[3,30],[4,30]],[[2,35],[3,35],[4,35]],[[2,40],[3,40],[4,40]],[[2,45],[3,45],[4,45]],[[2,50],[3,50],[4,50]]]"},{"id":"6","name":"Super Idols Quốc Dân","maxLevel":"11","startLV":"0","type":"0","preFixHalo":"[5,10]","updateItem":"[100,93,30,0]","buff":"[[[2,5],[3,5],[4,5]],[[2,10],[3,10],[4,10]],[[2,15],[3,15],[4,15]],[[2,20],[3,20],[4,20]],[[2,25],[3,25],[4,25]],[[2,30],[3,30],[4,30]],[[2,35],[3,35],[4,35]],[[2,40],[3,40],[4,40]],[[2,45],[3,45],[4,45]],[[2,50],[3,50],[4,50]]]"},{"id":"7","name":"Sự quyến rũ của tuổi trẻ","maxLevel":"11","startLV":"0","type":"0","preFixHalo":"[]","updateItem":"[100,92,10,0]","buff":"[[[2,5],[3,5],[4,5]],[[2,10],[3,10],[4,10]],[[2,15],[3,15],[4,15]],[[2,20],[3,20],[4,20]],[[2,25],[3,25],[4,25]],[[2,30],[3,30],[4,30]],[[2,35],[3,35],[4,35]],[[2,40],[3,40],[4,40]],[[2,45],[3,45],[4,45]],[[2,50],[3,50],[4,50]]]"},{"id":"8","name":"Vươn tầm thương hiệu","maxLevel":"11","startLV":"0","type":"0","preFixHalo":"[7,10]","updateItem":"[100,92,30,0]","buff":"[[[2,5],[3,5],[4,5]],[[2,10],[3,10],[4,10]],[[2,15],[3,15],[4,15]],[[2,20],[3,20],[4,20]],[[2,25],[3,25],[4,25]],[[2,30],[3,30],[4,30]],[[2,35],[3,35],[4,35]],[[2,40],[3,40],[4,40]],[[2,45],[3,45],[4,45]],[[2,50],[3,50],[4,50]]]"},{"id":"9","name":"Halo9","maxLevel":"11","startLV":"0","type":"0","preFixHalo":"[]","updateItem":"[100,95,10,0]","buff":"[[[2,5],[3,5],[4,5]],[[2,10],[3,10],[4,10]],[[2,15],[3,15],[4,15]],[[2,20],[3,20],[4,20]],[[2,25],[3,25],[4,25]],[[2,30],[3,30],[4,30]],[[2,35],[3,35],[4,35]],[[2,40],[3,40],[4,40]],[[2,45],[3,45],[4,45]],[[2,50],[3,50],[4,50]]]"},{"id":"10","name":"Halo10","maxLevel":"11","startLV":"0","type":"0","preFixHalo":"[9,10]","updateItem":"[100,95,30,0]","buff":"[[[2,5],[3,5],[4,5]],[[2,10],[3,10],[4,10]],[[2,15],[3,15],[4,15]],[[2,20],[3,20],[4,20]],[[2,25],[3,25],[4,25]],[[2,30],[3,30],[4,30]],[[2,35],[3,35],[4,35]],[[2,40],[3,40],[4,40]],[[2,45],[3,45],[4,45]],[[2,50],[3,50],[4,50]]]"},{"id":"11","name":"Halo11","maxLevel":"11","startLV":"0","type":"0","preFixHalo":"[]","updateItem":"[100,94,10,0]","buff":"[[[2,5],[3,5],[4,5]],[[2,10],[3,10],[4,10]],[[2,15],[3,15],[4,15]],[[2,20],[3,20],[4,20]],[[2,25],[3,25],[4,25]],[[2,30],[3,30],[4,30]],[[2,35],[3,35],[4,35]],[[2,40],[3,40],[4,40]],[[2,45],[3,45],[4,45]],[[2,50],[3,50],[4,50]]]"},{"id":"12","name":"Halo12","maxLevel":"11","startLV":"0","type":"0","preFixHalo":"[11,10]","updateItem":"[100,94,30,0]","buff":"[[[2,5],[3,5],[4,5]],[[2,10],[3,10],[4,10]],[[2,15],[3,15],[4,15]],[[2,20],[3,20],[4,20]],[[2,25],[3,25],[4,25]],[[2,30],[3,30],[4,30]],[[2,35],[3,35],[4,35]],[[2,40],[3,40],[4,40]],[[2,45],[3,45],[4,45]],[[2,50],[3,50],[4,50]]]"},{"id":"13","name":"Halo13","maxLevel":"2","startLV":"1","type":"0","preFixHalo":"[]","updateItem":"[]","buff":"[[[2,30],[3,30],[4,30]]]"},{"id":"14","name":"Halo14","maxLevel":"11","startLV":"0","type":"0","preFixHalo":"[]","updateItem":"[]","buff":"[[[2,5],[3,5],[4,5]],[[2,10],[3,10],[4,10]],[[2,15],[3,15],[4,15]],[[2,20],[3,20],[4,20]],[[2,25],[3,25],[4,25]],[[2,30],[3,30],[4,30]],[[2,35],[3,35],[4,35]],[[2,40],[3,40],[4,40]],[[2,45],[3,45],[4,45]],[[2,50],[3,50],[4,50]]]"},{"id":"15","name":"Halo15","maxLevel":"11","startLV":"0","type":"0","preFixHalo":"[]","updateItem":"[]","buff":"[[[2,5],[3,5],[4,5]],[[2,10],[3,10],[4,10]],[[2,15],[3,15],[4,15]],[[2,20],[3,20],[4,20]],[[2,25],[3,25],[4,25]],[[2,30],[3,30],[4,30]],[[2,35],[3,35],[4,35]],[[2,40],[3,40],[4,40]],[[2,45],[3,45],[4,45]],[[2,50],[3,50],[4,50]]]"},{"id":"16","name":"Chém gió siêu bão","maxLevel":"2","startLV":"1","type":"0","preFixHalo":"[]","updateItem":"[]","buff":"[[[2,5],[3,5],[4,5]]]"},{"id":"17","name":"Xin đừng buông tay","maxLevel":"2","startLV":"1","type":"0","preFixHalo":"[]","updateItem":"[]","buff":"[[[2,10],[3,10],[4,10]]]"},{"id":"18","name":"Sống đẹp và tích cực","maxLevel":"2","startLV":"1","type":"0","preFixHalo":"[]","updateItem":"[]","buff":"[[[2,15],[3,15],[4,15]]]"},{"id":"19","name":"Truyền thái Y","maxLevel":"2","startLV":"1","type":"0","preFixHalo":"[]","updateItem":"[]","buff":"[[[2,20],[3,20],[4,20]]]"},{"id":"20","name":"Yêu không hối hận","maxLevel":"2","startLV":"1","type":"0","preFixHalo":"[]","updateItem":"[]","buff":"[[[2,30],[3,30],[4,30]]]"},{"id":"21","name":"Nhất Quỷ Nhì Ma","maxLevel":"2","startLV":"1","type":"0","preFixHalo":"[]","updateItem":"[]","buff":"[[[2,40],[3,40],[4,40]]]"},{"id":"22","name":"HotGirl Cơm Nguội","maxLevel":"2","startLV":"1","type":"0","preFixHalo":"[]","updateItem":"[]","buff":"[[[2,50],[3,50],[4,50]]]"},{"id":"23","name":"The Face Showbiz","maxLevel":"2","startLV":"1","type":"0","preFixHalo":"[]","updateItem":"[]","buff":"[[[2,60],[3,60],[4,60]]]"},{"id":"24","name":"Dáng chuẩn nuột nà","maxLevel":"11","startLV":"0","type":"0","preFixHalo":"[]","updateItem":"[100,140,10,0]","buff":"[[[2,5],[3,5],[4,5]],[[2,10],[3,10],[4,10]],[[2,15],[3,15],[4,15]],[[2,20],[3,20],[4,20]],[[2,25],[3,25],[4,25]],[[2,30],[3,30],[4,30]],[[2,35],[3,35],[4,35]],[[2,40],[3,40],[4,40]],[[2,45],[3,45],[4,45]],[[2,50],[3,50],[4,50]]]"},{"id":"25","name":"Đẹp và thông minh","maxLevel":"11","startLV":"0","type":"0","preFixHalo":"[24,10]","updateItem":"[100,140,30,0]","buff":"[[[2,5],[3,5],[4,5]],[[2,10],[3,10],[4,10]],[[2,15],[3,15],[4,15]],[[2,20],[3,20],[4,20]],[[2,25],[3,25],[4,25]],[[2,30],[3,30],[4,30]],[[2,35],[3,35],[4,35]],[[2,40],[3,40],[4,40]],[[2,45],[3,45],[4,45]],[[2,50],[3,50],[4,50]]]"}]