[{"id":"1","name":"nam mặc định 1","gender":"0"},{"id":"2","name":"nam mặc định 2","gender":"0"},{"id":"3","name":"nam mặc định 3","gender":"0"},{"id":"4","name":"nam mặc định 4","gender":"0"},{"id":"5","name":"nam mặc định 5","gender":"0"},{"id":"6","name":"nữ mặc định 1","gender":"1"},{"id":"7","name":"nữ mặc định 2","gender":"1"},{"id":"8","name":"nữ mặc định 3","gender":"1"},{"id":"9","name":"nữ mặc định 4","gender":"1"},{"id":"10","name":"nữ mặc định 5","gender":"1"},{"id":"11","name":"Hào hoa dễ mến","gender":"0"},{"id":"12","name":"Mạnh mẽ lôi cuốn","gender":"0"},{"id":"13","name":"Đẹp trai tài tử","gender":"0"},{"id":"14","name":"Nhanh nhẹn khôn khéo","gender":"1"},{"id":"15","name":"Hiền thục dịu dàng","gender":"1"},{"id":"16","name":"Xinh đẹp thông minh","gender":"1"},{"id":"17","name":"Thanh lịch gợi cảm","gender":"1"},{"id":"18","name":"chưa có tên","gender":"1"}]