[{"id":"1","product":"[100,92,1,0]","materials":"[[100,91,8,0]]","dailyLimit":"999"},{"id":"2","product":"[100,93,1,0]","materials":"[[100,91,8,0]]","dailyLimit":"999"},{"id":"3","product":"[100,66,1,0]","materials":"[[100,65,4,0]]","dailyLimit":"999"},{"id":"4","product":"[100,73,1,0]","materials":"[[100,70,3,0]]","dailyLimit":"999"},{"id":"5","product":"[100,74,1,0]","materials":"[[100,71,3,0]]","dailyLimit":"999"},{"id":"6","product":"[100,75,1,0]","materials":"[[100,72,3,0]]","dailyLimit":"999"},{"id":"7","product":"[100,76,1,0]","materials":"[[100,73,3,0]]","dailyLimit":"999"},{"id":"8","product":"[100,77,1,0]","materials":"[[100,74,3,0]]","dailyLimit":"999"},{"id":"9","product":"[100,78,1,0]","materials":"[[100,75,3,0]]","dailyLimit":"999"},{"id":"10","product":"[100,79,1,0]","materials":"[[100,76,3,0]]","dailyLimit":"999"},{"id":"11","product":"[100,80,1,0]","materials":"[[100,77,3,0]]","dailyLimit":"999"},{"id":"12","product":"[100,81,1,0]","materials":"[[100,78,3,0]]","dailyLimit":"999"},{"id":"13","product":"[100,82,1,0]","materials":"[[100,79,3,0]]","dailyLimit":"999"},{"id":"14","product":"[100,83,1,0]","materials":"[[100,80,3,0]]","dailyLimit":"999"},{"id":"15","product":"[100,84,1,0]","materials":"[[100,81,3,0]]","dailyLimit":"999"},{"id":"16","product":"[100,85,1,0]","materials":"[[100,82,3,0]]","dailyLimit":"999"},{"id":"17","product":"[100,86,1,0]","materials":"[[100,83,3,0]]","dailyLimit":"999"},{"id":"18","product":"[100,87,1,0]","materials":"[[100,84,3,0]]","dailyLimit":"999"},{"id":"19","product":"[100,88,1,0]","materials":"[[100,85,3,0]]","dailyLimit":"999"},{"id":"20","product":"[100,89,1,0]","materials":"[[100,86,3,0]]","dailyLimit":"999"},{"id":"21","product":"[100,90,1,0]","materials":"[[100,87,3,0]]","dailyLimit":"999"},{"id":"22","product":"[100,130,1,0]","materials":"[[100,137,1,0]]","dailyLimit":"100"},{"id":"23","product":"[100,130,5,0]","materials":"[[100,138,1,0]]","dailyLimit":"100"}]