[{"affairsID":"1","questionID":"1","rate":"25","question":"Tập đoàn truyền thông YooGroup mời bạn tham gia TVC quảng bá thương hiệu","answer_1":"Chỉ tham gia nếu hợp đồng cát xê cao, ta là sao cơ mà !!","reward_1":"[[7,1,10,0]]","answer_2":"Hiến tặng toàn bộ cát xê để ủng hộ đồng bào chống dịch","reward_2":"[[4,6,1,0]]"},{"affairsID":"1","questionID":"2","rate":"25","question":"Đài truyền hình đang tổ chức Game show biểu diễn tài năng","answer_1":"Lên ý tưởng và sản xuất Video trên kênh cá nhân. Bắt trend cày view nào !","reward_1":"[[7,2,10,0]]","answer_2":"Trực tiếp đến tham gia lên sóng chương trình truyền hình","reward_2":"[[4,6,1,0]]"},{"affairsID":"1","questionID":"3","rate":"25","question":"Fanclub muốn tổ chức buổi Fan Meeting gặp gỡ thần tượng","answer_1":"Đến tham gia giao lưu trực tiếp với người hâm mộ","reward_1":"[[7,3,10,0]]","answer_2":"Gửi tặng gói quà khủng cho fan, tặng kèm DVD mới ra mắt","reward_2":"[[4,6,1,0]]"},{"affairsID":"1","questionID":"4","rate":"8","question":"Đài truyền hình mời bạn tham dự Gameshow NetAward","answer_1":"Phái tài năng trẻ tham gia đề cử Idol triển vọng","reward_1":"[[100,37,1,0]]","answer_2":"Tham gia với tư cách khách mời","reward_2":"[[4,6,1,0]]"},{"affairsID":"1","questionID":"5","rate":"9","question":"Đài truyền hình mời bạn tham dự Gameshow NetAward","answer_1":"Phái tài năng trẻ tham gia đề cử Idol triển vọng","reward_1":"[[100,36,1,0]]","answer_2":"Tham gia với tư cách khách mời","reward_2":"[[4,6,1,0]]"},{"affairsID":"1","questionID":"6","rate":"8","question":"Đài truyền hình mời bạn tham dự Gameshow NetAward","answer_1":"Phái tài năng trẻ tham gia đề cử Idol triển vọng","reward_1":"[[100,35,1,0]]","answer_2":"Tham gia với tư cách khách mời","reward_2":"[[4,6,1,0]]"}]