[{"id":"1","name":"Sáng tạo tác phẩm","desc":"Sáng tác 3 lần","queryFormat":"[6,3]","rewardFormat":"[[1,1,100000,0]]","":"","#DIV/0!":""},{"id":"2","name":"Livestream cày view","desc":"Cày view 3 lần","queryFormat":"[7,3]","rewardFormat":"[[1,2,100000,0]]","":"","#DIV/0!":""},{"id":"3","name":"Gặp gỡ fanclub","desc":"Fan meeting 3 lần","queryFormat":"[8,3]","rewardFormat":"[[1,3,100000,0]]","":"","#DIV/0!":""},{"id":"4","name":"Đề cử Thùy Anh","desc":"Idol Thùy Anh lên cấp 10","queryFormat":"[16,1,1,10]","rewardFormat":"[[1,1,100000,0]]","":"","#DIV/0!":""},{"id":"5","name":"Đề cử Tiến Crush","desc":"Idol Tiến Crush lên cấp 10","queryFormat":"[16,1,2,10]","rewardFormat":"[[1,1,100000,0]]","":"","#DIV/0!":""},{"id":"6","name":"Đề cử Đức Crespo","desc":"Idol Đức Crespo lên cấp 10","queryFormat":"[16,1,3,10]","rewardFormat":"[[1,1,100000,0]]","":"","#DIV/0!":""},{"id":"7","name":"Đề cử Huyền Xõa","desc":"Idol Huyền Xõa lên cấp 10","queryFormat":"[16,1,4,10]","rewardFormat":"[[1,1,200000,0]]","":"","#DIV/0!":""},{"id":"8","name":"Đề cử Link Thùy","desc":"Idol Link Thùy lên cấp 10","queryFormat":"[16,1,5,10]","rewardFormat":"[[1,1,200000,0]]","":"","#DIV/0!":""},{"id":"9","name":"Xử lý Truyền thông","desc":"Xử lý Truyền thông 3 lần","queryFormat":"[9,3]","rewardFormat":"[[1,3,200000,0]]","":"","#DIV/0!":""},{"id":"10","name":"Đời sống Showbiz","desc":"Tích lũy chiến thắng ải Đời sống showbiz 16 lần","queryFormat":"[5,16]","rewardFormat":"[[1,1,200000,0],[1,2,200000,0],[1,3,200000,0]]","":"","#DIV/0!":""},{"id":"11","name":"Sáng tạo tác phẩm","desc":"Sáng tác 6 lần","queryFormat":"[6,6]","rewardFormat":"[[1,1,200000,0]]","":"","#DIV/0!":""},{"id":"12","name":"Livestream cày view","desc":"Cày view 6 lần","queryFormat":"[7,6]","rewardFormat":"[[1,2,200000,0]]","":"","#DIV/0!":""},{"id":"13","name":"Gặp gỡ fanclub","desc":"Fan meeting 6 lần","queryFormat":"[8,6]","rewardFormat":"[[1,3,200000,0]]","":"","#DIV/0!":""},{"id":"14","name":"Tăng cấp Idol","desc":"Ít nhất 1 Idol lên cấp 20","queryFormat":"[16,0,1,20]","rewardFormat":"[[100,1,2,0]]","":"","#DIV/0!":""},{"id":"15","name":"Phát triển tài năng","desc":"Tổng tài năng đạt 3000","queryFormat":"[3,3000]","rewardFormat":"[[100,2,2,0],[104,9,0,0]]","":"","#DIV/0!":""},{"id":"16","name":"Xử lý truyền thông","desc":"Sử dụng Hợp đồng Truyền thông 1 lần","queryFormat":"[200,1]","rewardFormat":"[[1,3,200000,0]]","":"","#DIV/0!":""},{"id":"17","name":"Đời sống Showbiz","desc":"Tích lũy chiến thắng ải Đời sống showbiz 32 lần","queryFormat":"[5,32]","rewardFormat":"[[1,1,200000,0],[1,2,200000,0],[1,3,200000,0]]","":"","#DIV/0!":""},{"id":"18","name":"Tăng cấp Idol","desc":"Ít nhất 3 Idol lên cấp 20","queryFormat":"[16,0,3,20]","rewardFormat":"[[100,1,2,0]]","":"","#DIV/0!":""},{"id":"19","name":"Đời sống Showbiz","desc":"Tích lũy chiến thắng ải Đời sống showbiz 49 lần","queryFormat":"[5,49]","rewardFormat":"[[1,1,200000,0],[1,2,200000,0],[1,3,200000,0]]","":"","#DIV/0!":""},{"id":"20","name":"Đột phá hạng sao","desc":"Hạng sao đạt Trainee 3","queryFormat":"[2,2]","rewardFormat":"[[100,15,2,0],[100,17,2,0]]","":"","#DIV/0!":""},{"id":"21","name":"Tăng cấp Idol","desc":"Ít nhất 5 Idol đến cấp 20","queryFormat":"[16,0,5,20]","rewardFormat":"[[100,1,3,0]]","":"","#DIV/0!":""},{"id":"22","name":"Phát triển tài năng","desc":"Tổng tài năng đạt 6000","queryFormat":"[3,6000]","rewardFormat":"[[100,2,2,0],[104,10,0,0]]","":"","#DIV/0!":""},{"id":"23","name":"Đời sống Showbiz","desc":"Tích lũy chiến thắng đời sống Showbiz 82 lần","queryFormat":"[5,82]","rewardFormat":"[[1,1,200000,0],[1,2,200000,0],[1,3,200000,0]]","":"","#DIV/0!":""},{"id":"24","name":"Điểm danh mỗi ngày","desc":"Tích lũy lần điểm danh 1 ngày","queryFormat":"[18,1]","rewardFormat":"[[100,37,3,0]]","":"","#DIV/0!":""},{"id":"25","name":"Tăng cấp Idol","desc":"Ít nhất 7 Idol lên cấp 20","queryFormat":"[16,0,7,20]","rewardFormat":"[[100,1,3,0]]","":"","#DIV/0!":""},{"id":"26","name":"Đời sống Showbiz","desc":"Tích lũy chiến thắng đời sống Showbiz 123 lần","queryFormat":"[5,123]","rewardFormat":"[[100,2,2,0],[100,1,2,0],[100,36,2,0]]","":"","#DIV/0!":""},{"id":"27","name":"Sáng tạo tác phẩm","desc":"Sáng tác 20 lần","queryFormat":"[6,20]","rewardFormat":"[[1,1,200000,0]]","":"","#DIV/0!":""},{"id":"28","name":"Livestream cày view","desc":"Cày view 20 lần","queryFormat":"[7,20]","rewardFormat":"[[1,2,200000,0]]","":"","#DIV/0!":""},{"id":"29","name":"Gặp gỡ fanclub","desc":"Fan meeting 20 lần","queryFormat":"[8,20]","rewardFormat":"[[1,3,200000,0]]","":"","#DIV/0!":""},{"id":"30","name":"Tăng cấp Idol","desc":"Ít nhất 1 Idol lên cấp 30","queryFormat":"[16,0,1,30]","rewardFormat":"[[100,1,3,0]]","":"","#DIV/0!":""},{"id":"31","name":"Đời sống Showbiz","desc":"Tích lũy chiến thắng đời sống Showbiz 147 lần","queryFormat":"[5,147]","rewardFormat":"[[1,1,300000,0]]","":"","#DIV/0!":""},{"id":"32","name":"Đột phá hạng sao","desc":"Cấp Hạng sao đạt Trainee 2","queryFormat":"[2,3]","rewardFormat":"[[100,66,1,0],[100,2,2,0]]","":"","#DIV/0!":""},{"id":"33","name":"Nâng cấp idol","desc":"Dùng sách nâng cấp tố chất idol 1 lần","queryFormat":"[6700,1]","rewardFormat":"[[1,1,300000,0]]","":"","#DIV/0!":""},{"id":"34","name":"Phát triển tài năng","desc":"Tổng tài năng đạt 15000","queryFormat":"[3,15000]","rewardFormat":"[[100,2,2,0],[104,11,0,0]]","":"","#DIV/0!":""},{"id":"35","name":"Tăng cấp Idol","desc":"Ít nhất 3 Idol lên cấp 30","queryFormat":"[16,0,3,30]","rewardFormat":"[[1,3,300000,0],[100,104,2,0]]","":"","#DIV/0!":""},{"id":"36","name":"Xử lý truyền thông","desc":"Sử dụng Hợp đồng Truyền thông 3 lần","queryFormat":"[200,3]","rewardFormat":"[[100,104,2,0]]","":"","#DIV/0!":""},{"id":"37","name":"Đời sống Showbiz","desc":"Tích lũy chiến thắng đời sống Showbiz 164 lần","queryFormat":"[5,164]","rewardFormat":"[[1,1,300000,0]]","":"","#DIV/0!":""},{"id":"38","name":"Sáng tạo tác phẩm","desc":"Sáng tác 40 lần","queryFormat":"[6,40]","rewardFormat":"[[1,1,300000,0]]","":"","#DIV/0!":""},{"id":"39","name":"Livestream cày view","desc":"Cày view 40 lần","queryFormat":"[7,40]","rewardFormat":"[[1,2,300000,0]]","":"","#DIV/0!":""},{"id":"40","name":"Gặp gỡ fanclub","desc":"Fan meeting 40 lần","queryFormat":"[8,40]","rewardFormat":"[[1,3,300000,0]]","":"","#DIV/0!":""},{"id":"41","name":"Tăng cấp Idol","desc":"Ít nhất 5 Idol lên cấp 30","queryFormat":"[16,0,5,30]","rewardFormat":"[[100,1,3,0]]","":"","#DIV/0!":""},{"id":"42","name":"Phát triển tài năng","desc":"Tổng tài năng đạt 25000","queryFormat":"[3,25000]","rewardFormat":"[[100,2,2,0],[104,12,0,0]]","":"","#DIV/0!":""},{"id":"43","name":"Đời sống Showbiz","desc":"Tích lũy chiến thắng đời sống Showbiz 205 lần","queryFormat":"[5,205]","rewardFormat":"[[100,1,2,0],[100,2,2,0],[100,36,3,0]]","":"","#DIV/0!":""},{"id":"44","name":"Xử lý Truyền thông","desc":"Xử lý Truyền thông 6 lần","queryFormat":"[9,6]","rewardFormat":"[[100,5,2,0]]","":"","#DIV/0!":""},{"id":"45","name":"Tăng cấp Idol","desc":"Ít nhất 7 Idol lên cấp 30","queryFormat":"[16,0,6,30]","rewardFormat":"[[100,1,3,0]]","":"","#DIV/0!":""},{"id":"46","name":"Đời sống Showbiz","desc":"Tích lũy chiến thắng đời sống Showbiz 246 lần","queryFormat":"[5,246]","rewardFormat":"[[1,1,300000,0],[1,2,300000,0],[1,3,300000,0]]","":"","#DIV/0!":""},{"id":"47","name":"Tăng cấp Idol","desc":"Ít nhất 1 Idol lên cấp 40","queryFormat":"[16,0,1,40]","rewardFormat":"[[100,1,3,0]]","":"","#DIV/0!":""},{"id":"48","name":"Phát triển tài năng","desc":"Tổng tài năng đạt 35000","queryFormat":"[3,35000]","rewardFormat":"[[100,2,2,0],[104,13,0,0]]","":"","#DIV/0!":""},{"id":"49","name":"Điểm danh mỗi ngày","desc":"Tích lũy lần điểm danh 2 ngày","queryFormat":"[18,2]","rewardFormat":"[[100,104,2,0]]","":"","#DIV/0!":""},{"id":"50","name":"Sáng tạo tác phẩm","desc":"Sáng tác 80 lần","queryFormat":"[6,80]","rewardFormat":"[[1,1,300000,0]]","":"","#DIV/0!":""},{"id":"51","name":"Livestream cày view","desc":"Cày view 80 lần","queryFormat":"[7,80]","rewardFormat":"[[1,2,300000,0]]","":"","#DIV/0!":""},{"id":"52","name":"Gặp gỡ fanclub","desc":"Fan meeting 80 lần","queryFormat":"[8,80]","rewardFormat":"[[1,1,300000,0]]","":"","#DIV/0!":""},{"id":"53","name":"Đời sống Showbiz","desc":"Tích lũy chiến thắng đời sống Showbiz 287 lần","queryFormat":"[5,287]","rewardFormat":"[[1,3,300000,0]]","":"","#DIV/0!":""},{"id":"54","name":"Đột phá hạng sao","desc":"Cấp Hạng sao đạt Trainee 1","queryFormat":"[2,4]","rewardFormat":"[[100,66,1,0],[100,2,3,0]]","":"","#DIV/0!":""},{"id":"55","name":"Tăng cấp Idol","desc":"Ít nhất 3 Idol lên cấp 40","queryFormat":"[16,0,3,40]","rewardFormat":"[[100,1,3,0]]","":"","#DIV/0!":""},{"id":"56","name":"Tăng cấp Idol","desc":"Ít nhất 5 Idol lên cấp 40","queryFormat":"[16,0,5,40]","rewardFormat":"[[100,104,2,0]]","":"","#DIV/0!":""},{"id":"57","name":"Phát triển tài năng","desc":"Tổng tài năng đạt 50000","queryFormat":"[3,50000]","rewardFormat":"[[100,2,2,0],[104,14,0,0]]","":"","#DIV/0!":""},{"id":"58","name":"Tăng cấp Idol","desc":"Ít nhất 7 Idol lên cấp 40","queryFormat":"[16,0,7,40]","rewardFormat":"[[1,3,400000,0]]","":"","#DIV/0!":""},{"id":"59","name":"Tăng cấp Idol","desc":"Ít nhất 1 Idol lên cấp 50","queryFormat":"[16,0,1,50]","rewardFormat":"[[1,1,400000,0]]","":"","#DIV/0!":""},{"id":"60","name":"Tăng cấp Idol","desc":"Ít nhất 3 Idol lên cấp 50","queryFormat":"[16,0,3,50]","rewardFormat":"[[1,3,400000,0]]","":"","#DIV/0!":""},{"id":"61","name":"Tăng cấp Idol","desc":"Ít nhất 5 Idol lên cấp 50","queryFormat":"[16,0,5,50]","rewardFormat":"[[1,1,400000,0]]","":"","#DIV/0!":""},{"id":"62","name":"Tăng cấp Idol","desc":"Ít nhất 7 Idol lên cấp 50","queryFormat":"[16,0,7,50]","rewardFormat":"[[1,3,400000,0]]","":"","#DIV/0!":""},{"id":"63","name":"Đời sống Showbiz","desc":"Tích lũy chiến thắng đời sống Showbiz 328 lần","queryFormat":"[5,328]","rewardFormat":"[[100,1,2,0]]","":"","#DIV/0!":""},{"id":"64","name":"Xử lý truyền thông","desc":"Sử dụng Hợp đồng Truyền thông 5 lần","queryFormat":"[200,5]","rewardFormat":"[[100,64,2,0]]","":"","#DIV/0!":""},{"id":"65","name":"Sáng tạo tác phẩm","desc":"Sáng tác 110 lần","queryFormat":"[6,110]","rewardFormat":"[[100,57,2,0]]","":"","#DIV/0!":""},{"id":"66","name":"Livestream cày view","desc":"Cày view 110 lần","queryFormat":"[7,110]","rewardFormat":"[[100,57,2,0]]","":"","#DIV/0!":""},{"id":"67","name":"Gặp gỡ fanclub","desc":"Fan meeting 110 lần","queryFormat":"[8,110]","rewardFormat":"[[100,104,1,0]]","":"","#DIV/0!":""},{"id":"68","name":"Phát triển tài năng","desc":"Tổng tài năng đạt 70000","queryFormat":"[3,70000]","rewardFormat":"[[100,2,2,0],[104,15,0,0]]","":"","#DIV/0!":""},{"id":"69","name":"Tăng cấp Idol","desc":"Ít nhất 1 Idol lên cấp 60","queryFormat":"[16,0,1,60]","rewardFormat":"[[100,5,3,0]]","":"","#DIV/0!":""},{"id":"70","name":"Đời sống Showbiz","desc":"Tích lũy chiến thắng đời sống Showbiz 369 lần","queryFormat":"[5,369]","rewardFormat":"[[1,1,400000,0]]","":"","#DIV/0!":""},{"id":"71","name":"Đi đu đưa","desc":"Số lần đu đưa đạt 40 lần","queryFormat":"[12,40]","rewardFormat":"[[100,104,1,0]]","":"","#DIV/0!":""},{"id":"72","name":"Đời sống Showbiz","desc":"Tích lũy chiến thắng đời sống Showbiz 410 lần","queryFormat":"[5,410]","rewardFormat":"[[1,1,400000,0]]","":"","#DIV/0!":""},{"id":"73","name":"Tăng cấp Idol","desc":"Ít nhất 2 Idol lên cấp 60","queryFormat":"[16,0,2,60]","rewardFormat":"[[1,3,400000,0]]","":"","#DIV/0!":""},{"id":"74","name":"Xử lý Truyền thông","desc":"Xử lý Truyền thông 20 lần","queryFormat":"[9,20]","rewardFormat":"[[1,3,400000,0]]","":"","#DIV/0!":""},{"id":"75","name":"Phát triển tài năng","desc":"Tổng tài năng đạt 90000","queryFormat":"[3,90000]","rewardFormat":"[[100,2,2,0],[104,16,0,0]]","":"","#DIV/0!":""},{"id":"76","name":"Tăng cấp Idol","desc":"Ít nhất 4 Idol lên cấp 60","queryFormat":"[16,0,4,60]","rewardFormat":"[[1,1,500000,0]]","":"","#DIV/0!":""},{"id":"77","name":"Đời sống Showbiz","desc":"Tích lũy chiến thắng đời sống Showbiz 451 lần","queryFormat":"[5,451]","rewardFormat":"[[100,1,2,0]]","":"","#DIV/0!":""},{"id":"78","name":"Đột phá hạng sao","desc":"Cấp Hạng sao đạt Solo Artist 5","queryFormat":"[2,5]","rewardFormat":"[[100,66,1,0],[100,2,2,0],[100,57,1,0]]","":"","#DIV/0!":""},{"id":"79","name":"Tăng cấp Idol","desc":"Ít nhất 6 Idol lên cấp 60","queryFormat":"[16,0,6,60]","rewardFormat":"[[1,3,500000,0]]","":"","#DIV/0!":""},{"id":"80","name":"Tăng cấp Idol","desc":"Ít nhất 1 Idol lên cấp 70","queryFormat":"[16,0,1,70]","rewardFormat":"[[1,3,500000,0]]","":"","#DIV/0!":""},{"id":"81","name":"Đời sống Showbiz","desc":"Tích lũy chiến thắng đời sống Showbiz 492 lần","queryFormat":"[5,492]","rewardFormat":"[[100,1,2,0]]","":"","#DIV/0!":""},{"id":"82","name":"Sáng tạo tác phẩm","desc":"Sáng tác 140 lần","queryFormat":"[6,140]","rewardFormat":"[[1,1,500000,0]]","":"","#DIV/0!":""},{"id":"83","name":"Livestream cày view","desc":"Cày view 140 lần","queryFormat":"[7,140]","rewardFormat":"[[1,2,500000,0]]","":"","#DIV/0!":""},{"id":"84","name":"Gặp gỡ fanclub","desc":"Fan meeting 140 lần","queryFormat":"[8,140]","rewardFormat":"[[1,3,500000,0]]","":"","#DIV/0!":""},{"id":"85","name":"Phát triển tài năng","desc":"Tổng tài năng đạt 120000","queryFormat":"[3,120000]","rewardFormat":"[[100,2,2,0]]","":"","#DIV/0!":""},{"id":"86","name":"điểm danh mỗi ngày","desc":"Tích lũy điểm danh 3 ngày","queryFormat":"[18,3]","rewardFormat":"[[100,5,5,0]]","":"","#DIV/0!":""},{"id":"87","name":"Đời sống Showbiz","desc":"Tích lũy chiến thắng đời sống Showbiz 533 lần","queryFormat":"[5,533]","rewardFormat":"[[100,1,3,0]]","":"","#DIV/0!":""},{"id":"88","name":"Tăng cấp Idol","desc":"Ít nhất 2 Idol lên cấp 70","queryFormat":"[16,0,2,70]","rewardFormat":"[[1,1,500000,0]]","":"","#DIV/0!":""},{"id":"89","name":"Tăng cấp Idol","desc":"Ít nhất 4 Idol lên cấp 70","queryFormat":"[16,0,4,70]","rewardFormat":"[[1,2,500000,0]]","":"","#DIV/0!":""},{"id":"90","name":"Tăng cấp Idol","desc":"Ít nhất 6 Idol lên cấp 70","queryFormat":"[16,0,6,70]","rewardFormat":"[[1,3,500000,0]]","":"","#DIV/0!":""},{"id":"91","name":"Đi đu đưa","desc":"Số lần đu đưa đạt 80 lần","queryFormat":"[12,80]","rewardFormat":"[[100,104,2,0]]","":"","#DIV/0!":""},{"id":"92","name":"Đời sống Showbiz","desc":"Tích lũy chiến thắng đời sống Showbiz 574 lần","queryFormat":"[5,574]","rewardFormat":"[[100,3,1,0]]","":"","#DIV/0!":""},{"id":"93","name":"Xử lý truyền thông","desc":"Sử dụng Hợp đồng Truyền thông 8 lần","queryFormat":"[200,8]","rewardFormat":"[[1,1,500000,0]]","":"","#DIV/0!":""},{"id":"94","name":"Phát triển tài năng","desc":"Tổng tài năng đạt 140000","queryFormat":"[3,140000]","rewardFormat":"[[100,2,2,0]]","":"","#DIV/0!":""},{"id":"95","name":"Tăng cấp Idol","desc":"Ít nhất 1 Idol lên cấp 80","queryFormat":"[16,0,1,80]","rewardFormat":"[[100,1,3,0]]","":"","#DIV/0!":""},{"id":"96","name":"Đời sống Showbiz","desc":"Tích lũy chiến thắng đời sống Showbiz 615 lần","queryFormat":"[5,615]","rewardFormat":"[[1,1,500000,0]]","":"","#DIV/0!":""},{"id":"97","name":"Sáng tạo tác phẩm","desc":"Sáng tác 170 lần","queryFormat":"[6,170]","rewardFormat":"[[1,1,700000,0]]","":"","#DIV/0!":""},{"id":"98","name":"Livestream cày view","desc":"Cày view 170 lần","queryFormat":"[7,170]","rewardFormat":"[[1,2,700000,0]]","":"","#DIV/0!":""},{"id":"99","name":"Gặp gỡ fanclub","desc":"Fan meeting 170 lần","queryFormat":"[8,170]","rewardFormat":"[[1,3,700000,0]]","":"","#DIV/0!":""},{"id":"100","name":"Phát triển tài năng","desc":"Tổng tài năng đạt 160000","queryFormat":"[3,160000]","rewardFormat":"[[100,3,1,0]]","":"","#DIV/0!":""},{"id":"101","name":"Đời sống Showbiz","desc":"Tích lũy chiến thắng đời sống Showbiz 656 lần","queryFormat":"[5,656]","rewardFormat":"[[1,1,700000,0]]","":"","#DIV/0!":""},{"id":"102","name":"Tăng cấp Idol","desc":"Ít nhất 2 Idol lên cấp 80","queryFormat":"[16,0,2,80]","rewardFormat":"[[1,2,700000,0]]","":"","#DIV/0!":""},{"id":"103","name":"Tăng cấp Idol","desc":"Ít nhất 3 Idol lên cấp 80","queryFormat":"[16,0,3,80]","rewardFormat":"[[1,3,700000,0]]","":"","#DIV/0!":""},{"id":"104","name":"Phát triển tài năng","desc":"Tổng tài năng đạt 180000","queryFormat":"[3,180000]","rewardFormat":"[[100,2,2,0],[100,104,2,0]]","":"","#DIV/0!":""},{"id":"105","name":"Đời sống Showbiz","desc":"Tích lũy chiến thắng đời sống Showbiz 697 lần","queryFormat":"[5,697]","rewardFormat":"[[100,5,2,0]]","":"","#DIV/0!":""},{"id":"106","name":"Mua đạo cụ","desc":"Mua đạo cụ bất kỳ trong cửa tiệm 1 lần","queryFormat":"[6,3]","rewardFormat":"[[100,5,2,0]]","":"","#DIV/0!":""},{"id":"107","name":"Tăng cấp Idol","desc":"Ít nhất 4 Idol lên cấp 80","queryFormat":"[16,0,4,80]","rewardFormat":"[[1,1,700000,0]]","":"","#DIV/0!":""},{"id":"108","name":"Tăng cấp Idol","desc":"Ít nhất 5 Idol lên cấp 80","queryFormat":"[16,0,5,80]","rewardFormat":"[[1,1,700000,0]]","":"","#DIV/0!":""},{"id":"109","name":"Tăng cấp Idol","desc":"Ít nhất 6 Idol lên cấp 80","queryFormat":"[16,0,6,80]","rewardFormat":"[[1,3,700000,0]]","":"","#DIV/0!":""},{"id":"110","name":"Đời sống Showbiz","desc":"Tích lũy chiến thắng đời sống Showbiz 738 lần","queryFormat":"[5,738]","rewardFormat":"[[100,3,1,0]]","":"","#DIV/0!":""},{"id":"111","name":"Sáng tạo tác phẩm","desc":"Sáng tác 200 lần","queryFormat":"[6,200]","rewardFormat":"[[1,1,700000,0]]","":"","#DIV/0!":""},{"id":"112","name":"Livestream cày view","desc":"Cày view 200 lần","queryFormat":"[7,200]","rewardFormat":"[[1,1,700000,0]]","":"","#DIV/0!":""},{"id":"113","name":"Gặp gỡ fanclub","desc":"Fan meeting 200 lần","queryFormat":"[8,200]","rewardFormat":"[[1,3,700000,0]]","":"","#DIV/0!":""},{"id":"114","name":"Đời sống Showbiz","desc":"Tích lũy chiến thắng đời sống Showbiz 779 lần","queryFormat":"[5,779]","rewardFormat":"[[100,3,1,0]]","":"","#DIV/0!":""},{"id":"115","name":"Đời sống Showbiz","desc":"Tích lũy chiến thắng đời sống Showbiz 820 lần","queryFormat":"[5,820]","rewardFormat":"[[100,104,2,0]]","":"","#DIV/0!":""},{"id":"116","name":"Đột phá hạng sao","desc":"Cấp Hạng sao đạt Solo Artist 4","queryFormat":"[2,6]","rewardFormat":"[[100,66,1,0],[100,2,2,0],[100,57,1,0]]","":"","#DIV/0!":""},{"id":"117","name":"Điểm danh mỗi ngày","desc":"Tích lũy lần điểm danh 4 ngày","queryFormat":"[18,4]","rewardFormat":"[[100,5,5,0]]","":"","#DIV/0!":""},{"id":"118","name":"Tăng cấp Idol","desc":"Ít nhất 1 Idol lên cấp 90","queryFormat":"[16,0,1,90]","rewardFormat":"[[1,1,1000000,0]]","":"","#DIV/0!":""},{"id":"119","name":"Phát triển tài năng","desc":"Tổng tài năng đạt 200000","queryFormat":"[3,200000]","rewardFormat":"[[100,2,2,0],[100,104,1,0]]","":"","#DIV/0!":""},{"id":"120","name":"Đời sống Showbiz","desc":"Tích lũy chiến thắng đời sống Showbiz 861 lần","queryFormat":"[5,861]","rewardFormat":"[[100,104,2,0]]","":"","#DIV/0!":""},{"id":"121","name":"Sáng tạo tác phẩm","desc":"Sáng tác 230 lần","queryFormat":"[6,230]","rewardFormat":"[[1,1,1000000,0]]","":"","#DIV/0!":""},{"id":"122","name":"Livestream cày view","desc":"Cày view 230 lần","queryFormat":"[7,230]","rewardFormat":"[[1,2,1000000,0]]","":"","#DIV/0!":""},{"id":"123","name":"Gặp gỡ fanclub","desc":"Fan meeting 230 lần","queryFormat":"[8,230]","rewardFormat":"[[1,3,1000000,0]]","":"","#DIV/0!":""},{"id":"124","name":"Đi đu đưa","desc":"Số lần đu đưa đạt 120 lần","queryFormat":"[12,120]","rewardFormat":"[[100,104,2,0]]","":"","#DIV/0!":""},{"id":"125","name":"Tăng cấp Idol","desc":"Ít nhất 2 Idol lên cấp 90","queryFormat":"[16,0,2,90]","rewardFormat":"[[1,1,1000000,0]]","":"","#DIV/0!":""},{"id":"126","name":"Đời sống Showbiz","desc":"Tích lũy chiến thắng đời sống Showbiz 902 lần","queryFormat":"[5,902]","rewardFormat":"[[100,3,1,0]]","":"","#DIV/0!":""},{"id":"127","name":"Phát triển tài năng","desc":"Tổng tài năng đạt 220000","queryFormat":"[3,220000]","rewardFormat":"[[100,2,2,0],[100,104,1,0]]","":"","#DIV/0!":""},{"id":"128","name":"Tăng cấp Idol","desc":"Ít nhất 3 Idol lên cấp 90","queryFormat":"[16,0,3,90]","rewardFormat":"[[1,1,1000000,0]]","":"","#DIV/0!":""},{"id":"129","name":"Tăng cấp Idol","desc":"Ít nhất 4 Idol lên cấp 90","queryFormat":"[16,0,4,90]","rewardFormat":"[[1,2,1000000,0]]","":"","#DIV/0!":""},{"id":"130","name":"Đời sống Showbiz","desc":"Tích lũy chiến thắng đời sống Showbiz 943 lần","queryFormat":"[5,943]","rewardFormat":"[[1,3,1000000,0]]","":"","#DIV/0!":""},{"id":"131","name":"Đời sống Showbiz","desc":"Tích lũy chiến thắng đời sống Showbiz 984 lần","queryFormat":"[5,984]","rewardFormat":"[[100,37,1,0]]","":"","#DIV/0!":""},{"id":"132","name":"Phát triển tài năng","desc":"Tổng tài năng đạt 240000","queryFormat":"[3,240000]","rewardFormat":"[[100,104,2,0]]","":"","#DIV/0!":""},{"id":"133","name":"Sáng tạo tác phẩm","desc":"Sáng tác 260 lần","queryFormat":"[6,260]","rewardFormat":"[[1,1,1000000,0]]","":"","#DIV/0!":""},{"id":"134","name":"Livestream cày view","desc":"Cày view 260 lần","queryFormat":"[7,260]","rewardFormat":"[[1,2,1000000,0]]","":"","#DIV/0!":""},{"id":"135","name":"Gặp gỡ fanclub","desc":"Fan meeting 260 lần","queryFormat":"[8,260]","rewardFormat":"[[1,3,1000000,0]]","":"","#DIV/0!":""},{"id":"136","name":"Điểm danh mỗi ngày","desc":"Tích lũy điểm danh 5 ngày","queryFormat":"[18,5]","rewardFormat":"[[100,5,5,0]]","":"","#DIV/0!":""},{"id":"137","name":"Đời sống Showbiz","desc":"Tích lũy chiến thắng đời sống Showbiz 1025 lần","queryFormat":"[5,1025]","rewardFormat":"[[100,37,2,0]]","":"","#DIV/0!":""},{"id":"138","name":"Tăng cấp Idol","desc":"Ít nhất 5 Idol lên cấp 90","queryFormat":"[16,0,5,90]","rewardFormat":"[[1,1,1500000,0]]","":"","#DIV/0!":""},{"id":"139","name":"Tăng cấp Idol","desc":"Ít nhất 6 Idol lên cấp 90","queryFormat":"[16,0,6,90]","rewardFormat":"[[1,1,1500000,0]]","":"","#DIV/0!":""},{"id":"140","name":"Đi đu đưa","desc":"Số lần đu đưa đạt 150 lần","queryFormat":"[12,150]","rewardFormat":"[[100,37,2,0]]","":"","#DIV/0!":""},{"id":"141","name":"Đời sống Showbiz","desc":"Tích lũy chiến thắng đời sống Showbiz 1066 lần","queryFormat":"[5,1066]","rewardFormat":"[[100,1,3,0]]","":"","#DIV/0!":""},{"id":"142","name":"Phát triển tài năng","desc":"Tổng tài năng đạt 260000","queryFormat":"[3,260000]","rewardFormat":"[[100,104,2,0]]","":"","#DIV/0!":""},{"id":"143","name":"Đời sống Showbiz","desc":"Tích lũy chiến thắng đời sống Showbiz 1107 lần","queryFormat":"[5,1107]","rewardFormat":"[[100,37,2,0]]","":"","#DIV/0!":""},{"id":"144","name":"Tăng cấp Idol","desc":"Ít nhất 1 Idol lên cấp 100","queryFormat":"[16,0,1,100]","rewardFormat":"[[1,1,1500000,0]]","":"","#DIV/0!":""},{"id":"145","name":"Đời sống Showbiz","desc":"Tích lũy chiến thắng đời sống Showbiz 1148 lần","queryFormat":"[5,1148]","rewardFormat":"[[100,57,2,0]]","":"","#DIV/0!":""},{"id":"146","name":"Sáng tạo tác phẩm","desc":"Sáng tác 290 lần","queryFormat":"[6,290]","rewardFormat":"[[1,1,1500000,0]]","":"","#DIV/0!":""},{"id":"147","name":"Livestream cày view","desc":"Cày view 290 lần","queryFormat":"[7,290]","rewardFormat":"[[1,2,1500000,0]]","":"","#DIV/0!":""},{"id":"148","name":"Gặp gỡ fanclub","desc":"Fan meeting 290 lần","queryFormat":"[8,290]","rewardFormat":"[[1,3,1500000,0]]","":"","#DIV/0!":""},{"id":"149","name":"Tăng cấp Idol","desc":"Ít nhất 2 Idol lên cấp 100","queryFormat":"[16,0,2,100]","rewardFormat":"[[100,1,3,0]]","":"","#DIV/0!":""},{"id":"150","name":"Đời sống Showbiz","desc":"Tích lũy chiến thắng đời sống Showbiz 1189 lần","queryFormat":"[5,1189]","rewardFormat":"[[100,57,2,0]]","":"","#DIV/0!":""},{"id":"151","name":"Phát triển tài năng","desc":"Tổng tài năng đạt 280000","queryFormat":"[3,280000]","rewardFormat":"[[100,104,2,0]]","":"","#DIV/0!":""},{"id":"152","name":"Đời sống Showbiz","desc":"Tích lũy chiến thắng đời sống Showbiz 1230 lần","queryFormat":"[5,1230]","rewardFormat":"[[100,3,1,0]]","":"","#DIV/0!":""},{"id":"153","name":"Xử lý Truyền thông","desc":"Xử lý Truyền thông 80 lần","queryFormat":"[9,80]","rewardFormat":"[[1,1,1500000,0]]","":"","#DIV/0!":""},{"id":"154","name":"Đời sống Showbiz","desc":"Tích lũy chiến thắng đời sống Showbiz 1271 lần","queryFormat":"[5,1271]","rewardFormat":"[[100,1,3,0]]","":"","#DIV/0!":""},{"id":"155","name":"Điểm danh mỗi ngày","desc":"Tích lũy lần điểm danh 6 ngày","queryFormat":"[18,6]","rewardFormat":"[[100,5,5,0]]","":"","#DIV/0!":""},{"id":"156","name":"Đời sống Showbiz","desc":"Tích lũy chiến thắng đời sống Showbiz 1312 lần","queryFormat":"[5,1312]","rewardFormat":"[[1,1,1500000,0]]","":"","#DIV/0!":""},{"id":"157","name":"Đi đu đưa","desc":"Số lần đu đưa đạt 180 lần","queryFormat":"[12,180]","rewardFormat":"[[100,2,2,0]]","":"","#DIV/0!":""},{"id":"158","name":"Đời sống Showbiz","desc":"Tích lũy chiến thắng đời sống Showbiz 1353 lần","queryFormat":"[5,1353]","rewardFormat":"[[100,3,1,0]]","":"","#DIV/0!":""},{"id":"159","name":"Tăng cấp Idol","desc":"Ít nhất 3 Idol lên cấp 100","queryFormat":"[16,0,3,100]","rewardFormat":"[[100,1,3,0]]","":"","#DIV/0!":""},{"id":"160","name":"Phát triển tài năng","desc":"Tổng tài năng đạt 300000","queryFormat":"[3,300000]","rewardFormat":"[[1,1,2000000,0]]","":"","#DIV/0!":""},{"id":"161","name":"Đời sống Showbiz","desc":"Tích lũy chiến thắng đời sống Showbiz 1394 lần","queryFormat":"[5,1394]","rewardFormat":"[[1,3,2000000,0]]","":"","#DIV/0!":""},{"id":"162","name":"Sáng tạo tác phẩm","desc":"Sáng tác 320 lần","queryFormat":"[6,320]","rewardFormat":"[[1,1,2000000,0]]","":"","#DIV/0!":""},{"id":"163","name":"Livestream cày view","desc":"Cày view 320 lần","queryFormat":"[7,320]","rewardFormat":"[[1,2,2000000,0]]","":"","#DIV/0!":""},{"id":"164","name":"Gặp gỡ fanclub","desc":"Fan meeting 320 lần","queryFormat":"[8,320]","rewardFormat":"[[1,3,2000000,0]]","":"","#DIV/0!":""},{"id":"165","name":"Nâng cấp Idol","desc":"Dùng cuộn cường hóa 10 lần","queryFormat":"[6700,10]","rewardFormat":"[[100,36,2,0],[100,37,2,0],[100,104,1,0]]","":"","#DIV/0!":""},{"id":"166","name":"Đời sống Showbiz","desc":"Tích lũy chiến thắng đời sống Showbiz 1435 lần","queryFormat":"[5,1435]","rewardFormat":"[[100,5,1,0]]","":"","#DIV/0!":""},{"id":"167","name":"Đột phá hạng sao","desc":"Cấp Hạng sao Đạt Solo Artist 3","queryFormat":"[2,7]","rewardFormat":"[[100,66,1,0],[100,2,2,0],[100,57,1,0]]","":"","#DIV/0!":""},{"id":"168","name":"Đời sống Showbiz","desc":"Tích lũy chiến thắng đời sống Showbiz 1476 lần","queryFormat":"[5,1476]","rewardFormat":"[[1,1,2000000,0]]","":"","#DIV/0!":""},{"id":"169","name":"Tăng cấp Idol","desc":"Ít nhất 4 Idol lên cấp 100","queryFormat":"[16,0,4,100]","rewardFormat":"[[100,2,2,0]]","":"","#DIV/0!":""},{"id":"170","name":"Phát triển tài năng","desc":"Tổng tài năng đạt 320000","queryFormat":"[3,320000]","rewardFormat":"[[100,104,2,0]]","":"","#DIV/0!":""},{"id":"171","name":"Đời sống Showbiz","desc":"Tích lũy chiến thắng đời sống Showbiz 1517 lần","queryFormat":"[5,1517]","rewardFormat":"[[1,1,2000000,0]]","":"","#DIV/0!":""},{"id":"172","name":"Xử lý Truyền thông","desc":"Xử lý Truyền thông 120 lần","queryFormat":"[9,120]","rewardFormat":"[[100,1,3,0]]","":"","#DIV/0!":""},{"id":"173","name":"Điểm danh mỗi ngày","desc":"Tích lũy điểm danh 7 ngày","queryFormat":"[18,7]","rewardFormat":"[[100,5,10,0]]","":"","#DIV/0!":""},{"id":"174","name":"Đời sống Showbiz","desc":"Tích lũy chiến thắng đời sống Showbiz 1558 lần","queryFormat":"[5,1558]","rewardFormat":"[[1,1,2500000,0]]","":"","#DIV/0!":""},{"id":"175","name":"Đi đu đưa","desc":"Số lần đu đưa đạt 210 lần","queryFormat":"[12,210]","rewardFormat":"[[100,2,2,0]]","":"","#DIV/0!":""},{"id":"176","name":"Tăng cấp Idol","desc":"Ít nhất 5 Idol lên cấp 100","queryFormat":"[16,0,5,100]","rewardFormat":"[[100,2,2,0]]","":"","#DIV/0!":""},{"id":"177","name":"Phát triển tài năng","desc":"Tổng tài năng đạt 340000","queryFormat":"[3,340000]","rewardFormat":"[[100,104,2,0]]","":"","#DIV/0!":""},{"id":"178","name":"Đời sống Showbiz","desc":"Tích lũy chiến thắng đời sống Showbiz 1599 lần","queryFormat":"[5,1599]","rewardFormat":"[[1,1,2500000,0]]","":"","#DIV/0!":""},{"id":"179","name":"Sáng tạo tác phẩm","desc":"Sáng tác 350 lần","queryFormat":"[6,350]","rewardFormat":"[[1,1,2500000,0]]","":"","#DIV/0!":""},{"id":"180","name":"Livestream cày view","desc":"Cày view 350 lần","queryFormat":"[7,350]","rewardFormat":"[[1,2,2500000,0]]","":"","#DIV/0!":""},{"id":"181","name":"Gặp gỡ fanclub","desc":"Fan meeting 350 lần","queryFormat":"[8,350]","rewardFormat":"[[1,3,2500000,0]]","":"","#DIV/0!":""},{"id":"182","name":"Đời sống Showbiz","desc":"Tích lũy chiến thắng đời sống Showbiz 1640 lần","queryFormat":"[5,1640]","rewardFormat":"[[1,1,2500000,0]]","":"","#DIV/0!":""},{"id":"183","name":"Tăng cấp Idol","desc":"Ít nhất 6 Idol lên cấp 100","queryFormat":"[16,0,6,100]","rewardFormat":"[[100,2,2,0]]","":"","#DIV/0!":""},{"id":"184","name":"Phát triển tài năng","desc":"Tổng tài năng đạt 360000","queryFormat":"[3,360000]","rewardFormat":"[[100,104,2,0]]","":"","#DIV/0!":""},{"id":"185","name":"Đời sống Showbiz","desc":"Tích lũy chiến thắng đời sống Showbiz 1681 lần","queryFormat":"[5,1681]","rewardFormat":"[[1,1,2500000,0]]","":"","#DIV/0!":""},{"id":"186","name":"Xử lý Truyền thông","desc":"Xử lý Truyền thông 160 lần","queryFormat":"[12,160]","rewardFormat":"[[100,70,1,0],[100,71,1,0],[100,72,1,0]]","":"","#DIV/0!":""},{"id":"187","name":"Đề cử Idol","desc":"Ít nhất 1 Idol đạt đề cử Idol mới (cấp 100)","queryFormat":"[17,0,1,2]","rewardFormat":"[[1,1,2500000,0]]","":"","#DIV/0!":""},{"id":"188","name":"Đời sống Showbiz","desc":"Tích lũy chiến thắng đời sống Showbiz 1722 lần","queryFormat":"[5,1722]","rewardFormat":"[[1,1,2500000,0]]","":"","#DIV/0!":""},{"id":"189","name":"Phát triển tài năng","desc":"Tổng tài năng đạt 380000","queryFormat":"[3,380000]","rewardFormat":"[[100,70,1,0],[100,71,1,0],[100,72,1,0]]","":"","#DIV/0!":""},{"id":"190","name":"Đề cử Idol","desc":"Ít nhất 2 Idol đạt đề cử Idol mới (cấp 100)","queryFormat":"[17,0,2,2]","rewardFormat":"[[100,66,1,0]]","":"","#DIV/0!":""},{"id":"191","name":"Tăng cấp Idol","desc":"Ít nhất 1 Idol lên cấp 120","queryFormat":"[16,0,1,120]","rewardFormat":"[[100,3,1,0]]","":"","#DIV/0!":""},{"id":"192","name":"Đời sống Showbiz","desc":"Tích lũy chiến thắng đời sống Showbiz 1763 lần","queryFormat":"[5,1763]","rewardFormat":"[[1,1,2500000,0]]","":"","#DIV/0!":""},{"id":"193","name":"Đời sống Showbiz","desc":"Tích lũy chiến thắng đời sống Showbiz 1804 lần","queryFormat":"[5,1804]","rewardFormat":"[[1,1,2500000,0]]","":"","#DIV/0!":""},{"id":"194","name":"Tăng cấp Idol","desc":"Ít nhất 2 Idol lên cấp 120","queryFormat":"[16,0,2,120]","rewardFormat":"[[100,3,1,0]]","":"","#DIV/0!":""},{"id":"195","name":"Gia nhập công ty","desc":"Gia nhập công ty thành công","queryFormat":"[19]","rewardFormat":"[[100,37,2,0]]","":"","#DIV/0!":""},{"id":"196","name":"Đi đu đưa","desc":"Số lần đu đưa đạt 250 lần","queryFormat":"[12,250]","rewardFormat":"[[100,2,2,0]]","":"","#DIV/0!":""},{"id":"197","name":"Tăng cấp Idol","desc":"Ít nhất 3 Idol lên cấp 120","queryFormat":"[16,0,3,120]","rewardFormat":"[[100,57,2,0]]","":"","#DIV/0!":""},{"id":"198","name":"Đời sống Showbiz","desc":"Tích lũy chiến thắng đời sống Showbiz 1845 lần","queryFormat":"[5,1845]","rewardFormat":"[[1,1,2500000,0]]","":"","#DIV/0!":""},{"id":"199","name":"Xử lý Truyền thông","desc":"Xử lý Truyền thông 200 lần","queryFormat":"[9,200]","rewardFormat":"[[1,1,3000000,0]]","":"","#DIV/0!":""},{"id":"200","name":"Phát triển tài năng","desc":"Tổng tài năng đạt 800k","queryFormat":"[3,1000000]","rewardFormat":"[[100,66,2,0]]","":"","#DIV/0!":""},{"id":"201","name":"Tăng cấp Idol","desc":"Ít nhất 1 Idol lên cấp 150","queryFormat":"[16,0,1,150]","rewardFormat":"[[100,2,3,0]]","":"","#DIV/0!":""},{"id":"202","name":"Đời sống Showbiz","desc":"Tích lũy chiến thắng đời sống Showbiz 1886 lần","queryFormat":"[5,1886]","rewardFormat":"[[1,1,3000000,0]]","":"","#DIV/0!":""},{"id":"203","name":"Đời sống Showbiz","desc":"Tích lũy chiến thắng đời sống Showbiz 1927 lần","queryFormat":"[5,1927]","rewardFormat":"[[1,1,3000000,0]]","":"","#DIV/0!":""},{"id":"204","name":"Tăng cấp Idol","desc":"Ít nhất 2 Idol lên cấp 150","queryFormat":"[16,0,2,150]","rewardFormat":"[[100,2,3,0]]","":"","#DIV/0!":""},{"id":"205","name":"Đời sống Showbiz","desc":"Tích lũy chiến thắng đời sống Showbiz 1968 lần","queryFormat":"[5,1968]","rewardFormat":"[[1,1,3000000,0]]","":"","#DIV/0!":""},{"id":"206","name":"Đi đu đưa","desc":"Số lần đu đưa đạt 300 lần","queryFormat":"[12,300]","rewardFormat":"[[100,3,1,0]]","":"","#DIV/0!":""},{"id":"207","name":"Tăng cấp Idol","desc":"Ít nhất 3 Idol lên cấp 150","queryFormat":"[16,0,3,150]","rewardFormat":"[[100,2,3,0]]","":"","#DIV/0!":""},{"id":"208","name":"Đời sống Showbiz","desc":"Tích lũy chiến thắng đời sống Showbiz 2009 lần","queryFormat":"[5,2009]","rewardFormat":"[[1,1,3000000,0]]","":"","#DIV/0!":""},{"id":"209","name":"Xử lý Truyền thông","desc":"Xử lý Truyền thông 250 lần","queryFormat":"[9,250]","rewardFormat":"[[1,1,3000000,0]]","":"","#DIV/0!":""},{"id":"210","name":"Tăng cấp Idol","desc":"Ít nhất 4 Idol lên cấp 150","queryFormat":"[16,0,4,150]","rewardFormat":"[[100,3,1,0]]","":"","#DIV/0!":""},{"id":"211","name":"Đời sống Showbiz","desc":"Tích lũy chiến thắng đời sống Showbiz 2050 lần","queryFormat":"[5,2050]","rewardFormat":"[[1,1,3000000,0]]","":"","#DIV/0!":""},{"id":"212","name":"Đời sống Showbiz","desc":"Tích lũy chiến thắng đời sống Showbiz 2091 lần","queryFormat":"[5,2091]","rewardFormat":"[[1,1,3000000,0]]","":"","#DIV/0!":""},{"id":"213","name":"Đi đu đưa","desc":"Số lần đu đưa đạt 350 lần","queryFormat":"[12,350]","rewardFormat":"[[100,104,2,0]]","":"","#DIV/0!":""},{"id":"214","name":"Tăng cấp Idol","desc":"Ít nhất 5 Idol lên cấp 150","queryFormat":"[16,0,5,150]","rewardFormat":"[[100,2,3,0]]","":"","#DIV/0!":""},{"id":"215","name":"Đời sống Showbiz","desc":"Tích lũy chiến thắng đời sống Showbiz 2132 lần","queryFormat":"[5,2132]","rewardFormat":"[[1,1,4000000,0]]","":"","#DIV/0!":""},{"id":"216","name":"Sáng tạo tác phẩm","desc":"Sáng tác 650 lần","queryFormat":"[6,650]","rewardFormat":"[[1,1,4000000,0]]","":"","#DIV/0!":""},{"id":"217","name":"Livestream cày view","desc":"Cày view 650 lần","queryFormat":"[7,650]","rewardFormat":"[[1,2,4000000,0]]","":"","#DIV/0!":""},{"id":"218","name":"Gặp gỡ fanclub","desc":"Fan meeting 650 lần","queryFormat":"[8,650]","rewardFormat":"[[1,3,4000000,0]]","":"","#DIV/0!":""},{"id":"219","name":"Tăng cấp Idol","desc":"Ít nhất 6 Idol lên cấp 150","queryFormat":"[16,0,6,150]","rewardFormat":"[[100,57,2,0]]","":"","#DIV/0!":""},{"id":"220","name":"Phát triển tài năng","desc":"Tổng tài năng đạt 1,2m","queryFormat":"[3,1200000]","rewardFormat":"[[100,66,2,0]]","":"","#DIV/0!":""},{"id":"221","name":"Đời sống Showbiz","desc":"Tích lũy chiến thắng đời sống Showbiz 2173 lần","queryFormat":"[5,2173]","rewardFormat":"[[1,1,4000000,0]]","":"","#DIV/0!":""},{"id":"222","name":"Xử lý Truyền thông","desc":"Xử lý Truyền thông 300 lần","queryFormat":"[9,300]","rewardFormat":"[[1,1,4000000,0]]","":"","#DIV/0!":""},{"id":"223","name":"Tăng cấp Idol","desc":"Ít nhất 7 Idol lên cấp 150","queryFormat":"[16,0,7,150]","rewardFormat":"[[100,57,2,0]]","":"","#DIV/0!":""},{"id":"224","name":"Đời sống Showbiz","desc":"Tích lũy chiến thắng đời sống Showbiz 2214 lần","queryFormat":"[5,2214]","rewardFormat":"[[1,1,4000000,0]]","":"","#DIV/0!":""},{"id":"225","name":"Đi đu đưa","desc":"Số lần đu đưa đạt 400 lần","queryFormat":"[12,400]","rewardFormat":"[[100,2,2,0]]","":"","#DIV/0!":""},{"id":"226","name":"Tăng cấp Idol","desc":"Ít nhất 8 Idol lên cấp 150","queryFormat":"[16,0,8,150]","rewardFormat":"[[100,57,2,0]]","":"","#DIV/0!":""},{"id":"227","name":"Đời sống Showbiz","desc":"Tích lũy chiến thắng đời sống Showbiz 2255 lần","queryFormat":"[5,2255]","rewardFormat":"[[1,1,4000000,0]]","":"","#DIV/0!":""},{"id":"228","name":"Xử lý Truyền thông","desc":"Xử lý Truyền thông 350 lần","queryFormat":"[9,350]","rewardFormat":"[[100,1,5,0]]","":"","#DIV/0!":""},{"id":"229","name":"Sáng tạo tác phẩm","desc":"Sáng tác 700 lần","queryFormat":"[6,700]","rewardFormat":"[[1,1,4000000,0]]","":"","#DIV/0!":""},{"id":"230","name":"Livestream cày view","desc":"Cày view 700 lần","queryFormat":"[7,700]","rewardFormat":"[[1,2,4000000,0]]","":"","#DIV/0!":""},{"id":"231","name":"Gặp gỡ fanclub","desc":"Fan meeting 700 lần","queryFormat":"[8,700]","rewardFormat":"[[1,3,4000000,0]]","":"","#DIV/0!":""},{"id":"232","name":"Tăng cấp Idol","desc":"Ít nhất 9 Idol lên cấp 150","queryFormat":"[16,0,9,150]","rewardFormat":"[[100,2,3,0]]","":"","#DIV/0!":""},{"id":"233","name":"Phát triển tài năng","desc":"Tổng tài năng đạt 1,5m","queryFormat":"[3,1500000]","rewardFormat":"[[100,66,2,0]]","":"","#DIV/0!":""},{"id":"234","name":"Đời sống Showbiz","desc":"Tích lũy chiến thắng đời sống Showbiz 2296 lần","queryFormat":"[5,2296]","rewardFormat":"[[1,1,4000000,0]]","":"","#DIV/0!":""},{"id":"235","name":"Tăng cấp Idol","desc":"Ít nhất 10 Idol lên cấp 150","queryFormat":"[16,0,10,150]","rewardFormat":"[[100,3,1,0]]","":"","#DIV/0!":""},{"id":"236","name":"Đi đu đưa","desc":"Số lần đu đưa đạt 450 lần","queryFormat":"[12,450]","rewardFormat":"[[100,2,3,0]]","":"","#DIV/0!":""},{"id":"237","name":"Đời sống Showbiz","desc":"Tích lũy chiến thắng đời sống Showbiz 2337 lần","queryFormat":"[5,2337]","rewardFormat":"[[1,1,4000000,0]]","":"","#DIV/0!":""},{"id":"238","name":"Tăng cấp Idol","desc":"Ít nhất 1 Idol lên cấp 200","queryFormat":"[16,0,1,200]","rewardFormat":"[[100,57,3,0]]","":"","#DIV/0!":""},{"id":"239","name":"Xử lý Truyền thông","desc":"Xử lý Truyền thông 400 lần","queryFormat":"[9,400]","rewardFormat":"[[100,1,5,0]]","":"","#DIV/0!":""},{"id":"240","name":"Sáng tạo tác phẩm","desc":"Sáng tác 750 lần","queryFormat":"[6,750]","rewardFormat":"[[1,1,4000000,0]]","":"","#DIV/0!":""},{"id":"241","name":"Livestream cày view","desc":"Cày view 750  lần","queryFormat":"[7,750]","rewardFormat":"[[1,2,4000000,0]]","":"","#DIV/0!":""},{"id":"242","name":"Gặp gỡ fanclub","desc":"Fan meeting 750 lần","queryFormat":"[8,750]","rewardFormat":"[[1,3,4000000,0]]","":"","#DIV/0!":""},{"id":"243","name":"Tăng cấp Idol","desc":"Ít nhất 2 Idol lên cấp 200","queryFormat":"[16,0,2,200]","rewardFormat":"[[100,57,3,0]]","":"","#DIV/0!":""},{"id":"244","name":"Đi đu đưa","desc":"Số lần đu đưa đạt 500 lần","queryFormat":"[12,500]","rewardFormat":"[[100,2,2,0]]","":"","#DIV/0!":""},{"id":"245","name":"Đời sống Showbiz","desc":"Tích lũy chiến thắng ải Đời sống showbiz 2378 lần","queryFormat":"[5,2378]","rewardFormat":"[[1,1,5000000,0]]","":"","#DIV/0!":""},{"id":"246","name":"Tăng cấp Idol","desc":"Ít nhất 3 Idol lên cấp 200","queryFormat":"[16,0,3,200]","rewardFormat":"[[100,57,2,0]]","":"","#DIV/0!":""},{"id":"247","name":"Xứ lý Truyền thông","desc":"Xử lý Truyền thông 500 lần","queryFormat":"[9,500]","rewardFormat":"[[100,1,5,0]]","":"","#DIV/0!":""},{"id":"248","name":"Sáng tạo tác phẩm","desc":"Sáng tác 850 lần","queryFormat":"[6,850]","rewardFormat":"[[1,1,5000000,0]]","":"","#DIV/0!":""},{"id":"249","name":"Livestream cày view","desc":"Cày view 850 lần","queryFormat":"[7,850]","rewardFormat":"[[1,2,5000000,0]]","":"","#DIV/0!":""},{"id":"250","name":"Gặp gỡ fanclub","desc":"Fan meeting 850 lần","queryFormat":"[8,850]","rewardFormat":"[[1,3,5000000,0]]","":"","#DIV/0!":""},{"id":"251","name":"Đi đu đưa","desc":"Số lần đu đưa đạt 600 lần","queryFormat":"[12,600]","rewardFormat":"[[100,2,2,0]]","":"","#DIV/0!":""},{"id":"252","name":"Tăng cấp Idol","desc":"Ít nhất 4 Idol lên cấp 200","queryFormat":"[16,0,4,200]","rewardFormat":"[[100,57,3,0]]","":"","#DIV/0!":""},{"id":"253","name":"Đời sống Showbiz","desc":"Tích lũy chiến thắng đời sống Showbiz 2419 lần","queryFormat":"[5,2419]","rewardFormat":"[[1,1,5000000,0]]","":"","#DIV/0!":""},{"id":"254","name":"Xử lý Truyền thông","desc":"Xử lý Truyền thông đến 600 lần","queryFormat":"[9,600]","rewardFormat":"[[100,1,5,0]]","":"","#DIV/0!":""},{"id":"255","name":"Sáng tạo tác phẩm","desc":"Sáng tác 1000 lần","queryFormat":"[6,1000]","rewardFormat":"[[1,1,5000000,0]]","":"","#DIV/0!":""},{"id":"256","name":"Livestream cày view","desc":"Cày view 1000 lần","queryFormat":"[7,1000]","rewardFormat":"[[1,2,5000000,0]]","":"","#DIV/0!":""},{"id":"257","name":"Gặp gỡ fanclub","desc":"Fan meeting 1000 lần","queryFormat":"[8,1000]","rewardFormat":"[[1,3,5000000,0]]","":"","#DIV/0!":""},{"id":"258","name":"Đi đu đưa","desc":"Số lần đu đưa đạt 700 lần","queryFormat":"[12,700]","rewardFormat":"[[100,2,3,0]]","":"","#DIV/0!":""},{"id":"259","name":"Đời sống Showbiz","desc":"Tích lũy chiến thắng đời sống Showbiz 2460 lần","queryFormat":"[5,2460]","rewardFormat":"[[1,1,5000000,0]]","":"","#DIV/0!":""},{"id":"260","name":"Đột phá hạng sao","desc":"Cấp Hạng sao đạt Solo Artist 2","queryFormat":"[2,8]","rewardFormat":"[[100,66,1,0],[100,2,2,0],[100,57,2,0]]","":"","#DIV/0!":""},{"id":"261","name":"Tăng cấp Idol","desc":"Ít nhất 5 Idol lên cấp 200","queryFormat":"[16,0,5,200]","rewardFormat":"[[100,57,5,0]]","":"","#DIV/0!":""},{"id":"262","name":"Phát triển tài năng","desc":"Tổng tài năng đạt 2m","queryFormat":"[3,2000000]","rewardFormat":"[[100,66,2,0]]","":"","#DIV/0!":""}]