[{"officeLV":"1","name":"FreeStyle","exp":"0","unLockServantID":"0","moneyMaxTimes":"3","foodMaxTimes":"3","soldierMaxTimes":"3","affairsMaxTimes":"3","salaryFormat":"[1,4,0,10]","demonSpanMinutes":"9999","imperialSpanMinutes":"9999","areaDemonSpanMinutes":"690","areaImperialSpanMinutes":"690","rewardFormat":"[]"},{"officeLV":"2","name":"Trainee 3","exp":"5","unLockServantID":"6","moneyMaxTimes":"4","foodMaxTimes":"4","soldierMaxTimes":"4","affairsMaxTimes":"4","salaryFormat":"[1,4,0,20]","demonSpanMinutes":"9999","imperialSpanMinutes":"9999","areaDemonSpanMinutes":"345","areaImperialSpanMinutes":"345","rewardFormat":"[104,5,0,0]"},{"officeLV":"3","name":"Trainee 2","exp":"480","unLockServantID":"7","moneyMaxTimes":"5","foodMaxTimes":"5","soldierMaxTimes":"5","affairsMaxTimes":"5","salaryFormat":"[1,4,0,30]","demonSpanMinutes":"9999","imperialSpanMinutes":"9999","areaDemonSpanMinutes":"230","areaImperialSpanMinutes":"230","rewardFormat":"[104,6,0,0]"},{"officeLV":"4","name":"Trainee 1","exp":"720","unLockServantID":"8","moneyMaxTimes":"6","foodMaxTimes":"6","soldierMaxTimes":"6","affairsMaxTimes":"6","salaryFormat":"[1,4,0,40]","demonSpanMinutes":"9999","imperialSpanMinutes":"9999","areaDemonSpanMinutes":"173","areaImperialSpanMinutes":"173","rewardFormat":"[104,7,0,0]"},{"officeLV":"5","name":"Solo Artist 5","exp":"1200","unLockServantID":"9","moneyMaxTimes":"7","foodMaxTimes":"7","soldierMaxTimes":"7","affairsMaxTimes":"7","salaryFormat":"[1,4,0,50]","demonSpanMinutes":"135","imperialSpanMinutes":"135","areaDemonSpanMinutes":"135","areaImperialSpanMinutes":"138","rewardFormat":"[104,8,0,0]"},{"officeLV":"6","name":"Solo Artist 4","exp":"1920","unLockServantID":"14","moneyMaxTimes":"8","foodMaxTimes":"8","soldierMaxTimes":"8","affairsMaxTimes":"8","salaryFormat":"[1,4,0,60]","demonSpanMinutes":"70","imperialSpanMinutes":"70","areaDemonSpanMinutes":"70","areaImperialSpanMinutes":"69","rewardFormat":"[104,17,0,0]"},{"officeLV":"7","name":"Solo Artist 3","exp":"3120","unLockServantID":"15","moneyMaxTimes":"9","foodMaxTimes":"9","soldierMaxTimes":"9","affairsMaxTimes":"9","salaryFormat":"[1,4,0,70]","demonSpanMinutes":"45","imperialSpanMinutes":"45","areaDemonSpanMinutes":"45","areaImperialSpanMinutes":"46","rewardFormat":"[104,18,0,0]"},{"officeLV":"8","name":"Solo Artist 2","exp":"5540","unLockServantID":"16","moneyMaxTimes":"10","foodMaxTimes":"10","soldierMaxTimes":"10","affairsMaxTimes":"10","salaryFormat":"[1,4,0,80]","demonSpanMinutes":"35","imperialSpanMinutes":"35","areaDemonSpanMinutes":"35","areaImperialSpanMinutes":"35","rewardFormat":"[104,19,0,0]"},{"officeLV":"9","name":"Solo Artist 1","exp":"9530","unLockServantID":"17","moneyMaxTimes":"11","foodMaxTimes":"11","soldierMaxTimes":"11","affairsMaxTimes":"11","salaryFormat":"[1,4,0,90]","demonSpanMinutes":"28","imperialSpanMinutes":"28","areaDemonSpanMinutes":"28","areaImperialSpanMinutes":"28","rewardFormat":"[104,20,0,0]"},{"officeLV":"10","name":"Oraz 3","exp":"16580","unLockServantID":"26","moneyMaxTimes":"12","foodMaxTimes":"12","soldierMaxTimes":"12","affairsMaxTimes":"12","salaryFormat":"[1,4,0,100]","demonSpanMinutes":"23","imperialSpanMinutes":"23","areaDemonSpanMinutes":"23","areaImperialSpanMinutes":"23","rewardFormat":"[104,21,0,0]"},{"officeLV":"11","name":"Oraz 2","exp":"28720","unLockServantID":"27","moneyMaxTimes":"13","foodMaxTimes":"13","soldierMaxTimes":"13","affairsMaxTimes":"13","salaryFormat":"[1,4,0,110]","demonSpanMinutes":"20","imperialSpanMinutes":"20","areaDemonSpanMinutes":"20","areaImperialSpanMinutes":"20","rewardFormat":"[104,22,0,0]"},{"officeLV":"12","name":"Oraz 1","exp":"49830","unLockServantID":"28","moneyMaxTimes":"14","foodMaxTimes":"14","soldierMaxTimes":"14","affairsMaxTimes":"14","salaryFormat":"[1,4,0,120]","demonSpanMinutes":"17","imperialSpanMinutes":"17","areaDemonSpanMinutes":"17","areaImperialSpanMinutes":"17","rewardFormat":"[104,23,0,0]"},{"officeLV":"13","name":"Sao hạng 3","exp":"94270","unLockServantID":"29","moneyMaxTimes":"15","foodMaxTimes":"15","soldierMaxTimes":"15","affairsMaxTimes":"15","salaryFormat":"[1,4,0,130]","demonSpanMinutes":"15","imperialSpanMinutes":"15","areaDemonSpanMinutes":"15","areaImperialSpanMinutes":"15","rewardFormat":"[104,24,0,0]"},{"officeLV":"14","name":"Sao hạng 2","exp":"187330","unLockServantID":"18","moneyMaxTimes":"16","foodMaxTimes":"16","soldierMaxTimes":"16","affairsMaxTimes":"16","salaryFormat":"[1,4,0,140]","demonSpanMinutes":"14","imperialSpanMinutes":"14","areaDemonSpanMinutes":"14","areaImperialSpanMinutes":"14","rewardFormat":"[104,25,0,0]"},{"officeLV":"15","name":"Sao hạng 1","exp":"394250","unLockServantID":"19","moneyMaxTimes":"17","foodMaxTimes":"17","soldierMaxTimes":"17","affairsMaxTimes":"17","salaryFormat":"[1,4,0,150]","demonSpanMinutes":"13","imperialSpanMinutes":"13","areaDemonSpanMinutes":"13","areaImperialSpanMinutes":"13","rewardFormat":"[104,26,0,0]"},{"officeLV":"16","name":"Sao hạng A","exp":"872390","unLockServantID":"20","moneyMaxTimes":"18","foodMaxTimes":"18","soldierMaxTimes":"18","affairsMaxTimes":"18","salaryFormat":"[1,4,0,160]","demonSpanMinutes":"12","imperialSpanMinutes":"12","areaDemonSpanMinutes":"12","areaImperialSpanMinutes":"12","rewardFormat":"[104,27,0,0]"},{"officeLV":"17","name":"Siêu Sao","exp":"2026630","unLockServantID":"21","moneyMaxTimes":"19","foodMaxTimes":"19","soldierMaxTimes":"19","affairsMaxTimes":"19","salaryFormat":"[1,4,0,170]","demonSpanMinutes":"11","imperialSpanMinutes":"11","areaDemonSpanMinutes":"11","areaImperialSpanMinutes":"11","rewardFormat":"[104,28,0,0]"},{"officeLV":"18","name":"Huyền Thoại","exp":"4928330","unLockServantID":"25","moneyMaxTimes":"20","foodMaxTimes":"20","soldierMaxTimes":"20","affairsMaxTimes":"20","salaryFormat":"[1,4,0,180]","demonSpanMinutes":"10","imperialSpanMinutes":"10","areaDemonSpanMinutes":"10","areaImperialSpanMinutes":"10","rewardFormat":"[104,29,0,0]"}]