[{"id":"phv001.201","webVal":"20000","iapVal":"22000","time":"0","vip":"100","reward":"[[100,66,1,0],[100,128,22,0]]"},{"id":"phv001.202","webVal":"60000","iapVal":"66000","time":"0","vip":"300","reward":"[[100,66,3,0],[100,128,66,0]]"},{"id":"phv001.203","webVal":"100000","iapVal":"110000","time":"0","vip":"500","reward":"[[100,66,5,0],[100,2,5,0],[100,130,11,0]]"},{"id":"phv001.204","webVal":"200000","iapVal":"220000","time":"0","vip":"1000","reward":"[[100,66,10,0],[100,2,10,0],[100,91,5,0],[100,130,22,0]]"},{"id":"phv001.205","webVal":"600000","iapVal":"660000","time":"0","vip":"3000","reward":"[[100,66,30,0],[100,2,30,0],[100,91,20,0],[100,130,68,0]]"},{"id":"phv001.206","webVal":"1200000","iapVal":"1320000","time":"0","vip":"6000","reward":"[[100,66,60,0],[100,2,60,0],[100,91,40,0],[100,130,138,0]]"},{"id":"phv001.207","webVal":"60000","iapVal":"66000","time":"259200","vip":"200","reward":"[]"}]