[{"propID":"1","format":"[]","name":"Hợp đồng Kinh doanh","sort":"1","effect":"Dùng xong tăng 1 lần kinh doanh","status":"1","isExpired":"0","expiredSeconds":"-1","propVer":"1","isMultiUse":"0","approach":"Nhận được qua ...","":""},{"propID":"2","format":"[]","name":"Hợp đồng Truyền thông","sort":"1","effect":"Dùng xong tăng 1 lần Truyền Thông","status":"1","isExpired":"0","expiredSeconds":"-1","propVer":"1","isMultiUse":"0","approach":"Nhận được qua ...","":""},{"propID":"3","format":"[]","name":"Hợp đồng Idol","sort":"1","effect":"Dùng xong hồi phục 1 lần xuất chiến của idol khi đánh boss ải, phụ bản Gameshow","status":"1","isExpired":"0","expiredSeconds":"-1","propVer":"1","isMultiUse":"0","approach":"Nhận được qua ...","":""},{"propID":"4","format":"[]","name":"chưa có","sort":"1","effect":"chưa có","status":"1","isExpired":"0","expiredSeconds":"-1","propVer":"1","isMultiUse":"0","approach":"Nhận được qua ...","":""},{"propID":"5","format":"[1,6,50,0]","name":"Túi Danh Vọng","sort":"2","effect":"Dùng xong nhân vật nhận được 50 điểm danh tiếng","status":"1","isExpired":"0","expiredSeconds":"-1","propVer":"1","isMultiUse":"2","approach":"Nhận được qua ...","":""},{"propID":"6","format":"[1,6,500,0]","name":"Hộp Danh vọng","sort":"2","effect":"Dùng xong nhân vật nhận được 500 điểm danh tiếng","status":"1","isExpired":"0","expiredSeconds":"-1","propVer":"1","isMultiUse":"2","approach":"Nhận được qua ...","":""},{"propID":"7","format":"[9, 11, 0, 0]","name":"Hào hoa dễ mến","sort":"2","effect":"Dùng để đổi avatar đặc biệt Hào hoa dễ mến (Nam)","status":"1","isExpired":"0","expiredSeconds":"-1","propVer":"1","isMultiUse":"1","approach":"Nhận được qua ...","":""},{"propID":"8","format":"[9, 12, 0, 0]","name":"Mạnh mẽ lôi cuốn","sort":"2","effect":"Dùng để đổi avatar đặc biệt Mạnh mẽ lôi cuốn (Nam)","status":"1","isExpired":"0","expiredSeconds":"-1","propVer":"1","isMultiUse":"1","approach":"Nhận được qua ...","":""},{"propID":"9","format":"[9, 13, 0, 0]","name":"Đẹp trai tài tử","sort":"2","effect":"Dùng để đổi avatar đặc biệt Đẹp trai tài tử (Nam)","status":"1","isExpired":"0","expiredSeconds":"-1","propVer":"1","isMultiUse":"1","approach":"Nhận được qua ...","":""},{"propID":"10","format":"[9, 14, 0, 0]","name":"Nhanh nhẹn khôn khéo","sort":"2","effect":"Dùng để đổi avatar đặc biệt Nhanh nhẹn khôn khéo (Nữ)","status":"1","isExpired":"0","expiredSeconds":"-1","propVer":"1","isMultiUse":"1","approach":"Nhận được qua ...","":""},{"propID":"11","format":"[9, 15, 0, 0]","name":"Hiền thục dịu dàng","sort":"2","effect":"Dùng để đổi avatar đặc biệt Hiền thục dịu dàng (nữ)","status":"1","isExpired":"0","expiredSeconds":"-1","propVer":"1","isMultiUse":"1","approach":"Nhận được qua ...","":""},{"propID":"12","format":"[9, 16, 0, 0]","name":"Xinh đẹp thông minh","sort":"2","effect":"Dùng để đổi avatar đặc biệt Xinh đẹp thông minh (nữ)","status":"1","isExpired":"0","expiredSeconds":"-1","propVer":"1","isMultiUse":"1","approach":"Nhận được qua ...","":""},{"propID":"13","format":"[9, 17, 0, 0]","name":"Thanh lịch gợi cảm","sort":"2","effect":"Dùng để đổi avatar đặc biệt Thanh lịch gợi cảm","status":"1","isExpired":"0","expiredSeconds":"-1","propVer":"1","isMultiUse":"1","approach":"Nhận được qua ...","":""},{"propID":"14","format":"[9, 18, 0, 0]","name":"Avatar 8","sort":"2","effect":"Dùng để đổi avatar đặc biệt 8","status":"1","isExpired":"0","expiredSeconds":"-1","propVer":"1","isMultiUse":"1","approach":"Nhận được qua ...","":""},{"propID":"15","format":"[1,1,100000,0]","name":"Ngân phiếu","sort":"3","effect":"Dùng xong nhận được 100.000 Cát xê","status":"1","isExpired":"0","expiredSeconds":"-1","propVer":"1","isMultiUse":"2","approach":"Nhận được qua ...","":""},{"propID":"16","format":"[102,1,0,0]","name":"Ngân phiếu chợ đen","sort":"3","effect":"Dùng xong nhận được ngẫu nhiên 8.888 - 8.888.888 Cát xê","status":"1","isExpired":"0","expiredSeconds":"-1","propVer":"1","isMultiUse":"2","approach":"Nhận được qua ...","":""},{"propID":"17","format":"[1,3,100000,0]","name":"PhotoCard Idol Fan","sort":"3","effect":"Dùng xong nhận được 100.000 Fans","status":"1","isExpired":"0","expiredSeconds":"-1","propVer":"1","isMultiUse":"2","approach":"Nhận được qua ...","":""},{"propID":"18","format":"[102,2,0,0]","name":"Lookbook Idol Fan","sort":"3","effect":"Dùng xong nhận được ngẫu nhiên 8.888 - 8.888.888 Fans","status":"1","isExpired":"0","expiredSeconds":"-1","propVer":"1","isMultiUse":"2","approach":"Nhận được qua ...","":""},{"propID":"19","format":"[6,1,10,0]","name":"Đĩa than","sort":"3","effect":"Dùng xong nhận được số Cát xê bằng 0.1 lần kinh doanh sáng tác","status":"1","isExpired":"0","expiredSeconds":"-1","propVer":"1","isMultiUse":"2","approach":"Nhận được qua ...","":""},{"propID":"20","format":"[6,1,50,0]","name":"Đĩa CD","sort":"3","effect":"Dùng xong nhận được số Cát xê bằng 0.5 lần kinh doanh sáng tác","status":"1","isExpired":"0","expiredSeconds":"-1","propVer":"1","isMultiUse":"2","approach":"Nhận được qua ...","":""},{"propID":"21","format":"[6,1,100,0]","name":"Đĩa Bạc CD","sort":"3","effect":"Dùng xong nhận được số Cát xê bằng 1 lần kinh doanh sáng tác","status":"1","isExpired":"0","expiredSeconds":"-1","propVer":"1","isMultiUse":"2","approach":"Nhận được qua ...","":""},{"propID":"22","format":"[6,1,200,0]","name":"Đĩa Vàng CD","sort":"3","effect":"Dùng xong nhận được số Cát xê bằng 2 lần kinh doanh sáng tác","status":"1","isExpired":"0","expiredSeconds":"-1","propVer":"1","isMultiUse":"2","approach":"Nhận được qua ...","":""},{"propID":"23","format":"[6,1,300,0]","name":"Đĩa DVD","sort":"3","effect":"Dùng xong nhận được số Cát xê bằng 3 lần kinh doanh sáng tác","status":"1","isExpired":"0","expiredSeconds":"-1","propVer":"1","isMultiUse":"2","approach":"Nhận được qua ...","":""},{"propID":"24","format":"[6,1,500,0]","name":"Đĩa bạc DVD","sort":"3","effect":"Dùng xong nhận được số Cát xê bằng 5 lần kinh doanh sáng tác","status":"1","isExpired":"0","expiredSeconds":"-1","propVer":"1","isMultiUse":"2","approach":"Nhận được qua ...","":""},{"propID":"25","format":"[6,1,1000,0]","name":"Đĩa Vàng DVD","sort":"3","effect":"Dùng xong nhận được số Cát xê bằng 10 lần kinh doanh sáng tác","status":"1","isExpired":"0","expiredSeconds":"-1","propVer":"1","isMultiUse":"2","approach":"Nhận được qua ...","":""},{"propID":"26","format":"[6,2,10,0]","name":"Cồ động - Trang phục biểu diễn","sort":"3","effect":"Dùng xong nhận được số View bằng 0.1 lần kinh doanh cày view","status":"1","isExpired":"0","expiredSeconds":"-1","propVer":"1","isMultiUse":"2","approach":"Nhận được qua ...","":""},{"propID":"27","format":"[6,2,100,0]","name":"Haoai - Trang phục biểu diễn","sort":"3","effect":"Dùng xong nhận được số View bằng 1 lần kinh doanh cày view","status":"1","isExpired":"0","expiredSeconds":"-1","propVer":"1","isMultiUse":"2","approach":"Nhận được qua ...","":""},{"propID":"28","format":"[6,3,10,0]","name":"Black Chocolate - Quà tặng Fan","sort":"3","effect":"Dùng xong nhận được số Fans bằng 0.1 lần kinh doanh fan meeting","status":"1","isExpired":"0","expiredSeconds":"-1","propVer":"1","isMultiUse":"2","approach":"Nhận được qua ...","":""},{"propID":"29","format":"[6,3,50,0]","name":"Chocolate cầu vồng - Quà tặng Fan","sort":"3","effect":"Dùng xong nhận được số Fans bằng 0.5 lần kinh doanh fan meeting","status":"1","isExpired":"0","expiredSeconds":"-1","propVer":"1","isMultiUse":"2","approach":"Nhận được qua ...","":""},{"propID":"30","format":"[6,3,100,0]","name":"Lighstick trái tim - Quà tặng Fan","sort":"3","effect":"Dùng xong nhận được số Fans bằng 1 lần kinh doanh fan meeting","status":"1","isExpired":"0","expiredSeconds":"-1","propVer":"1","isMultiUse":"2","approach":"Nhận được qua ...","":""},{"propID":"31","format":"[6,3,200,0]","name":"Lighstick ngôi sao- Quà tặng Fan","sort":"3","effect":"Dùng xong nhận được số Fans bằng 2 lần kinh doanh fan meeting","status":"1","isExpired":"0","expiredSeconds":"-1","propVer":"1","isMultiUse":"2","approach":"Nhận được qua ...","":""},{"propID":"32","format":"[6,3,300,0]","name":"Vòng tai Dier Bot","sort":"3","effect":"Dùng xong nhận được số Fans bằng 3 lần kinh doanh fan meeting","status":"1","isExpired":"0","expiredSeconds":"-1","propVer":"1","isMultiUse":"2","approach":"Nhận được qua ...","":""},{"propID":"33","format":"[6,3,500,0]","name":"Vòng cổ Dier Bot","sort":"3","effect":"Dùng xong nhận được số Fans bằng 5 lần kinh doanh fan meeting","status":"1","isExpired":"0","expiredSeconds":"-1","propVer":"1","isMultiUse":"2","approach":"Nhận được qua ...","":""},{"propID":"34","format":"[6,3,1000,0]","name":"Nhẫn Dier Bot","sort":"3","effect":"Dùng xong nhận được số Fans bằng 10 lần kinh doanh fan meeting","status":"1","isExpired":"0","expiredSeconds":"-1","propVer":"1","isMultiUse":"2","approach":"Nhận được qua ...","":""},{"propID":"35","format":"[21,100,100,0]","name":"Lọ huy hiệu Sơ Cấp","sort":"4","effect":"Dùng xong tăng 100 điểm thuộc tính ngẫu nhiên của idol chỉ định","status":"1","isExpired":"0","expiredSeconds":"-1","propVer":"1","isMultiUse":"2","approach":"Nhận được qua ...","":""},{"propID":"36","format":"[21,100,500,0]","name":"Lọ huy hiệu Trung cấp","sort":"4","effect":"Dùng xong tăng 500 điểm thuộc tính ngẫu nhiên của idol chỉ định","status":"1","isExpired":"0","expiredSeconds":"-1","propVer":"1","isMultiUse":"2","approach":"Nhận được qua ...","":""},{"propID":"37","format":"[21,100,1000,0]","name":"Lọ huy hiệu Cao Cấp","sort":"4","effect":"Dùng xong tăng 1000 điểm thuộc tính ngẫu nhiên của idol chỉ định","status":"1","isExpired":"0","expiredSeconds":"-1","propVer":"1","isMultiUse":"2","approach":"Nhận được qua ...","":""},{"propID":"38","format":"[21,100,5000,0]","name":"Lọ huy hiệu Siêu Sao","sort":"4","effect":"Dùng xong tăng 5000 điểm thuộc tính ngẫu nhiên của idol chỉ định","status":"1","isExpired":"0","expiredSeconds":"-1","propVer":"1","isMultiUse":"2","approach":"Nhận được qua ...","":""},{"propID":"39","format":"[21,2,100,0]","name":"Huy hiệu Sáng tạo sơ cấp","sort":"4","effect":"Dùng xong tăng 100 điểm thuộc tính Sáng tạo của idol chỉ định","status":"1","isExpired":"0","expiredSeconds":"-1","propVer":"1","isMultiUse":"2","approach":"Nhận được qua ...","":""},{"propID":"40","format":"[21,2,500,0]","name":"Huy hiệu Sáng tạo trung cấp","sort":"4","effect":"Dùng xong tăng 500 điểm thuộc tính Sáng tạo của idol chỉ định","status":"1","isExpired":"0","expiredSeconds":"-1","propVer":"1","isMultiUse":"2","approach":"Nhận được qua ...","":""},{"propID":"41","format":"[21,2,1000,0]","name":"Huy hiệu Sáng tạo cao cấp","sort":"4","effect":"Dùng xong tăng 1000 điểm thuộc tính Sáng tạo của idol chỉ định","status":"1","isExpired":"0","expiredSeconds":"-1","propVer":"1","isMultiUse":"2","approach":"Nhận được qua ...","":""},{"propID":"42","format":"[21,2,5000,0]","name":"Huy hiệu Sáng tạo siêu sao","sort":"4","effect":"Dùng xong tăng 5000 điểm thuộc tính Sáng tạo của idol chỉ định","status":"1","isExpired":"0","expiredSeconds":"-1","propVer":"1","isMultiUse":"2","approach":"Nhận được qua ...","":""},{"propID":"43","format":"[21,3,100,0]","name":"Huy hiệu Diễn Xuất sơ cấp","sort":"4","effect":"Dùng xong tăng 100 điểm thuộc tính Biểu diễn của idol chỉ định","status":"1","isExpired":"0","expiredSeconds":"-1","propVer":"1","isMultiUse":"2","approach":"Nhận được qua ...","":""},{"propID":"44","format":"[21,3,500,0]","name":"Huy hiệu Diễn Xuất trung cấp","sort":"4","effect":"Dùng xong tăng 500 điểm thuộc tính Biểu diễn của idol chỉ định","status":"1","isExpired":"0","expiredSeconds":"-1","propVer":"1","isMultiUse":"2","approach":"Nhận được qua ...","":""},{"propID":"45","format":"[21,3,1000,0]","name":"Huy hiệu Diễn Xuất cao cấp","sort":"4","effect":"Dùng xong tăng 1000 điểm thuộc tính Biểu diễn của idol chỉ định","status":"1","isExpired":"0","expiredSeconds":"-1","propVer":"1","isMultiUse":"2","approach":"Nhận được qua ...","":""},{"propID":"46","format":"[21,3,5000,0]","name":"Huy hiệu Diễn Xuất siêu sao","sort":"4","effect":"Dùng xong tăng 5000 điểm thuộc tính Biểu diễn của idol chỉ định","status":"1","isExpired":"0","expiredSeconds":"-1","propVer":"1","isMultiUse":"2","approach":"Nhận được qua ...","":""},{"propID":"47","format":"[21,4,100,0]","name":"Huy hiệu Cuốn Hút sơ cấp","sort":"4","effect":"Dùng xong tăng 100 điểm thuộc tính Cuốn hút của idol chỉ định","status":"1","isExpired":"0","expiredSeconds":"-1","propVer":"1","isMultiUse":"2","approach":"Nhận được qua ...","":""},{"propID":"48","format":"[21,4,500,0]","name":"Huy hiệu Cuốn Hút trung cấp","sort":"4","effect":"Dùng xong tăng 500 điểm thuộc tính Cuốn hút của idol chỉ định","status":"1","isExpired":"0","expiredSeconds":"-1","propVer":"1","isMultiUse":"2","approach":"Nhận được qua ...","":""},{"propID":"49","format":"[21,4,1000,0]","name":"Huy hiệu Cuốn Hút cao cấp","sort":"4","effect":"Dùng xong tăng 1000 điểm thuộc tính Cuốn hút của idol chỉ định","status":"1","isExpired":"0","expiredSeconds":"-1","propVer":"1","isMultiUse":"2","approach":"Nhận được qua ...","":""},{"propID":"50","format":"[21,4,5000,0]","name":"Huy hiệu Cuốn Hút siêu sao","sort":"4","effect":"Dùng xong tăng 5000 điểm thuộc tính Cuốn hút của idol chỉ định","status":"1","isExpired":"0","expiredSeconds":"-1","propVer":"1","isMultiUse":"2","approach":"Nhận được qua ...","":""},{"propID":"51","format":"[21,2,10000,0]","name":"Tạp chí Vegue","sort":"4","effect":"Dùng xong tăng 10000 điểm thuộc tính Sáng tạo của idol chỉ định","status":"1","isExpired":"0","expiredSeconds":"-1","propVer":"1","isMultiUse":"2","approach":"Nhận được qua ...","":""},{"propID":"52","format":"[21,3,10000,0]","name":"Trang phục dạ hội","sort":"4","effect":"Dùng xong tăng 10000 điểm thuộc tính Biểu diễn của idol chỉ định","status":"1","isExpired":"0","expiredSeconds":"-1","propVer":"1","isMultiUse":"2","approach":"Nhận được qua ...","":""},{"propID":"53","format":"[21,4,10000,0]","name":"Bông hoa rực rỡ","sort":"4","effect":"Dùng xong tăng 10000 điểm thuộc tính Cuốn hút của idol chỉ định","status":"1","isExpired":"0","expiredSeconds":"-1","propVer":"1","isMultiUse":"2","approach":"Nhận được qua ...","":""},{"propID":"54","format":"[21,2,50000,0]","name":"Tạp chí Binbroad","sort":"4","effect":"Dùng xong tăng 50000 điểm thuộc tính Sáng tạo của idol chỉ định","status":"1","isExpired":"0","expiredSeconds":"-1","propVer":"1","isMultiUse":"2","approach":"Nhận được qua ...","":""},{"propID":"55","format":"[21,3,50000,0]","name":"Trang phục sự kiện","sort":"4","effect":"Dùng xong tăng 50000 điểm thuộc tính Biểu diễn của idol chỉ định","status":"1","isExpired":"0","expiredSeconds":"-1","propVer":"1","isMultiUse":"2","approach":"Nhận được qua ...","":""},{"propID":"56","format":"[21,4,50000,0]","name":"Vòng Hoa Rực Rỡ","sort":"4","effect":"Dùng xong tăng 50000 điểm thuộc tính Cuốn hút của idol chỉ định","status":"1","isExpired":"0","expiredSeconds":"-1","propVer":"1","isMultiUse":"2","approach":"Nhận được qua ...","":""},{"propID":"57","format":"[21,5,50,0]","name":"Gói exp tố chất","sort":"5","effect":"Tăng 50 điểm EXP tố chất của Idol chỉ định","status":"1","isExpired":"0","expiredSeconds":"-1","propVer":"1","isMultiUse":"2","approach":"Nhận được qua ...","":""},{"propID":"58","format":"[21,5,100,0]","name":"Sách đặc cấp","sort":"5","effect":"Tăng 100 điểm EXP tố chất của Idol chỉ định","status":"1","isExpired":"0","expiredSeconds":"-1","propVer":"1","isMultiUse":"2","approach":"Nhận được qua ...","":""},{"propID":"59","format":"[21,5,500,0]","name":"Tập sách đặc cấp","sort":"5","effect":"Tăng 500 điểm EXP tố chất của Idol chỉ định","status":"1","isExpired":"0","expiredSeconds":"-1","propVer":"1","isMultiUse":"2","approach":"Nhận được qua ...","":""},{"propID":"60","format":"[102,3,0,0]","name":"Sách tập tô","sort":"5","effect":"Dùng xong tăng cho idol ngẫu nhiên từ 10 - 20 EXP tố chất","status":"1","isExpired":"0","expiredSeconds":"-1","propVer":"1","isMultiUse":"2","approach":"Nhận được qua ...","":""},{"propID":"61","format":"[102,4,0,0]","name":"Hạc giấy bảy màu","sort":"5","effect":"Dùng xong tăng cho idol ngẫu nhiên từ 30 - 50 EXP tố chất","status":"1","isExpired":"0","expiredSeconds":"-1","propVer":"1","isMultiUse":"2","approach":"Nhận được qua ...","":""},{"propID":"62","format":"[102,5,0,0]","name":"Chuông gió tím","sort":"5","effect":"Dùng xong tăng cho idol ngẫu nhiên từ 50 - 80 EXP tố chất","status":"1","isExpired":"0","expiredSeconds":"-1","propVer":"1","isMultiUse":"2","approach":"Nhận được qua ...","":""},{"propID":"63","format":"[102,6,0,0]","name":"Cánh thiên thần","sort":"5","effect":"Dùng xong tăng cho idol ngẫu nhiên từ 80 - 120 EXP tố chất","status":"1","isExpired":"0","expiredSeconds":"-1","propVer":"1","isMultiUse":"2","approach":"Nhận được qua ...","":""},{"propID":"64","format":"[102,7,0,0]","name":"Cỏ may mắn","sort":"5","effect":"Dùng xong tăng cho idol ngẫu nhiên từ 5 - 1000 EXP tố chất","status":"1","isExpired":"0","expiredSeconds":"-1","propVer":"1","isMultiUse":"2","approach":"Nhận được qua ...","":""},{"propID":"65","format":"[]","name":"Mảnh Sách","sort":"6","effect":"Mảnh dùng để ghép gói cuộn","status":"1","isExpired":"0","expiredSeconds":"-1","propVer":"1","isMultiUse":"0","approach":"Nhận được qua ...","":""},{"propID":"66","format":"[102,8,0,0]","name":"Gói Cuộn","sort":"6","effect":"Dùng xong nhận ngẫu nhiên 1 cuộn sách","status":"1","isExpired":"0","expiredSeconds":"-1","propVer":"1","isMultiUse":"2","approach":"Nhận được qua ...","":""},{"propID":"67","format":"[]","name":"Sách Sáng Tạo","sort":"6","effect":"Dùng để tăng cấp cho tố chất Sáng tạo của Idol","status":"1","isExpired":"0","expiredSeconds":"-1","propVer":"1","isMultiUse":"0","approach":"Nhận được qua ...","":""},{"propID":"68","format":"[]","name":"Sách Biểu Diễn","sort":"6","effect":"Dùng để tăng cấp cho tố chất Biểu diễn của Idol","status":"1","isExpired":"0","expiredSeconds":"-1","propVer":"1","isMultiUse":"0","approach":"Nhận được qua ...","":""},{"propID":"69","format":"[]","name":"Sách Cuốn Hút","sort":"6","effect":"Dùng để tăng cấp cho tố chất Cuốn hút của Idol","status":"1","isExpired":"0","expiredSeconds":"-1","propVer":"1","isMultiUse":"0","approach":"Nhận được qua ...","":""},{"propID":"70","format":"[]","name":"Mic-Idol Mới","sort":"7","effect":"Đạo cụ thăng hạng idol, sử dụng ở cấp 100, tăng giới hạn cấp độ Idol lên 150","status":"1","isExpired":"0","expiredSeconds":"-1","propVer":"1","isMultiUse":"0","approach":"Nhận được qua ...","":""},{"propID":"71","format":"[]","name":"Clapper-Idol Mới","sort":"7","effect":"Đạo cụ thăng hạng idol, sử dụng ở cấp 100, tăng giới hạn cấp độ Idol lên 150","status":"1","isExpired":"0","expiredSeconds":"-1","propVer":"1","isMultiUse":"0","approach":"Nhận được qua ...","":""},{"propID":"72","format":"[]","name":"Thẻ idol Mới","sort":"7","effect":"Đạo cụ thăng hạng idol, sử dụng ở cấp 100, tăng giới hạn cấp độ Idol lên 150","status":"1","isExpired":"0","expiredSeconds":"-1","propVer":"1","isMultiUse":"0","approach":"Nhận được qua ...","":""},{"propID":"73","format":"[]","name":"Mic-Idol Triển Vọng","sort":"7","effect":"Đạo cụ thăng hạng idol, sử dụng ở cấp 150, tăng giới hạn cấp độ Idol lên 200","status":"1","isExpired":"0","expiredSeconds":"-1","propVer":"1","isMultiUse":"0","approach":"Nhận được qua ...","":""},{"propID":"74","format":"[]","name":"Thẻ idol Triển Vọng","sort":"7","effect":"Đạo cụ thăng hạng idol, sử dụng ở cấp 150, tăng giới hạn cấp độ Idol lên 200","status":"1","isExpired":"0","expiredSeconds":"-1","propVer":"1","isMultiUse":"0","approach":"Nhận được qua ...","":""},{"propID":"75","format":"[]","name":"Clapper-Idol Triển Vọng","sort":"7","effect":"Đạo cụ thăng hạng idol, sử dụng ở cấp 150, tăng giới hạn cấp độ Idol lên 200","status":"1","isExpired":"0","expiredSeconds":"-1","propVer":"1","isMultiUse":"0","approach":"Nhận được qua ...","":""},{"propID":"76","format":"[]","name":"Mic-Idol Nổi Bật","sort":"7","effect":"Đạo cụ thăng hạng idol, sử dụng ở cấp 200, tăng giới hạn cấp độ Idol lên 250","status":"1","isExpired":"0","expiredSeconds":"-1","propVer":"1","isMultiUse":"0","approach":"Nhận được qua ...","":""},{"propID":"77","format":"[]","name":"Clapper-Idol Nổi Bật","sort":"7","effect":"Đạo cụ thăng hạng idol, sử dụng ở cấp 200, tăng giới hạn cấp độ Idol lên 250","status":"1","isExpired":"0","expiredSeconds":"-1","propVer":"1","isMultiUse":"0","approach":"Nhận được qua ...","":""},{"propID":"78","format":"[]","name":"Thẻ idol Nổi Bật","sort":"7","effect":"Đạo cụ thăng hạng idol, sử dụng ở cấp 200, tăng giới hạn cấp độ Idol lên 250","status":"1","isExpired":"0","expiredSeconds":"-1","propVer":"1","isMultiUse":"0","approach":"Nhận được qua ...","":""},{"propID":"79","format":"[]","name":"Mic-Idol Đột Phá","sort":"7","effect":"Đạo cụ thăng hạng idol, sử dụng ở cấp 250, tăng giới hạn cấp độ Idol lên 300","status":"1","isExpired":"0","expiredSeconds":"-1","propVer":"1","isMultiUse":"0","approach":"Nhận được qua ...","":""},{"propID":"80","format":"[]","name":"Clapper-Idol Đột Phá","sort":"7","effect":"Đạo cụ thăng hạng idol, sử dụng ở cấp 250, tăng giới hạn cấp độ Idol lên 300","status":"1","isExpired":"0","expiredSeconds":"-1","propVer":"1","isMultiUse":"0","approach":"Nhận được qua ...","":""},{"propID":"81","format":"[]","name":"Thẻ idol Đột Phá","sort":"7","effect":"Đạo cụ thăng hạng idol, sử dụng ở cấp 250, tăng giới hạn cấp độ Idol lên 300","status":"1","isExpired":"0","expiredSeconds":"-1","propVer":"1","isMultiUse":"0","approach":"Nhận được qua ...","":""},{"propID":"82","format":"[]","name":"Mic-Idol Ấn Tượng","sort":"7","effect":"Đạo cụ thăng hạng idol, sử dụng ở cấp 300, tăng giới hạn cấp độ Idol lên 350","status":"1","isExpired":"0","expiredSeconds":"-1","propVer":"1","isMultiUse":"0","approach":"Nhận được qua ...","":""},{"propID":"83","format":"[]","name":"Clapper-Idol Ấn Tượng","sort":"7","effect":"Đạo cụ thăng hạng idol, sử dụng ở cấp 300, tăng giới hạn cấp độ Idol lên 350","status":"1","isExpired":"0","expiredSeconds":"-1","propVer":"1","isMultiUse":"0","approach":"Nhận được qua ...","":""},{"propID":"84","format":"[]","name":"Thẻ idol Ấn Tượng","sort":"7","effect":"Đạo cụ thăng hạng idol, sử dụng ở cấp 300, tăng giới hạn cấp độ Idol lên 350","status":"1","isExpired":"0","expiredSeconds":"-1","propVer":"1","isMultiUse":"0","approach":"Nhận được qua ...","":""},{"propID":"85","format":"[]","name":"Mic-Idol Cống Hiến","sort":"7","effect":"Đạo cụ thăng hạng idol, sử dụng ở cấp 350, tăng giới hạn cấp độ Idol lên 400","status":"1","isExpired":"0","expiredSeconds":"-1","propVer":"1","isMultiUse":"0","approach":"Nhận được qua ...","":""},{"propID":"86","format":"[]","name":"Clapper-Idol Cống Hiến","sort":"7","effect":"Đạo cụ thăng hạng idol, sử dụng ở cấp 350, tăng giới hạn cấp độ Idol lên 400","status":"1","isExpired":"0","expiredSeconds":"-1","propVer":"1","isMultiUse":"0","approach":"Nhận được qua ...","":""},{"propID":"87","format":"[]","name":"Thẻ idol Cống Hiến","sort":"7","effect":"Đạo cụ thăng hạng idol, sử dụng ở cấp 350, tăng giới hạn cấp độ Idol lên 400","status":"1","isExpired":"0","expiredSeconds":"-1","propVer":"1","isMultiUse":"0","approach":"Nhận được qua ...","":""},{"propID":"88","format":"[]","name":"Mic-Idol Xuất Sắc","sort":"7","effect":"Đạo cụ thăng hạng idol, sử dụng ở cấp 400, tăng giới hạn cấp độ Idol lên 500","status":"1","isExpired":"0","expiredSeconds":"-1","propVer":"1","isMultiUse":"0","approach":"Nhận được qua ...","":""},{"propID":"89","format":"[]","name":"Clapper-Idol Xuất Sắc","sort":"7","effect":"Đạo cụ thăng hạng idol, sử dụng ở cấp 400, tăng giới hạn cấp độ Idol lên 500","status":"1","isExpired":"0","expiredSeconds":"-1","propVer":"1","isMultiUse":"0","approach":"Nhận được qua ...","":""},{"propID":"90","format":"[]","name":"Thẻ idol Xuất Sắc","sort":"7","effect":"Đạo cụ thăng hạng idol, sử dụng ở cấp 400, tăng giới hạn cấp độ Idol lên 500","status":"1","isExpired":"0","expiredSeconds":"-1","propVer":"1","isMultiUse":"0","approach":"Nhận được qua ...","":""},{"propID":"91","format":"[]","name":"Mảnh PhotoCard","sort":"8","effect":"Mảnh dùng để ghép Photocard","status":"1","isExpired":"0","expiredSeconds":"-1","propVer":"1","isMultiUse":"0","approach":"Nhận được qua ...","":""},{"propID":"92","format":"[]","name":"Photocard BlakPink","sort":"8","effect":"Đạo cụ dùng để chiêu mộ Idol thuộc nhóm BlakPink hoặc nâng cấp vòng sáng cho idol","status":"1","isExpired":"0","expiredSeconds":"-1","propVer":"1","isMultiUse":"0","approach":"Nhận được qua ...","":""},{"propID":"93","format":"[]","name":"Photocard DanBam Class","sort":"8","effect":"Đạo cụ dùng để chiêu mộ Idol thuộc nhóm DanBam Class hoặc nâng cấp vòng sáng cho idol","status":"1","isExpired":"0","expiredSeconds":"-1","propVer":"1","isMultiUse":"0","approach":"Nhận được qua ...","":""},{"propID":"94","format":"[]","name":"Photocard","sort":"8","effect":"Đạo cụ dùng để chiêu mộ Idol thuộc nhóm [.....] hoặc nâng cấp vòng sáng cho idol","status":"1","isExpired":"0","expiredSeconds":"-1","propVer":"1","isMultiUse":"0","approach":"Nhận được qua ...","":""},{"propID":"95","format":"[]","name":"Photocard","sort":"8","effect":"Đạo cụ dùng để chiêu mộ Idol thuộc nhóm [.....] hoặc nâng cấp vòng sáng cho idol","status":"1","isExpired":"0","expiredSeconds":"-1","propVer":"1","isMultiUse":"0","approach":"Nhận được qua ...","":""},{"propID":"96","format":"[]","name":"chưa có","sort":"8","effect":"chưa có","status":"-1","isExpired":"0","expiredSeconds":"-1","propVer":"1","isMultiUse":"0","approach":"Nhận được qua ...","":""},{"propID":"97","format":"[103,5,0,0]","name":"Chứng nhận Ngôi Sao Toàn Năng","sort":"9","effect":"Dùng xong nhận được danh hiệu Ngôi Sao Toàn Năng, có thời hạn 30 ngày","status":"1","isExpired":"1","expiredSeconds":"2592000","propVer":"1","isMultiUse":"1","approach":"Nhận được qua ...","":"2592000"},{"propID":"98","format":"[103,4,0,0]","name":"Chứng nhận Ngôi Sao Cống Hiến","sort":"9","effect":"Dùng xong nhận được danh hiệu Ngôi Sao Cống Hiến, có thời hạn 30 ngày","status":"1","isExpired":"1","expiredSeconds":"2592000","propVer":"1","isMultiUse":"1","approach":"Nhận được qua ...","":""},{"propID":"99","format":"[103,3,0,0]","name":"Chứng nhận Ngôi sao Thương Hiệu","sort":"9","effect":"Dùng xong nhận được danh hiệu Ngôi Sao Thương Hiệu, có thời hạn 30 ngày","status":"1","isExpired":"1","expiredSeconds":"2592000","propVer":"1","isMultiUse":"1","approach":"Nhận được qua ...","":""},{"propID":"100","format":"[103,2,0,0]","name":"Chứng nhận Ngôi Sao Phong Cách","sort":"9","effect":"Dùng xong nhận được danh hiệu Ngôi Sao Phong Cách, có thời hạn 30 ngày","status":"1","isExpired":"1","expiredSeconds":"2592000","propVer":"1","isMultiUse":"1","approach":"Nhận được qua ...","":""},{"propID":"101","format":"[103,1,0,0]","name":"Chứng nhận Ngôi sao Lôi Cuốn","sort":"9","effect":"Dùng xong nhận được danh hiệu Ngôi Sao Lôi Cuốn, có thời hạn 30 ngày","status":"1","isExpired":"1","expiredSeconds":"2592000","propVer":"1","isMultiUse":"1","approach":"Nhận được qua ...","":""},{"propID":"102","format":"[102,9,0,0]","name":"Lì xì xuân","sort":"10","effect":"Xác suất nhận được Huy hiệu Tài Năng cao cấp, Gói danh vọng, Gói EXP tố chất","status":"1","isExpired":"0","expiredSeconds":"-1","propVer":"1","isMultiUse":"2","approach":"Nhận được qua ...","":""},{"propID":"103","format":"[102,10,0,0]","name":"Lì xì lớn","sort":"10","effect":"Xác suất nhận được Huy hiệu Tài Năng trung, cao cấp, Hợp đồng Kinh doanh, Hợp đồng Truyền thông","status":"1","isExpired":"0","expiredSeconds":"-1","propVer":"1","isMultiUse":"2","approach":"Nhận được qua ...","":""},{"propID":"104","format":"[102,11,0,0]","name":"Hộp Galaxy bách bảo","sort":"10","effect":"Xác suất nhận được 3 loại Sách cường hóa, tài nguyên tương đương với 2 lần, 5 lần hoặc 10 lần kinh doanh","status":"1","isExpired":"0","expiredSeconds":"-1","propVer":"1","isMultiUse":"2","approach":"Nhận được qua ...","":""},{"propID":"105","format":"[102,12,0,0]","name":"Trâm vàng","sort":"10","effect":"Dùng xong có xác suất nhận được Huy Hiệu Tài năng cao cấp, trung cấp, sơ cấp","status":"1","isExpired":"0","expiredSeconds":"-1","propVer":"1","isMultiUse":"2","approach":"Nhận được qua ...","":""},{"propID":"106","format":"[102,13,0,0]","name":"Margerita","sort":"10","effect":"Dùng xong có xác suất nhận được Cỏ may mắn, Gói EXP tố chất, Mảnh sách","status":"1","isExpired":"0","expiredSeconds":"-1","propVer":"1","isMultiUse":"2","approach":"Nhận được qua ...","":""},{"propID":"107","format":"[102,14,0,0]","name":"Dây chuyền Rich Kid","sort":"10","effect":"Dùng xong có xác suất nhận được Cuốn EXP tố chất, Gói EXP tố chất, Mảnh sách","status":"1","isExpired":"0","expiredSeconds":"-1","propVer":"1","isMultiUse":"2","approach":"Nhận được qua ...","":""},{"propID":"108","format":"[105,108,1,0]","name":"Túi chọn đạo cụ Sơ cấp","sort":"10","effect":"Dùng xong được chọn 1 đạo cụ Idol Mới","status":"1","isExpired":"0","expiredSeconds":"-1","propVer":"1","isMultiUse":"2","approach":"Nhận được qua ...","":""},{"propID":"109","format":"[102,15,0,0]","name":"Túi chọn đạo cụ trung cấp","sort":"10","effect":"Dùng xong có xác suất nhận được 1-2 đạo cụ Idol Mới","status":"1","isExpired":"0","expiredSeconds":"-1","propVer":"1","isMultiUse":"2","approach":"Nhận được qua ...","":""},{"propID":"110","format":"[102,16,0,0]","name":"Túi chọn đạo cụ cao cấp","sort":"10","effect":"Dùng xong có xác suất nhận được 1-3 đạo cụ Idol Mới","status":"1","isExpired":"0","expiredSeconds":"-1","propVer":"1","isMultiUse":"2","approach":"Nhận được qua ...","":""},{"propID":"111","format":"[102,17,0,0]","name":"Túi chọn đạo cụ siêu sao","sort":"10","effect":"Dùng xong có xác suất nhận được 1-2 đạo cụ Idol Triển vọng","status":"1","isExpired":"0","expiredSeconds":"-1","propVer":"1","isMultiUse":"2","approach":"Nhận được qua ...","":""},{"propID":"112","format":"[102,52,0,0]","name":"Túi avatar cao cấp","sort":"10","effect":"Dùng xong nhận ngẫu nhiên 1 loại avatar đặc biệt","status":"1","isExpired":"0","expiredSeconds":"-1","propVer":"1","isMultiUse":"1","approach":"Nhận được qua ...","":""},{"propID":"113","format":"[]","name":"chưa có","sort":"11","effect":"chưa có","status":"-1","isExpired":"0","expiredSeconds":"-1","propVer":"1","isMultiUse":"0","approach":"Nhận được qua ...","":""},{"propID":"114","format":"[]","name":"chưa có","sort":"11","effect":"chưa có","status":"-1","isExpired":"0","expiredSeconds":"-1","propVer":"1","isMultiUse":"0","approach":"Nhận được qua ...","":""},{"propID":"115","format":"[]","name":"chưa có","sort":"11","effect":"chưa có","status":"-1","isExpired":"0","expiredSeconds":"-1","propVer":"1","isMultiUse":"0","approach":"Nhận được qua ...","":""},{"propID":"116","format":"[]","name":"chưa có","sort":"11","effect":"chưa có","status":"-1","isExpired":"0","expiredSeconds":"-1","propVer":"1","isMultiUse":"0","approach":"Nhận được qua ...","":""},{"propID":"117","format":"[]","name":"chưa có","sort":"11","effect":"chưa có","status":"-1","isExpired":"0","expiredSeconds":"-1","propVer":"1","isMultiUse":"0","approach":"Nhận được qua ...","":""},{"propID":"118","format":"[]","name":"chưa có","sort":"11","effect":"chưa có","status":"-1","isExpired":"0","expiredSeconds":"-1","propVer":"1","isMultiUse":"0","approach":"Nhận được qua ...","":""},{"propID":"119","format":"[]","name":"chưa có","sort":"11","effect":"chưa có","status":"-1","isExpired":"0","expiredSeconds":"-1","propVer":"1","isMultiUse":"0","approach":"Nhận được qua ...","":""},{"propID":"120","format":"[8,1,0,0]","name":"Thẻ đổi tên","sort":"12","effect":"Sử dụng có thể đổi tên nhân vật chính","status":"1","isExpired":"0","expiredSeconds":"-1","propVer":"1","isMultiUse":"1","approach":"Nhận được qua ...","":""},{"propID":"121","format":"[8,2,0,0]","name":"Thẻ đổi avatar","sort":"12","effect":"Sử dụng có thể đổi avatar nhân vật chính","status":"1","isExpired":"0","expiredSeconds":"-1","propVer":"1","isMultiUse":"1","approach":"Nhận được qua ...","":""},{"propID":"122","format":"[]","name":"chưa có","sort":"12","effect":"","status":"-1","isExpired":"0","expiredSeconds":"-1","propVer":"1","isMultiUse":"0","approach":"Nhận được qua ...","":""},{"propID":"123","format":"[102,53,0,0]","name":"Time Lottery B","sort":"12","effect":"Dùng xong có xác suất nhận được giá trị TIME [1 giờ - 12 ngày]","status":"-1","isExpired":"0","expiredSeconds":"-1","propVer":"1","isMultiUse":"1","approach":"Nhận được qua ...","":""},{"propID":"124","format":"[3,5,86400,864000]","name":"Time Lottery A","sort":"12","effect":"Dùng xong có xác suất nhận được giá trị TIME [1 ngày - 10 ngày]","status":"-1","isExpired":"0","expiredSeconds":"-1","propVer":"1","isMultiUse":"1","approach":"Nhận được qua ...","":""},{"propID":"125","format":"[3,5,86400,259200]","name":"Time Lottery B+","sort":"12","effect":"Dùng xong có xác suất nhận được giá trị TIME [1 ngày - 3 ngày]","status":"-1","isExpired":"0","expiredSeconds":"-1","propVer":"1","isMultiUse":"1","approach":"Nhận được qua ...","":""},{"propID":"126","format":"[3,5,864000,1728000]","name":"Time Lottery S","sort":"12","effect":"Dùng xong có xác suất nhận được giá trị TIME [10 ngày - 20 ngày]","status":"-1","isExpired":"0","expiredSeconds":"-1","propVer":"1","isMultiUse":"1","approach":"Nhận được qua ...","":""},{"propID":"127","format":"[3,5,86400,4320000]","name":"Time Lottery SR","sort":"12","effect":"Dùng xong có xác suất nhận được giá trị TIME [1 ngày - 50 ngày]","status":"-1","isExpired":"0","expiredSeconds":"-1","propVer":"1","isMultiUse":"1","approach":"Nhận được qua ...","":""},{"propID":"128","format":"[1,5,86400,0]","name":"Thẻ 1 ngày","sort":"12","effect":"Dùng xong nhận được giá trị TIME [1 ngày]","status":"-1","isExpired":"0","expiredSeconds":"-1","propVer":"1","isMultiUse":"1","approach":"Nhận được qua ...","":""},{"propID":"129","format":"[1,5,432000,0]","name":"Thẻ 5 ngày","sort":"12","effect":"Dùng xong nhận được giá trị TIME [5 ngày]","status":"-1","isExpired":"0","expiredSeconds":"-1","propVer":"1","isMultiUse":"1","approach":"Nhận được qua ...","":""},{"propID":"130","format":"[1,5,864000,0]","name":"Thẻ 10 ngày","sort":"12","effect":"Dùng xong nhận được giá trị TIME [10 ngày]","status":"-1","isExpired":"0","expiredSeconds":"-1","propVer":"1","isMultiUse":"1","approach":"Nhận được qua ...","":""},{"propID":"131","format":"[]","name":"Quà tặng 1 giờ","sort":"12","effect":"Có thể gửi cho bạn bè giá trị TIME [1 giờ]","status":"-1","isExpired":"0","expiredSeconds":"-1","propVer":"1","isMultiUse":"0","approach":"Nhận được qua ...","":""},{"propID":"132","format":"[1,5,3600,0]","name":"Thẻ 1 giờ","sort":"12","effect":"Dùng xong nhận được giá trị TIME [1 giờ]","status":"-1","isExpired":"0","expiredSeconds":"-1","propVer":"1","isMultiUse":"1","approach":"Nhận được qua ...","":""},{"propID":"133","format":"[]","name":"Quà tặng 6 giờ","sort":"12","effect":"Có thể gửi cho bạn bè giá trị TIME [6 giờ]","status":"-1","isExpired":"0","expiredSeconds":"-1","propVer":"1","isMultiUse":"0","approach":"Nhận được qua ...","":""},{"propID":"134","format":"[1,5,21600,0]","name":"Thẻ 6 giờ","sort":"12","effect":"Dùng xong nhận được giá trị TIME [6 giờ]","status":"-1","isExpired":"0","expiredSeconds":"-1","propVer":"1","isMultiUse":"1","approach":"Nhận được qua ....","":""},{"propID":"135","format":"[]","name":"Thẻ NetCard","sort":"13","effect":"Dùng để quay thưởng tại net shop","status":"1","isExpired":"0","expiredSeconds":"-1","propVer":"1","isMultiUse":"0","approach":"Nhận được qua ....","":""},{"propID":"136","format":"[1,8,5,0]","name":"Thẻ 5 NetPoint","sort":"13","effect":"Sử dụng nhận được 5 NetPoint","status":"-1","isExpired":"0","expiredSeconds":"-1","propVer":"1","isMultiUse":"1","approach":"Nhận được qua ....","":""},{"propID":"137","format":"[1,8,10,0]","name":"Thẻ 10 NetPoint","sort":"13","effect":"Sử dụng nhận được 10 NetPoint","status":"-1","isExpired":"0","expiredSeconds":"-1","propVer":"1","isMultiUse":"1","approach":"Nhận được qua ....","":""},{"propID":"138","format":"[1,8,50,0]","name":"Thẻ 50 NetPoint","sort":"13","effect":"Sử dụng nhận được 50 NetPoint","status":"-1","isExpired":"0","expiredSeconds":"-1","propVer":"1","isMultiUse":"1","approach":"Nhận được qua ....","":""},{"propID":"139","format":"[102,54,0,0]","name":"Hộp quà Award","sort":"13","effect":"Xác suất nhận được Huy hiệu Tài Năng trung, cao cấp, Hợp đồng Kinh doanh, Hợp đồng Truyền thông","status":"1","isExpired":"0","expiredSeconds":"-1","propVer":"1","isMultiUse":"2","approach":"Nhận được qua ...","":""},{"propID":"140","format":"[]","name":"Thẻ Ngọc Trinh","sort":"8","effect":"Đạo cụ dùng để chiêu mộ Idol Ngọc Trinh hoặc nâng cấp vòng sáng cho idol Ngọc Trinh","status":"1","isExpired":"0","expiredSeconds":"-1","propVer":"1","isMultiUse":"0","approach":"","":""}]