[{"id":"1","minFanNPC":"1000","maxFanNPC":"2200","minAptNPC":"202","maxAptNPC":"474","reward":"[102,31,0,0]"},{"id":"2","minFanNPC":"23000","maxFanNPC":"38500","minAptNPC":"4646","maxAptNPC":"8316","reward":"[102,32,0,0]"},{"id":"3","minFanNPC":"52000","maxFanNPC":"66000","minAptNPC":"10504","maxAptNPC":"14256","reward":"[102,33,0,0]"},{"id":"4","minFanNPC":"82000","maxFanNPC":"110000","minAptNPC":"16564","maxAptNPC":"23760","reward":"[102,34,0,0]"},{"id":"5","minFanNPC":"166000","maxFanNPC":"191400","minAptNPC":"33532","maxAptNPC":"41342","reward":"[102,35,0,0]"},{"id":"6","minFanNPC":"266000","maxFanNPC":"301400","minAptNPC":"53732","maxAptNPC":"65102","reward":"[102,31,0,0]"},{"id":"7","minFanNPC":"366000","maxFanNPC":"418000","minAptNPC":"73932","maxAptNPC":"90288","reward":"[102,32,0,0]"},{"id":"8","minFanNPC":"1035072","maxFanNPC":"1792442","minAptNPC":"168923","maxAptNPC":"292526","reward":"[102,33,0,0]"},{"id":"9","minFanNPC":"1236280","maxFanNPC":"2174662","minAptNPC":"201760","maxAptNPC":"354904","reward":"[102,34,0,0]"},{"id":"10","minFanNPC":"1506710","maxFanNPC":"2658900","minAptNPC":"243002","maxAptNPC":"433932","reward":"[102,35,0,0]"},{"id":"11","minFanNPC":"568125","maxFanNPC":"946875","minAptNPC":"92718","maxAptNPC":"154530","reward":"[102,31,0,0]"},{"id":"12","minFanNPC":"639027","maxFanNPC":"1059439","minAptNPC":"104289","maxAptNPC":"172900","reward":"[102,32,0,0]"},{"id":"13","minFanNPC":"725126","maxFanNPC":"1205404","minAptNPC":"118340","maxAptNPC":"196722","reward":"[102,33,0,0]"},{"id":"14","minFanNPC":"830035","maxFanNPC":"1383391","minAptNPC":"135461","maxAptNPC":"225769","reward":"[102,34,0,0]"},{"id":"15","minFanNPC":"958370","maxFanNPC":"1613459","minAptNPC":"156406","maxAptNPC":"263316","reward":"[102,35,0,0]"},{"id":"16","minFanNPC":"1116078","maxFanNPC":"1897332","minAptNPC":"182143","maxAptNPC":"309644","reward":"[102,31,0,0]"},{"id":"17","minFanNPC":"1310833","maxFanNPC":"2249454","minAptNPC":"213927","maxAptNPC":"367110","reward":"[102,32,0,0]"},{"id":"18","minFanNPC":"1552608","maxFanNPC":"2688663","minAptNPC":"253385","maxAptNPC":"438789","reward":"[102,33,0,0]"},{"id":"19","minFanNPC":"1854421","maxFanNPC":"3261994","minAptNPC":"302641","maxAptNPC":"532357","reward":"[102,34,0,0]"},{"id":"20","minFanNPC":"2260065","maxFanNPC":"3988350","minAptNPC":"364503","maxAptNPC":"650898","reward":"[102,35,0,0]"},{"id":"21","minFanNPC":"1136250","maxFanNPC":"1893750","minAptNPC":"185436","maxAptNPC":"309060","reward":"[102,31,0,0]"},{"id":"22","minFanNPC":"1278054","maxFanNPC":"2118879","minAptNPC":"208578","maxAptNPC":"345800","reward":"[102,32,0,0]"},{"id":"23","minFanNPC":"1450252","maxFanNPC":"2410809","minAptNPC":"236680","maxAptNPC":"393444","reward":"[102,33,0,0]"},{"id":"24","minFanNPC":"1660070","maxFanNPC":"2766783","minAptNPC":"270923","maxAptNPC":"451538","reward":"[102,34,0,0]"},{"id":"25","minFanNPC":"1916741","maxFanNPC":"3226919","minAptNPC":"312812","maxAptNPC":"526632","reward":"[102,35,0,0]"},{"id":"26","minFanNPC":"2232156","maxFanNPC":"3794665","minAptNPC":"364287","maxAptNPC":"619288","reward":"[102,31,0,0]"},{"id":"27","minFanNPC":"2621666","maxFanNPC":"4498908","minAptNPC":"427855","maxAptNPC":"734221","reward":"[102,32,0,0]"},{"id":"28","minFanNPC":"3105217","maxFanNPC":"5377327","minAptNPC":"506771","maxAptNPC":"877579","reward":"[102,33,0,0]"},{"id":"29","minFanNPC":"3708842","maxFanNPC":"6523988","minAptNPC":"605282","maxAptNPC":"1064714","reward":"[102,34,0,0]"},{"id":"30","minFanNPC":"4520130","maxFanNPC":"7976700","minAptNPC":"729006","maxAptNPC":"1301796","reward":"[102,35,0,0]"},{"id":"31","minFanNPC":"2272500","maxFanNPC":"3787500","minAptNPC":"370872","maxAptNPC":"618120","reward":"[102,31,0,0]"},{"id":"32","minFanNPC":"2556108","maxFanNPC":"4237758","minAptNPC":"417156","maxAptNPC":"691601","reward":"[102,32,0,0]"},{"id":"33","minFanNPC":"2900505","maxFanNPC":"4821619","minAptNPC":"473361","maxAptNPC":"786888","reward":"[102,33,0,0]"},{"id":"34","minFanNPC":"3320140","maxFanNPC":"5533567","minAptNPC":"541846","maxAptNPC":"903076","reward":"[102,34,0,0]"},{"id":"35","minFanNPC":"3833482","maxFanNPC":"6453838","minAptNPC":"625624","maxAptNPC":"1053265","reward":"[102,35,0,0]"},{"id":"36","minFanNPC":"4464312","maxFanNPC":"7589330","minAptNPC":"728574","maxAptNPC":"1238577","reward":"[102,31,0,0]"},{"id":"37","minFanNPC":"5243332","maxFanNPC":"8997817","minAptNPC":"855710","maxAptNPC":"1468443","reward":"[102,32,0,0]"},{"id":"38","minFanNPC":"6210434","maxFanNPC":"10754654","minAptNPC":"1013542","maxAptNPC":"1755158","reward":"[102,33,0,0]"},{"id":"39","minFanNPC":"7417685","maxFanNPC":"13047976","minAptNPC":"1210564","maxAptNPC":"2129428","reward":"[102,34,0,0]"},{"id":"40","minFanNPC":"9040260","maxFanNPC":"15953400","minAptNPC":"1458012","maxAptNPC":"2603593","reward":"[102,35,0,0]"},{"id":"41","minFanNPC":"4545000","maxFanNPC":"7575000","minAptNPC":"741744","maxAptNPC":"1236240","reward":"[102,31,0,0]"},{"id":"42","minFanNPC":"5112216","maxFanNPC":"8475516","minAptNPC":"834313","maxAptNPC":"1383203","reward":"[102,32,0,0]"},{"id":"43","minFanNPC":"5801018","maxFanNPC":"9643251","minAptNPC":"946724","maxAptNPC":"1573777","reward":"[102,33,0,0]"},{"id":"44","minFanNPC":"6630000","maxFanNPC":"11050000","minAptNPC":"1082016","maxAptNPC":"1803360","reward":"[102,34,0,0]"},{"id":"45","minFanNPC":"7584000","maxFanNPC":"12768000","minAptNPC":"1237708","maxAptNPC":"2083737","reward":"[102,35,0,0]"},{"id":"46","minFanNPC":"8960000","maxFanNPC":"15232000","minAptNPC":"1462272","maxAptNPC":"2485862","reward":"[102,31,0,0]"},{"id":"47","minFanNPC":"10530000","maxFanNPC":"18070000","minAptNPC":"1718496","maxAptNPC":"2949024","reward":"[102,32,0,0]"},{"id":"48","minFanNPC":"12382000","maxFanNPC":"21442000","minAptNPC":"2020742","maxAptNPC":"3499334","reward":"[102,33,0,0]"},{"id":"49","minFanNPC":"14940000","maxFanNPC":"26280000","minAptNPC":"2438208","maxAptNPC":"4288896","reward":"[102,34,0,0]"},{"id":"50","minFanNPC":"17850000","maxFanNPC":"31500000","minAptNPC":"2878848","maxAptNPC":"5140800","reward":"[102,35,0,0]"},{"id":"51","minFanNPC":"9090000","maxFanNPC":"15150000","minAptNPC":"1483488","maxAptNPC":"2472480","reward":"[102,31,0,0]"},{"id":"52","minFanNPC":"10224432","maxFanNPC":"16951032","minAptNPC":"1668627","maxAptNPC":"2766408","reward":"[102,32,0,0]"},{"id":"53","minFanNPC":"11602021","maxFanNPC":"19286476","minAptNPC":"1893449","maxAptNPC":"3147552","reward":"[102,33,0,0]"},{"id":"54","minFanNPC":"13260000","maxFanNPC":"22100000","minAptNPC":"2164032","maxAptNPC":"3606720","reward":"[102,34,0,0]"},{"id":"55","minFanNPC":"15010000","maxFanNPC":"25270000","minAptNPC":"2449632","maxAptNPC":"4124064","reward":"[102,35,0,0]"},{"id":"56","minFanNPC":"17840000","maxFanNPC":"30328000","minAptNPC":"2911488","maxAptNPC":"4949529","reward":"[102,31,0,0]"},{"id":"57","minFanNPC":"20979000","maxFanNPC":"36001000","minAptNPC":"3423772","maxAptNPC":"5875363","reward":"[102,32,0,0]"},{"id":"58","minFanNPC":"24846000","maxFanNPC":"43026000","minAptNPC":"4054867","maxAptNPC":"7021843","reward":"[102,33,0,0]"},{"id":"59","minFanNPC":"29631000","maxFanNPC":"52122000","minAptNPC":"4835779","maxAptNPC":"8506310","reward":"[102,34,0,0]"},{"id":"60","minFanNPC":"35700000","maxFanNPC":"63000000","minAptNPC":"5757696","maxAptNPC":"10281600","reward":"[102,35,0,0]"},{"id":"61","minFanNPC":"18150000","maxFanNPC":"30250000","minAptNPC":"2962080","maxAptNPC":"4936800","reward":"[102,31,0,0]"},{"id":"62","minFanNPC":"20444000","maxFanNPC":"33894000","minAptNPC":"3336460","maxAptNPC":"5531500","reward":"[102,32,0,0]"},{"id":"63","minFanNPC":"23100000","maxFanNPC":"38400000","minAptNPC":"3769920","maxAptNPC":"6266880","reward":"[102,33,0,0]"},{"id":"64","minFanNPC":"26520000","maxFanNPC":"44200000","minAptNPC":"4328064","maxAptNPC":"7213440","reward":"[102,34,0,0]"},{"id":"65","minFanNPC":"30020000","maxFanNPC":"50540000","minAptNPC":"4899264","maxAptNPC":"8248128","reward":"[102,35,0,0]"},{"id":"66","minFanNPC":"35200000","maxFanNPC":"59840000","minAptNPC":"5744640","maxAptNPC":"9765888","reward":"[102,31,0,0]"},{"id":"67","minFanNPC":"41310000","maxFanNPC":"70890000","minAptNPC":"6741792","maxAptNPC":"11569248","reward":"[102,32,0,0]"},{"id":"68","minFanNPC":"49200000","maxFanNPC":"85200000","minAptNPC":"8029440","maxAptNPC":"13904640","reward":"[102,33,0,0]"},{"id":"69","minFanNPC":"58100000","maxFanNPC":"102200000","minAptNPC":"9481920","maxAptNPC":"16679040","reward":"[102,34,0,0]"},{"id":"70","minFanNPC":"71400000","maxFanNPC":"126000000","minAptNPC":"11515392","maxAptNPC":"20563200","reward":"[102,35,0,0]"},{"id":"71","minFanNPC":"27225000","maxFanNPC":"45375000","minAptNPC":"4443120","maxAptNPC":"7405200","reward":"[102,31,0,0]"},{"id":"72","minFanNPC":"30666000","maxFanNPC":"50841000","minAptNPC":"5004691","maxAptNPC":"8297251","reward":"[102,32,0,0]"},{"id":"73","minFanNPC":"34650000","maxFanNPC":"57600000","minAptNPC":"5654880","maxAptNPC":"9400320","reward":"[102,33,0,0]"},{"id":"74","minFanNPC":"39780000","maxFanNPC":"66300000","minAptNPC":"6492096","maxAptNPC":"10820160","reward":"[102,34,0,0]"},{"id":"75","minFanNPC":"45030000","maxFanNPC":"75810000","minAptNPC":"7348896","maxAptNPC":"12372192","reward":"[102,35,0,0]"},{"id":"76","minFanNPC":"52800000","maxFanNPC":"89760000","minAptNPC":"8616960","maxAptNPC":"14648832","reward":"[102,31,0,0]"},{"id":"77","minFanNPC":"61965000","maxFanNPC":"106335000","minAptNPC":"10112688","maxAptNPC":"17353872","reward":"[102,32,0,0]"},{"id":"78","minFanNPC":"73800000","maxFanNPC":"127800000","minAptNPC":"12044160","maxAptNPC":"20856960","reward":"[102,33,0,0]"},{"id":"79","minFanNPC":"87150000","maxFanNPC":"153300000","minAptNPC":"14222880","maxAptNPC":"25018560","reward":"[102,34,0,0]"},{"id":"80","minFanNPC":"107100000","maxFanNPC":"189000000","minAptNPC":"17273088","maxAptNPC":"30844800","reward":"[102,35,0,0]"},{"id":"81","minFanNPC":"45375000","maxFanNPC":"75625000","minAptNPC":"7405200","maxAptNPC":"12342000","reward":"[102,31,0,0]"},{"id":"82","minFanNPC":"51110000","maxFanNPC":"84735000","minAptNPC":"8341152","maxAptNPC":"13828752","reward":"[102,32,0,0]"},{"id":"83","minFanNPC":"57750000","maxFanNPC":"96000000","minAptNPC":"9424800","maxAptNPC":"15667200","reward":"[102,33,0,0]"},{"id":"84","minFanNPC":"66300000","maxFanNPC":"110500000","minAptNPC":"10820160","maxAptNPC":"18033600","reward":"[102,34,0,0]"},{"id":"85","minFanNPC":"75050000","maxFanNPC":"126350000","minAptNPC":"12248160","maxAptNPC":"20620320","reward":"[102,35,0,0]"},{"id":"86","minFanNPC":"88000000","maxFanNPC":"149600000","minAptNPC":"14361600","maxAptNPC":"24414720","reward":"[102,31,0,0]"},{"id":"87","minFanNPC":"103275000","maxFanNPC":"177225000","minAptNPC":"16854480","maxAptNPC":"28923120","reward":"[102,32,0,0]"},{"id":"88","minFanNPC":"123000000","maxFanNPC":"213000000","minAptNPC":"20073600","maxAptNPC":"34761600","reward":"[102,33,0,0]"},{"id":"89","minFanNPC":"145250000","maxFanNPC":"255500000","minAptNPC":"23704800","maxAptNPC":"41697600","reward":"[102,34,0,0]"},{"id":"90","minFanNPC":"178500000","maxFanNPC":"315000000","minAptNPC":"28788480","maxAptNPC":"51408000","reward":"[102,35,0,0]"},{"id":"91","minFanNPC":"72600000","maxFanNPC":"121000000","minAptNPC":"11848320","maxAptNPC":"19747200","reward":"[102,31,0,0]"},{"id":"92","minFanNPC":"81776000","maxFanNPC":"135576000","minAptNPC":"13345843","maxAptNPC":"22126003","reward":"[102,32,0,0]"},{"id":"93","minFanNPC":"92400000","maxFanNPC":"153600000","minAptNPC":"15079680","maxAptNPC":"25067520","reward":"[102,33,0,0]"},{"id":"94","minFanNPC":"106080000","maxFanNPC":"176800000","minAptNPC":"17312256","maxAptNPC":"28853760","reward":"[102,34,0,0]"},{"id":"95","minFanNPC":"120080000","maxFanNPC":"202160000","minAptNPC":"19597056","maxAptNPC":"32992512","reward":"[102,35,0,0]"},{"id":"96","minFanNPC":"140800000","maxFanNPC":"239360000","minAptNPC":"22978560","maxAptNPC":"39063552","reward":"[102,31,0,0]"},{"id":"97","minFanNPC":"165240000","maxFanNPC":"283560000","minAptNPC":"26967168","maxAptNPC":"46276992","reward":"[102,32,0,0]"},{"id":"98","minFanNPC":"196800000","maxFanNPC":"340800000","minAptNPC":"32117760","maxAptNPC":"55618560","reward":"[102,33,0,0]"},{"id":"99","minFanNPC":"232400000","maxFanNPC":"408800000","minAptNPC":"37927680","maxAptNPC":"66716160","reward":"[102,34,0,0]"},{"id":"100","minFanNPC":"285600000","maxFanNPC":"504000000","minAptNPC":"46061568","maxAptNPC":"82252800","reward":"[102,35,0,0]"},{"id":"101","minFanNPC":"117975000","maxFanNPC":"196625000","minAptNPC":"19253520","maxAptNPC":"32089200","reward":"[102,31,0,0]"},{"id":"102","minFanNPC":"132886000","maxFanNPC":"220311000","minAptNPC":"21686995","maxAptNPC":"35954755","reward":"[102,32,0,0]"},{"id":"103","minFanNPC":"150150000","maxFanNPC":"249600000","minAptNPC":"24504480","maxAptNPC":"40734720","reward":"[102,33,0,0]"},{"id":"104","minFanNPC":"172380000","maxFanNPC":"287300000","minAptNPC":"28132416","maxAptNPC":"46887360","reward":"[102,34,0,0]"},{"id":"105","minFanNPC":"195130000","maxFanNPC":"328510000","minAptNPC":"31845216","maxAptNPC":"53612832","reward":"[102,35,0,0]"},{"id":"106","minFanNPC":"228800000","maxFanNPC":"388960000","minAptNPC":"37340160","maxAptNPC":"63478272","reward":"[102,31,0,0]"},{"id":"107","minFanNPC":"268515000","maxFanNPC":"460785000","minAptNPC":"43821648","maxAptNPC":"75200112","reward":"[102,32,0,0]"},{"id":"108","minFanNPC":"319800000","maxFanNPC":"553800000","minAptNPC":"52191360","maxAptNPC":"90380160","reward":"[102,33,0,0]"},{"id":"109","minFanNPC":"377650000","maxFanNPC":"664300000","minAptNPC":"61632480","maxAptNPC":"108413760","reward":"[102,34,0,0]"},{"id":"110","minFanNPC":"464100000","maxFanNPC":"819000000","minAptNPC":"74850048","maxAptNPC":"133660800","reward":"[102,35,0,0]"},{"id":"111","minFanNPC":"190575000","maxFanNPC":"317625000","minAptNPC":"31101840","maxAptNPC":"51836400","reward":"[102,31,0,0]"},{"id":"112","minFanNPC":"214662000","maxFanNPC":"355887000","minAptNPC":"35032838","maxAptNPC":"58080758","reward":"[102,32,0,0]"},{"id":"113","minFanNPC":"242550000","maxFanNPC":"403200000","minAptNPC":"39584160","maxAptNPC":"65802240","reward":"[102,33,0,0]"},{"id":"114","minFanNPC":"278460000","maxFanNPC":"464100000","minAptNPC":"45444672","maxAptNPC":"75741120","reward":"[102,34,0,0]"},{"id":"115","minFanNPC":"315210000","maxFanNPC":"530670000","minAptNPC":"51442272","maxAptNPC":"86605344","reward":"[102,35,0,0]"},{"id":"116","minFanNPC":"369600000","maxFanNPC":"628320000","minAptNPC":"60318720","maxAptNPC":"102541824","reward":"[102,31,0,0]"},{"id":"117","minFanNPC":"433755000","maxFanNPC":"744345000","minAptNPC":"70788816","maxAptNPC":"121477104","reward":"[102,32,0,0]"},{"id":"118","minFanNPC":"516600000","maxFanNPC":"894600000","minAptNPC":"84309120","maxAptNPC":"145998720","reward":"[102,33,0,0]"},{"id":"119","minFanNPC":"610050000","maxFanNPC":"1073100000","minAptNPC":"99560160","maxAptNPC":"175129920","reward":"[102,34,0,0]"},{"id":"120","minFanNPC":"749700000","maxFanNPC":"1323000000","minAptNPC":"120911616","maxAptNPC":"215913600","reward":"[102,35,0,0]"},{"id":"121","minFanNPC":"308550000","maxFanNPC":"514250000","minAptNPC":"50355360","maxAptNPC":"83925600","reward":"[102,31,0,0]"},{"id":"122","minFanNPC":"347548000","maxFanNPC":"576198000","minAptNPC":"56719833","maxAptNPC":"94035513","reward":"[102,32,0,0]"},{"id":"123","minFanNPC":"392700000","maxFanNPC":"652800000","minAptNPC":"64088640","maxAptNPC":"106536960","reward":"[102,33,0,0]"},{"id":"124","minFanNPC":"450840000","maxFanNPC":"751400000","minAptNPC":"73577088","maxAptNPC":"122628480","reward":"[102,34,0,0]"},{"id":"125","minFanNPC":"510340000","maxFanNPC":"859180000","minAptNPC":"83287488","maxAptNPC":"140218176","reward":"[102,35,0,0]"},{"id":"126","minFanNPC":"598400000","maxFanNPC":"1017280000","minAptNPC":"97658880","maxAptNPC":"166020096","reward":"[102,31,0,0]"},{"id":"127","minFanNPC":"702270000","maxFanNPC":"1205130000","minAptNPC":"114610464","maxAptNPC":"196677216","reward":"[102,32,0,0]"},{"id":"128","minFanNPC":"836400000","maxFanNPC":"1448400000","minAptNPC":"136500480","maxAptNPC":"236378880","reward":"[102,33,0,0]"},{"id":"129","minFanNPC":"987700000","maxFanNPC":"1737400000","minAptNPC":"161192640","maxAptNPC":"283543680","reward":"[102,34,0,0]"},{"id":"130","minFanNPC":"1213800000","maxFanNPC":"2142000000","minAptNPC":"195761664","maxAptNPC":"349574400","reward":"[102,35,0,0]"},{"id":"131","minFanNPC":"499125000","maxFanNPC":"831875000","minAptNPC":"81457200","maxAptNPC":"135762000","reward":"[102,31,0,0]"},{"id":"132","minFanNPC":"562210000","maxFanNPC":"932085000","minAptNPC":"91752672","maxAptNPC":"152116272","reward":"[102,32,0,0]"},{"id":"133","minFanNPC":"635250000","maxFanNPC":"1056000000","minAptNPC":"103672800","maxAptNPC":"172339200","reward":"[102,33,0,0]"},{"id":"134","minFanNPC":"729300000","maxFanNPC":"1215500000","minAptNPC":"119021760","maxAptNPC":"198369600","reward":"[102,34,0,0]"},{"id":"135","minFanNPC":"825550000","maxFanNPC":"1389850000","minAptNPC":"134729760","maxAptNPC":"226823520","reward":"[102,35,0,0]"},{"id":"136","minFanNPC":"968000000","maxFanNPC":"1645600000","minAptNPC":"157977600","maxAptNPC":"268561920","reward":"[102,31,0,0]"},{"id":"137","minFanNPC":"1136025000","maxFanNPC":"1949475000","minAptNPC":"185399280","maxAptNPC":"318154320","reward":"[102,32,0,0]"},{"id":"138","minFanNPC":"1353000000","maxFanNPC":"2343000000","minAptNPC":"220809600","maxAptNPC":"382377600","reward":"[102,33,0,0]"},{"id":"139","minFanNPC":"1597750000","maxFanNPC":"2810500000","minAptNPC":"260752800","maxAptNPC":"458673600","reward":"[102,34,0,0]"},{"id":"140","minFanNPC":"1963500000","maxFanNPC":"3465000000","minAptNPC":"316673280","maxAptNPC":"565488000","reward":"[102,35,0,0]"},{"id":"141","minFanNPC":"807675000","maxFanNPC":"1346125000","minAptNPC":"131812560","maxAptNPC":"219687600","reward":"[102,31,0,0]"},{"id":"142","minFanNPC":"909758000","maxFanNPC":"1508283000","minAptNPC":"148472505","maxAptNPC":"246151785","reward":"[102,32,0,0]"},{"id":"143","minFanNPC":"1027950000","maxFanNPC":"1708800000","minAptNPC":"167761440","maxAptNPC":"278876160","reward":"[102,33,0,0]"},{"id":"144","minFanNPC":"1180140000","maxFanNPC":"1966900000","minAptNPC":"192598848","maxAptNPC":"320998080","reward":"[102,34,0,0]"},{"id":"145","minFanNPC":"1335890000","maxFanNPC":"2249030000","minAptNPC":"218017248","maxAptNPC":"367041696","reward":"[102,35,0,0]"},{"id":"146","minFanNPC":"1566400000","maxFanNPC":"2662880000","minAptNPC":"255636480","maxAptNPC":"434582016","reward":"[102,31,0,0]"},{"id":"147","minFanNPC":"1838295000","maxFanNPC":"3154605000","minAptNPC":"300009744","maxAptNPC":"514831536","reward":"[102,32,0,0]"},{"id":"148","minFanNPC":"2189400000","maxFanNPC":"3791400000","minAptNPC":"357310080","maxAptNPC":"618756480","reward":"[102,33,0,0]"},{"id":"149","minFanNPC":"2585450000","maxFanNPC":"4547900000","minAptNPC":"421945440","maxAptNPC":"742217280","reward":"[102,34,0,0]"},{"id":"150","minFanNPC":"3177300000","maxFanNPC":"5607000000","minAptNPC":"512434944","maxAptNPC":"915062400","reward":"[102,35,0,0]"},{"id":"151","minFanNPC":"1306800000","maxFanNPC":"2178000000","minAptNPC":"213269760","maxAptNPC":"355449600","reward":"[102,31,0,0]"},{"id":"152","minFanNPC":"1471968000","maxFanNPC":"2440368000","minAptNPC":"240225177","maxAptNPC":"398268057","reward":"[102,32,0,0]"},{"id":"153","minFanNPC":"1663200000","maxFanNPC":"2764800000","minAptNPC":"271434240","maxAptNPC":"451215360","reward":"[102,33,0,0]"},{"id":"154","minFanNPC":"1909440000","maxFanNPC":"3182400000","minAptNPC":"311620608","maxAptNPC":"519367680","reward":"[102,34,0,0]"},{"id":"155","minFanNPC":"2161440000","maxFanNPC":"3638880000","minAptNPC":"352747008","maxAptNPC":"593865216","reward":"[102,35,0,0]"},{"id":"156","minFanNPC":"2534400000","maxFanNPC":"4308480000","minAptNPC":"413614080","maxAptNPC":"703143936","reward":"[102,31,0,0]"},{"id":"157","minFanNPC":"2974320000","maxFanNPC":"5104080000","minAptNPC":"485409024","maxAptNPC":"832985856","reward":"[102,32,0,0]"},{"id":"158","minFanNPC":"3542400000","maxFanNPC":"6134400000","minAptNPC":"578119680","maxAptNPC":"1001134080","reward":"[102,33,0,0]"},{"id":"159","minFanNPC":"4183200000","maxFanNPC":"7358400000","minAptNPC":"682698240","maxAptNPC":"1200890880","reward":"[102,34,0,0]"},{"id":"160","minFanNPC":"5080320000","maxFanNPC":"9072000000","minAptNPC":"829108224","maxAptNPC":"1480550400","reward":"[102,35,0,0]"},{"id":"161","minFanNPC":"2114475000","maxFanNPC":"3524125000","minAptNPC":"345082320","maxAptNPC":"575137200","reward":"[102,31,0,0]"},{"id":"162","minFanNPC":"2381726000","maxFanNPC":"3948651000","minAptNPC":"388697683","maxAptNPC":"644419843","reward":"[102,32,0,0]"},{"id":"163","minFanNPC":"2691150000","maxFanNPC":"4473600000","minAptNPC":"439195680","maxAptNPC":"730091520","reward":"[102,33,0,0]"},{"id":"164","minFanNPC":"3089580000","maxFanNPC":"5149300000","minAptNPC":"504219456","maxAptNPC":"840365760","reward":"[102,34,0,0]"},{"id":"165","minFanNPC":"3497330000","maxFanNPC":"5887910000","minAptNPC":"570764256","maxAptNPC":"960906912","reward":"[102,35,0,0]"},{"id":"166","minFanNPC":"4100800000","maxFanNPC":"6971360000","minAptNPC":"669250560","maxAptNPC":"1137725952","reward":"[102,31,0,0]"},{"id":"167","minFanNPC":"4812615000","maxFanNPC":"8258685000","minAptNPC":"785418768","maxAptNPC":"1347817392","reward":"[102,32,0,0]"},{"id":"168","minFanNPC":"5731800000","maxFanNPC":"9925800000","minAptNPC":"935429760","maxAptNPC":"1619890560","reward":"[102,33,0,0]"},{"id":"169","minFanNPC":"6768650000","maxFanNPC":"11906300000","minAptNPC":"1104643680","maxAptNPC":"1943108160","reward":"[102,34,0,0]"},{"id":"170","minFanNPC":"8220240000","maxFanNPC":"14679000000","minAptNPC":"1341543168","maxAptNPC":"2395612800","reward":"[102,35,0,0]"},{"id":"171","minFanNPC":"3421275000","maxFanNPC":"5702125000","minAptNPC":"558352080","maxAptNPC":"930586800","reward":"[102,31,0,0]"},{"id":"172","minFanNPC":"3853694000","maxFanNPC":"6389019000","minAptNPC":"628922860","maxAptNPC":"1042687900","reward":"[102,32,0,0]"},{"id":"173","minFanNPC":"4354350000","maxFanNPC":"7238400000","minAptNPC":"710629920","maxAptNPC":"1181306880","reward":"[102,33,0,0]"},{"id":"174","minFanNPC":"4999020000","maxFanNPC":"8331700000","minAptNPC":"815840064","maxAptNPC":"1359733440","reward":"[102,34,0,0]"},{"id":"175","minFanNPC":"5658770000","maxFanNPC":"9526790000","minAptNPC":"923511264","maxAptNPC":"1554772128","reward":"[102,35,0,0]"},{"id":"176","minFanNPC":"6635200000","maxFanNPC":"11279840000","minAptNPC":"1082864640","maxAptNPC":"1840869888","reward":"[102,31,0,0]"},{"id":"177","minFanNPC":"7786935000","maxFanNPC":"13362765000","minAptNPC":"1270827792","maxAptNPC":"2180803248","reward":"[102,32,0,0]"},{"id":"178","minFanNPC":"9274200000","maxFanNPC":"16060200000","minAptNPC":"1513549440","maxAptNPC":"2621024640","reward":"[102,33,0,0]"},{"id":"179","minFanNPC":"10951850000","maxFanNPC":"19264700000","minAptNPC":"1787341920","maxAptNPC":"3143999040","reward":"[102,34,0,0]"},{"id":"180","minFanNPC":"13300560000","maxFanNPC":"23751000000","minAptNPC":"2170651392","maxAptNPC":"3876163200","reward":"[102,35,0,0]"},{"id":"181","minFanNPC":"5535750000","maxFanNPC":"9226250000","minAptNPC":"903434400","maxAptNPC":"1505724000","reward":"[102,31,0,0]"},{"id":"182","minFanNPC":"6235420000","maxFanNPC":"10337670000","minAptNPC":"1017620544","maxAptNPC":"1687107744","reward":"[102,32,0,0]"},{"id":"183","minFanNPC":"7045500000","maxFanNPC":"11712000000","minAptNPC":"1149825600","maxAptNPC":"1911398400","reward":"[102,33,0,0]"},{"id":"184","minFanNPC":"8088600000","maxFanNPC":"13481000000","minAptNPC":"1320059520","maxAptNPC":"2200099200","reward":"[102,34,0,0]"},{"id":"185","minFanNPC":"9156100000","maxFanNPC":"15414700000","minAptNPC":"1494275520","maxAptNPC":"2515679040","reward":"[102,35,0,0]"},{"id":"186","minFanNPC":"10736000000","maxFanNPC":"18251200000","minAptNPC":"1752115200","maxAptNPC":"2978595840","reward":"[102,31,0,0]"},{"id":"187","minFanNPC":"12599550000","maxFanNPC":"21621450000","minAptNPC":"2056246560","maxAptNPC":"3528620640","reward":"[102,32,0,0]"},{"id":"188","minFanNPC":"15006000000","maxFanNPC":"25986000000","minAptNPC":"2448979200","maxAptNPC":"4240915200","reward":"[102,33,0,0]"},{"id":"189","minFanNPC":"17720500000","maxFanNPC":"31171000000","minAptNPC":"2891985600","maxAptNPC":"5087107200","reward":"[102,34,0,0]"},{"id":"190","minFanNPC":"21520800000","maxFanNPC":"38430000000","minAptNPC":"3512194560","maxAptNPC":"6271776000","reward":"[102,35,0,0]"},{"id":"191","minFanNPC":"8957025000","maxFanNPC":"14928375000","minAptNPC":"1461786480","maxAptNPC":"2436310800","reward":"[102,31,0,0]"},{"id":"192","minFanNPC":"10089114000","maxFanNPC":"16726689000","minAptNPC":"1646543404","maxAptNPC":"2729795644","reward":"[102,32,0,0]"},{"id":"193","minFanNPC":"11399850000","maxFanNPC":"18950400000","minAptNPC":"1860455520","maxAptNPC":"3092705280","reward":"[102,33,0,0]"},{"id":"194","minFanNPC":"13087620000","maxFanNPC":"21812700000","minAptNPC":"2135899584","maxAptNPC":"3559832640","reward":"[102,34,0,0]"},{"id":"195","minFanNPC":"14814870000","maxFanNPC":"24941490000","minAptNPC":"2417786784","maxAptNPC":"4070451168","reward":"[102,35,0,0]"},{"id":"196","minFanNPC":"17371200000","maxFanNPC":"29531040000","minAptNPC":"2834979840","maxAptNPC":"4819465728","reward":"[102,31,0,0]"},{"id":"197","minFanNPC":"20386485000","maxFanNPC":"34984215000","minAptNPC":"3327074352","maxAptNPC":"5709423888","reward":"[102,32,0,0]"},{"id":"198","minFanNPC":"24280200000","maxFanNPC":"42046200000","minAptNPC":"3962528640","maxAptNPC":"6861939840","reward":"[102,33,0,0]"},{"id":"199","minFanNPC":"28672350000","maxFanNPC":"50435700000","minAptNPC":"4679327520","maxAptNPC":"8231106240","reward":"[102,34,0,0]"},{"id":"200","minFanNPC":"34821360000","maxFanNPC":"62181000000","minAptNPC":"5682845952","maxAptNPC":"10147939200","reward":"[102,35,0,0]"}]