[{"id":"1","specialityID":"2","level_200":"300","level_300":"450","level_350":"600","level_400":"900","level_500":"1500"},{"id":"2","specialityID":"2","level_200":"600","level_300":"900","level_350":"1200","level_400":"1800","level_500":"3000"},{"id":"3","specialityID":"2","level_200":"200","level_300":"300","level_350":"400","level_400":"600","level_500":"1000"},{"id":"4","specialityID":"2","level_200":"200","level_300":"300","level_350":"400","level_400":"600","level_500":"1000"},{"id":"5","specialityID":"2","level_200":"400","level_300":"600","level_350":"800","level_400":"1200","level_500":"2000"},{"id":"6","specialityID":"2","level_200":"700","level_300":"1050","level_350":"1400","level_400":"2100","level_500":"3500"},{"id":"7","specialityID":"2","level_200":"300","level_300":"450","level_350":"600","level_400":"900","level_500":"1500"},{"id":"8","specialityID":"2","level_200":"200","level_300":"300","level_350":"400","level_400":"600","level_500":"1000"},{"id":"9","specialityID":"2","level_200":"500","level_300":"750","level_350":"1000","level_400":"1500","level_500":"2500"},{"id":"10","specialityID":"2","level_200":"800","level_300":"1200","level_350":"1600","level_400":"2400","level_500":"4000"},{"id":"11","specialityID":"2","level_200":"300","level_300":"450","level_350":"600","level_400":"900","level_500":"1500"},{"id":"12","specialityID":"2","level_200":"300","level_300":"450","level_350":"600","level_400":"900","level_500":"1500"},{"id":"13","specialityID":"2","level_200":"500","level_300":"750","level_350":"1000","level_400":"1500","level_500":"2500"},{"id":"14","specialityID":"2","level_200":"900","level_300":"1350","level_350":"1800","level_400":"2700","level_500":"4500"},{"id":"15","specialityID":"2","level_200":"300","level_300":"450","level_350":"600","level_400":"900","level_500":"1500"},{"id":"16","specialityID":"2","level_200":"300","level_300":"450","level_350":"600","level_400":"900","level_500":"1500"},{"id":"17","specialityID":"2","level_200":"500","level_300":"750","level_350":"1000","level_400":"1500","level_500":"2500"},{"id":"18","specialityID":"2","level_200":"800","level_300":"1200","level_350":"1600","level_400":"2400","level_500":"4000"},{"id":"19","specialityID":"2","level_200":"400","level_300":"600","level_350":"800","level_400":"1200","level_500":"2000"},{"id":"20","specialityID":"2","level_200":"400","level_300":"600","level_350":"800","level_400":"1200","level_500":"2000"},{"id":"21","specialityID":"2","level_200":"600","level_300":"900","level_350":"1200","level_400":"1800","level_500":"3000"},{"id":"22","specialityID":"2","level_200":"1000","level_300":"1500","level_350":"2000","level_400":"3000","level_500":"5000"},{"id":"23","specialityID":"2","level_200":"400","level_300":"600","level_350":"800","level_400":"1200","level_500":"2000"},{"id":"24","specialityID":"2","level_200":"400","level_300":"600","level_350":"800","level_400":"1200","level_500":"2000"},{"id":"25","specialityID":"2","level_200":"700","level_300":"1050","level_350":"1400","level_400":"2100","level_500":"3500"},{"id":"26","specialityID":"2","level_200":"1200","level_300":"1800","level_350":"2400","level_400":"3600","level_500":"6000"},{"id":"27","specialityID":"2","level_200":"400","level_300":"600","level_350":"800","level_400":"1200","level_500":"2000"},{"id":"28","specialityID":"2","level_200":"500","level_300":"750","level_350":"1000","level_400":"1500","level_500":"2500"},{"id":"29","specialityID":"2","level_200":"800","level_300":"1200","level_350":"1600","level_400":"2400","level_500":"4000"},{"id":"30","specialityID":"2","level_200":"900","level_300":"1350","level_350":"1800","level_400":"2700","level_500":"4500"},{"id":"31","specialityID":"2","level_200":"500","level_300":"750","level_350":"1000","level_400":"1500","level_500":"2500"},{"id":"32","specialityID":"2","level_200":"1700","level_300":"2550","level_350":"3400","level_400":"5100","level_500":"8500"},{"id":"33","specialityID":"2","level_200":"500","level_300":"750","level_350":"1000","level_400":"1500","level_500":"2500"},{"id":"34","specialityID":"2","level_200":"1200","level_300":"1800","level_350":"2400","level_400":"3600","level_500":"6000"},{"id":"35","specialityID":"2","level_200":"700","level_300":"1050","level_350":"1400","level_400":"2100","level_500":"3500"},{"id":"36","specialityID":"2","level_200":"3200","level_300":"4800","level_350":"6400","level_400":"9600","level_500":"16000"},{"id":"37","specialityID":"2","level_200":"1000","level_300":"1500","level_350":"2000","level_400":"3000","level_500":"5000"},{"id":"38","specialityID":"2","level_200":"2500","level_300":"3750","level_350":"5000","level_400":"7500","level_500":"12500"},{"id":"39","specialityID":"2","level_200":"1200","level_300":"1800","level_350":"2400","level_400":"3600","level_500":"6000"},{"id":"40","specialityID":"2","level_200":"8000","level_300":"12000","level_350":"16000","level_400":"24000","level_500":"40000"},{"id":"41","specialityID":"2","level_200":"1800","level_300":"2700","level_350":"3600","level_400":"5400","level_500":"9000"},{"id":"42","specialityID":"2","level_200":"5000","level_300":"7500","level_350":"10000","level_400":"15000","level_500":"25000"},{"id":"43","specialityID":"2","level_200":"100","level_300":"150","level_350":"200","level_400":"300","level_500":"500"},{"id":"44","specialityID":"2","level_200":"500","level_300":"750","level_350":"1000","level_400":"1500","level_500":"2500"},{"id":"45","specialityID":"2","level_200":"200","level_300":"300","level_350":"400","level_400":"600","level_500":"1000"},{"id":"46","specialityID":"2","level_200":"400","level_300":"600","level_350":"800","level_400":"1200","level_500":"2000"},{"id":"47","specialityID":"2","level_200":"400","level_300":"600","level_350":"800","level_400":"1200","level_500":"2000"},{"id":"48","specialityID":"2","level_200":"600","level_300":"900","level_350":"1200","level_400":"1800","level_500":"3000"},{"id":"49","specialityID":"2","level_200":"700","level_300":"1050","level_350":"1400","level_400":"2100","level_500":"3500"},{"id":"50","specialityID":"2","level_200":"600","level_300":"900","level_350":"1200","level_400":"1800","level_500":"3000"},{"id":"51","specialityID":"2","level_200":"700","level_300":"1050","level_350":"1400","level_400":"2100","level_500":"3500"},{"id":"52","specialityID":"2","level_200":"700","level_300":"1050","level_350":"1400","level_400":"2100","level_500":"3500"},{"id":"53","specialityID":"2","level_200":"800","level_300":"1200","level_350":"1600","level_400":"2400","level_500":"4000"},{"id":"54","specialityID":"2","level_200":"900","level_300":"1350","level_350":"1800","level_400":"2250","level_500":"2700"},{"id":"55","specialityID":"2","level_200":"1500","level_300":"2250","level_350":"3000","level_400":"3750","level_500":"4500"},{"id":"56","specialityID":"2","level_200":"1500","level_300":"2250","level_350":"3000","level_400":"3750","level_500":"4500"},{"id":"57","specialityID":"2","level_200":"1500","level_300":"2250","level_350":"3000","level_400":"3750","level_500":"4500"},{"id":"58","specialityID":"2","level_200":"1500","level_300":"2250","level_350":"3000","level_400":"3750","level_500":"4500"},{"id":"59","specialityID":"2","level_200":"1500","level_300":"2250","level_350":"3000","level_400":"3750","level_500":"4500"},{"id":"60","specialityID":"2","level_200":"200","level_300":"300","level_350":"400","level_400":"500","level_500":"600"},{"id":"61","specialityID":"2","level_200":"500","level_300":"750","level_350":"1000","level_400":"1250","level_500":"1500"},{"id":"62","specialityID":"2","level_200":"100","level_300":"150","level_350":"200","level_400":"250","level_500":"300"},{"id":"63","specialityID":"2","level_200":"600","level_300":"900","level_350":"1200","level_400":"1500","level_500":"1800"},{"id":"64","specialityID":"2","level_200":"300","level_300":"450","level_350":"600","level_400":"750","level_500":"900"},{"id":"1","specialityID":"3","level_200":"300","level_300":"450","level_350":"600","level_400":"900","level_500":"1500"},{"id":"2","specialityID":"3","level_200":"200","level_300":"300","level_350":"400","level_400":"600","level_500":"1000"},{"id":"3","specialityID":"3","level_200":"600","level_300":"900","level_350":"1200","level_400":"1800","level_500":"3000"},{"id":"4","specialityID":"3","level_200":"200","level_300":"300","level_350":"400","level_400":"600","level_500":"1000"},{"id":"5","specialityID":"3","level_200":"400","level_300":"600","level_350":"800","level_400":"1200","level_500":"2000"},{"id":"6","specialityID":"3","level_200":"300","level_300":"450","level_350":"600","level_400":"900","level_500":"1500"},{"id":"7","specialityID":"3","level_200":"700","level_300":"1050","level_350":"1400","level_400":"2100","level_500":"3500"},{"id":"8","specialityID":"3","level_200":"300","level_300":"450","level_350":"600","level_400":"900","level_500":"1500"},{"id":"9","specialityID":"3","level_200":"500","level_300":"750","level_350":"1000","level_400":"1500","level_500":"2500"},{"id":"10","specialityID":"3","level_200":"300","level_300":"450","level_350":"600","level_400":"900","level_500":"1500"},{"id":"11","specialityID":"3","level_200":"800","level_300":"1200","level_350":"1600","level_400":"2400","level_500":"4000"},{"id":"12","specialityID":"3","level_200":"300","level_300":"450","level_350":"600","level_400":"900","level_500":"1500"},{"id":"13","specialityID":"3","level_200":"500","level_300":"750","level_350":"1000","level_400":"1500","level_500":"2500"},{"id":"14","specialityID":"3","level_200":"300","level_300":"450","level_350":"600","level_400":"900","level_500":"1500"},{"id":"15","specialityID":"3","level_200":"900","level_300":"1350","level_350":"1800","level_400":"2700","level_500":"4500"},{"id":"16","specialityID":"3","level_200":"300","level_300":"450","level_350":"600","level_400":"900","level_500":"1500"},{"id":"17","specialityID":"3","level_200":"600","level_300":"900","level_350":"1200","level_400":"1800","level_500":"3000"},{"id":"18","specialityID":"3","level_200":"400","level_300":"600","level_350":"800","level_400":"1200","level_500":"2000"},{"id":"19","specialityID":"3","level_200":"800","level_300":"1200","level_350":"1600","level_400":"2400","level_500":"4000"},{"id":"20","specialityID":"3","level_200":"400","level_300":"600","level_350":"800","level_400":"1200","level_500":"2000"},{"id":"21","specialityID":"3","level_200":"600","level_300":"900","level_350":"1200","level_400":"1800","level_500":"3000"},{"id":"22","specialityID":"3","level_200":"400","level_300":"600","level_350":"800","level_400":"1200","level_500":"2000"},{"id":"23","specialityID":"3","level_200":"1000","level_300":"1500","level_350":"2000","level_400":"3000","level_500":"5000"},{"id":"24","specialityID":"3","level_200":"400","level_300":"600","level_350":"800","level_400":"1200","level_500":"2000"},{"id":"25","specialityID":"3","level_200":"700","level_300":"1050","level_350":"1400","level_400":"2100","level_500":"3500"},{"id":"26","specialityID":"3","level_200":"500","level_300":"750","level_350":"1000","level_400":"1500","level_500":"2500"},{"id":"27","specialityID":"3","level_200":"1200","level_300":"1800","level_350":"2400","level_400":"3600","level_500":"6000"},{"id":"28","specialityID":"3","level_200":"400","level_300":"600","level_350":"800","level_400":"1200","level_500":"2000"},{"id":"29","specialityID":"3","level_200":"900","level_300":"1350","level_350":"1800","level_400":"2700","level_500":"4500"},{"id":"30","specialityID":"3","level_200":"900","level_300":"1350","level_350":"1800","level_400":"2700","level_500":"4500"},{"id":"31","specialityID":"3","level_200":"1700","level_300":"2550","level_350":"3400","level_400":"5100","level_500":"8500"},{"id":"32","specialityID":"3","level_200":"500","level_300":"750","level_350":"1000","level_400":"1500","level_500":"2500"},{"id":"33","specialityID":"3","level_200":"500","level_300":"750","level_350":"1000","level_400":"1500","level_500":"2500"},{"id":"34","specialityID":"3","level_200":"1200","level_300":"1800","level_350":"2400","level_400":"3600","level_500":"6000"},{"id":"35","specialityID":"3","level_200":"2800","level_300":"4200","level_350":"5600","level_400":"8400","level_500":"14000"},{"id":"36","specialityID":"3","level_200":"800","level_300":"1200","level_350":"1600","level_400":"2400","level_500":"4000"},{"id":"37","specialityID":"3","level_200":"1000","level_300":"1500","level_350":"2000","level_400":"3000","level_500":"5000"},{"id":"38","specialityID":"3","level_200":"2500","level_300":"3750","level_350":"5000","level_400":"7500","level_500":"12500"},{"id":"39","specialityID":"3","level_200":"6800","level_300":"10200","level_350":"13600","level_400":"20400","level_500":"34000"},{"id":"40","specialityID":"3","level_200":"1500","level_300":"2250","level_350":"3000","level_400":"4500","level_500":"7500"},{"id":"41","specialityID":"3","level_200":"9400","level_300":"14100","level_350":"18800","level_400":"28200","level_500":"47000"},{"id":"42","specialityID":"3","level_200":"5000","level_300":"7500","level_350":"10000","level_400":"15000","level_500":"25000"},{"id":"43","specialityID":"3","level_200":"1500","level_300":"2250","level_350":"3000","level_400":"4500","level_500":"7500"},{"id":"44","specialityID":"3","level_200":"1500","level_300":"2250","level_350":"3000","level_400":"4500","level_500":"7500"},{"id":"45","specialityID":"3","level_200":"1500","level_300":"2250","level_350":"3000","level_400":"4500","level_500":"7500"},{"id":"46","specialityID":"3","level_200":"1500","level_300":"2250","level_350":"3000","level_400":"4500","level_500":"7500"},{"id":"47","specialityID":"3","level_200":"1500","level_300":"2250","level_350":"3000","level_400":"4500","level_500":"7500"},{"id":"48","specialityID":"3","level_200":"700","level_300":"1050","level_350":"1400","level_400":"2100","level_500":"3500"},{"id":"49","specialityID":"3","level_200":"600","level_300":"900","level_350":"1200","level_400":"1800","level_500":"3000"},{"id":"50","specialityID":"3","level_200":"600","level_300":"900","level_350":"1200","level_400":"1800","level_500":"3000"},{"id":"51","specialityID":"3","level_200":"600","level_300":"900","level_350":"1200","level_400":"1800","level_500":"3000"},{"id":"52","specialityID":"3","level_200":"600","level_300":"900","level_350":"1200","level_400":"1800","level_500":"3000"},{"id":"53","specialityID":"3","level_200":"800","level_300":"1200","level_350":"1600","level_400":"2400","level_500":"4000"},{"id":"54","specialityID":"3","level_200":"900","level_300":"1350","level_350":"1800","level_400":"2250","level_500":"2700"},{"id":"55","specialityID":"3","level_200":"600","level_300":"900","level_350":"1200","level_400":"1500","level_500":"1800"},{"id":"56","specialityID":"3","level_200":"400","level_300":"600","level_350":"800","level_400":"1000","level_500":"1200"},{"id":"57","specialityID":"3","level_200":"700","level_300":"1050","level_350":"1400","level_400":"1750","level_500":"2100"},{"id":"58","specialityID":"3","level_200":"300","level_300":"450","level_350":"600","level_400":"750","level_500":"900"},{"id":"59","specialityID":"3","level_200":"500","level_300":"750","level_350":"1000","level_400":"1250","level_500":"1500"},{"id":"60","specialityID":"3","level_200":"500","level_300":"750","level_350":"1000","level_400":"1250","level_500":"1500"},{"id":"61","specialityID":"3","level_200":"200","level_300":"300","level_350":"400","level_400":"500","level_500":"600"},{"id":"62","specialityID":"3","level_200":"600","level_300":"900","level_350":"1200","level_400":"1500","level_500":"1800"},{"id":"63","specialityID":"3","level_200":"100","level_300":"150","level_350":"200","level_400":"250","level_500":"300"},{"id":"64","specialityID":"3","level_200":"400","level_300":"600","level_350":"800","level_400":"1000","level_500":"1200"},{"id":"1","specialityID":"4","level_200":"300","level_300":"450","level_350":"600","level_400":"900","level_500":"1500"},{"id":"2","specialityID":"4","level_200":"200","level_300":"300","level_350":"400","level_400":"600","level_500":"1000"},{"id":"3","specialityID":"4","level_200":"200","level_300":"300","level_350":"400","level_400":"600","level_500":"1000"},{"id":"4","specialityID":"4","level_200":"600","level_300":"900","level_350":"1200","level_400":"1800","level_500":"3000"},{"id":"5","specialityID":"4","level_200":"400","level_300":"600","level_350":"800","level_400":"1200","level_500":"2000"},{"id":"6","specialityID":"4","level_200":"200","level_300":"300","level_350":"400","level_400":"600","level_500":"1000"},{"id":"7","specialityID":"4","level_200":"200","level_300":"300","level_350":"400","level_400":"600","level_500":"1000"},{"id":"8","specialityID":"4","level_200":"700","level_300":"1050","level_350":"1400","level_400":"2100","level_500":"3500"},{"id":"9","specialityID":"4","level_200":"400","level_300":"600","level_350":"800","level_400":"1200","level_500":"2000"},{"id":"10","specialityID":"4","level_200":"300","level_300":"450","level_350":"600","level_400":"900","level_500":"1500"},{"id":"11","specialityID":"4","level_200":"300","level_300":"450","level_350":"600","level_400":"900","level_500":"1500"},{"id":"12","specialityID":"4","level_200":"800","level_300":"1200","level_350":"1600","level_400":"2400","level_500":"4000"},{"id":"13","specialityID":"4","level_200":"500","level_300":"750","level_350":"1000","level_400":"1500","level_500":"2500"},{"id":"14","specialityID":"4","level_200":"300","level_300":"450","level_350":"600","level_400":"900","level_500":"1500"},{"id":"15","specialityID":"4","level_200":"300","level_300":"450","level_350":"600","level_400":"900","level_500":"1500"},{"id":"16","specialityID":"4","level_200":"900","level_300":"1350","level_350":"1800","level_400":"2700","level_500":"4500"},{"id":"17","specialityID":"4","level_200":"500","level_300":"750","level_350":"1000","level_400":"1500","level_500":"2500"},{"id":"18","specialityID":"4","level_200":"400","level_300":"600","level_350":"800","level_400":"1200","level_500":"2000"},{"id":"19","specialityID":"4","level_200":"400","level_300":"600","level_350":"800","level_400":"1200","level_500":"2000"},{"id":"20","specialityID":"4","level_200":"800","level_300":"1200","level_350":"1600","level_400":"2400","level_500":"4000"},{"id":"21","specialityID":"4","level_200":"600","level_300":"900","level_350":"1200","level_400":"1800","level_500":"3000"},{"id":"22","specialityID":"4","level_200":"400","level_300":"600","level_350":"800","level_400":"1200","level_500":"2000"},{"id":"23","specialityID":"4","level_200":"400","level_300":"600","level_350":"800","level_400":"1200","level_500":"2000"},{"id":"24","specialityID":"4","level_200":"1000","level_300":"1500","level_350":"2000","level_400":"3000","level_500":"5000"},{"id":"25","specialityID":"4","level_200":"700","level_300":"1050","level_350":"1400","level_400":"2100","level_500":"3500"},{"id":"26","specialityID":"4","level_200":"400","level_300":"600","level_350":"800","level_400":"1200","level_500":"2000"},{"id":"27","specialityID":"4","level_200":"500","level_300":"750","level_350":"1000","level_400":"1500","level_500":"2500"},{"id":"28","specialityID":"4","level_200":"1200","level_300":"1800","level_350":"2400","level_400":"3600","level_500":"6000"},{"id":"29","specialityID":"4","level_200":"800","level_300":"1200","level_350":"1600","level_400":"2400","level_500":"4000"},{"id":"30","specialityID":"4","level_200":"900","level_300":"1350","level_350":"1800","level_400":"2700","level_500":"4500"},{"id":"31","specialityID":"4","level_200":"500","level_300":"750","level_350":"1000","level_400":"1500","level_500":"2500"},{"id":"32","specialityID":"4","level_200":"500","level_300":"750","level_350":"1000","level_400":"1500","level_500":"2500"},{"id":"33","specialityID":"4","level_200":"1700","level_300":"2550","level_350":"3400","level_400":"5100","level_500":"8500"},{"id":"34","specialityID":"4","level_200":"1200","level_300":"1800","level_350":"2400","level_400":"3600","level_500":"6000"},{"id":"35","specialityID":"4","level_200":"700","level_300":"1050","level_350":"1400","level_400":"2100","level_500":"3500"},{"id":"36","specialityID":"4","level_200":"800","level_300":"1200","level_350":"1600","level_400":"2400","level_500":"4000"},{"id":"37","specialityID":"4","level_200":"3800","level_300":"5700","level_350":"7600","level_400":"11400","level_500":"19000"},{"id":"38","specialityID":"4","level_200":"2500","level_300":"3750","level_350":"5000","level_400":"7500","level_500":"12500"},{"id":"39","specialityID":"4","level_200":"1200","level_300":"1800","level_350":"2400","level_400":"3600","level_500":"6000"},{"id":"40","specialityID":"4","level_200":"1500","level_300":"2250","level_350":"3000","level_400":"4500","level_500":"7500"},{"id":"41","specialityID":"4","level_200":"1800","level_300":"2700","level_350":"3600","level_400":"5400","level_500":"9000"},{"id":"42","specialityID":"4","level_200":"5000","level_300":"7500","level_350":"10000","level_400":"15000","level_500":"25000"},{"id":"43","specialityID":"4","level_200":"500","level_300":"750","level_350":"1000","level_400":"1500","level_500":"2500"},{"id":"44","specialityID":"4","level_200":"100","level_300":"150","level_350":"200","level_400":"300","level_500":"500"},{"id":"45","specialityID":"4","level_200":"400","level_300":"600","level_350":"800","level_400":"1200","level_500":"2000"},{"id":"46","specialityID":"4","level_200":"200","level_300":"300","level_350":"400","level_400":"600","level_500":"1000"},{"id":"47","specialityID":"4","level_200":"200","level_300":"300","level_350":"400","level_400":"600","level_500":"1000"},{"id":"48","specialityID":"4","level_200":"600","level_300":"900","level_350":"1200","level_400":"1800","level_500":"3000"},{"id":"49","specialityID":"4","level_200":"600","level_300":"900","level_350":"1200","level_400":"1800","level_500":"3000"},{"id":"50","specialityID":"4","level_200":"700","level_300":"1050","level_350":"1400","level_400":"2100","level_500":"3500"},{"id":"51","specialityID":"4","level_200":"600","level_300":"900","level_350":"1200","level_400":"1800","level_500":"3000"},{"id":"52","specialityID":"4","level_200":"600","level_300":"900","level_350":"1200","level_400":"1800","level_500":"3000"},{"id":"53","specialityID":"4","level_200":"800","level_300":"1200","level_350":"1600","level_400":"2400","level_500":"4000"},{"id":"54","specialityID":"4","level_200":"900","level_300":"1350","level_350":"1800","level_400":"2250","level_500":"2700"},{"id":"55","specialityID":"4","level_200":"400","level_300":"600","level_350":"800","level_400":"1000","level_500":"1200"},{"id":"56","specialityID":"4","level_200":"600","level_300":"900","level_350":"1200","level_400":"1500","level_500":"1800"},{"id":"57","specialityID":"4","level_200":"300","level_300":"450","level_350":"600","level_400":"750","level_500":"900"},{"id":"58","specialityID":"4","level_200":"700","level_300":"1050","level_350":"1400","level_400":"1750","level_500":"2100"},{"id":"59","specialityID":"4","level_200":"500","level_300":"750","level_350":"1000","level_400":"1250","level_500":"1500"},{"id":"60","specialityID":"4","level_200":"1500","level_300":"2250","level_350":"3000","level_400":"3750","level_500":"4500"},{"id":"61","specialityID":"4","level_200":"1500","level_300":"2250","level_350":"3000","level_400":"3750","level_500":"4500"},{"id":"62","specialityID":"4","level_200":"1500","level_300":"2250","level_350":"3000","level_400":"3750","level_500":"4500"},{"id":"63","specialityID":"4","level_200":"1500","level_300":"2250","level_350":"3000","level_400":"3750","level_500":"4500"},{"id":"64","specialityID":"4","level_200":"1500","level_300":"2250","level_350":"3000","level_400":"3750","level_500":"4500"}]