[{"honorID":"1","name":"Trống","maxServantLV":"100","maxBookLV":"50","needFormat":"[]","rewardFormat":"[21,5,200,0]"},{"honorID":"2","name":"Idol mới","maxServantLV":"150","maxBookLV":"100","needFormat":"[[100,70,1,0],[100,71,1,0],[100,72,1,0]]","rewardFormat":"[21,5,400,0]"},{"honorID":"3","name":"Idol Triển Vọng","maxServantLV":"200","maxBookLV":"150","needFormat":"[[100,73,1,0],[100,74,1,0],[100,75,1,0]]","rewardFormat":"[21,5,600,0]"},{"honorID":"4","name":"Idol Nổi Bật","maxServantLV":"250","maxBookLV":"200","needFormat":"[[100,76,1,0],[100,77,1,0],[100,78,1,0]]","rewardFormat":"[21,5,1000,0]"},{"honorID":"5","name":"Idol Đột Phá","maxServantLV":"300","maxBookLV":"250","needFormat":"[[100,79,1,0],[100,80,1,0],[100,81,1,0]]","rewardFormat":"[21,5,2000,0]"},{"honorID":"6","name":"Idol Ấn Tượng","maxServantLV":"350","maxBookLV":"300","needFormat":"[[100,82,1,0],[100,83,1,0],[100,84,1,0]]","rewardFormat":"[21,5,3000,0]"},{"honorID":"7","name":"Idol Cống Hiến","maxServantLV":"400","maxBookLV":"350","needFormat":"[[100,85,1,0],[100,86,1,0],[100,87,1,0]]","rewardFormat":"[21,5,4000,0]"},{"honorID":"8","name":"Idol Xuất Sắc","maxServantLV":"500","maxBookLV":"700","needFormat":"[[100,88,1,0],[100,89,1,0],[100,90,1,0]]","rewardFormat":"[21,5,0,0]"}]