[{"lv":"1","exp":"0"},{"lv":"2","exp":"100"},{"lv":"3","exp":"159"},{"lv":"4","exp":"228"},{"lv":"5","exp":"310"},{"lv":"6","exp":"408"},{"lv":"7","exp":"525"},{"lv":"8","exp":"664"},{"lv":"9","exp":"828"},{"lv":"10","exp":"1020"},{"lv":"11","exp":"1243"},{"lv":"12","exp":"1500"},{"lv":"13","exp":"1794"},{"lv":"14","exp":"2128"},{"lv":"15","exp":"2505"},{"lv":"16","exp":"2928"},{"lv":"17","exp":"3400"},{"lv":"18","exp":"3924"},{"lv":"19","exp":"4503"},{"lv":"20","exp":"5140"},{"lv":"21","exp":"5838"},{"lv":"22","exp":"6600"},{"lv":"23","exp":"7429"},{"lv":"24","exp":"8328"},{"lv":"25","exp":"9300"},{"lv":"26","exp":"10348"},{"lv":"27","exp":"11475"},{"lv":"28","exp":"12684"},{"lv":"29","exp":"13978"},{"lv":"30","exp":"15360"},{"lv":"31","exp":"16833"},{"lv":"32","exp":"18400"},{"lv":"33","exp":"20064"},{"lv":"34","exp":"21828"},{"lv":"35","exp":"23695"},{"lv":"36","exp":"25668"},{"lv":"37","exp":"27750"},{"lv":"38","exp":"29944"},{"lv":"39","exp":"32253"},{"lv":"40","exp":"34680"},{"lv":"41","exp":"37228"},{"lv":"42","exp":"39900"},{"lv":"43","exp":"42699"},{"lv":"44","exp":"45628"},{"lv":"45","exp":"48690"},{"lv":"46","exp":"51888"},{"lv":"47","exp":"55225"},{"lv":"48","exp":"58704"},{"lv":"49","exp":"62328"},{"lv":"50","exp":"66100"},{"lv":"51","exp":"70023"},{"lv":"52","exp":"74100"},{"lv":"53","exp":"78334"},{"lv":"54","exp":"82728"},{"lv":"55","exp":"87285"},{"lv":"56","exp":"92008"},{"lv":"57","exp":"96900"},{"lv":"58","exp":"101964"},{"lv":"59","exp":"107203"},{"lv":"60","exp":"112620"},{"lv":"61","exp":"118218"},{"lv":"62","exp":"124000"},{"lv":"63","exp":"129969"},{"lv":"64","exp":"136128"},{"lv":"65","exp":"142480"},{"lv":"66","exp":"149028"},{"lv":"67","exp":"155775"},{"lv":"68","exp":"162724"},{"lv":"69","exp":"169878"},{"lv":"70","exp":"177240"},{"lv":"71","exp":"184813"},{"lv":"72","exp":"192600"},{"lv":"73","exp":"200604"},{"lv":"74","exp":"208828"},{"lv":"75","exp":"217275"},{"lv":"76","exp":"225948"},{"lv":"77","exp":"234850"},{"lv":"78","exp":"243984"},{"lv":"79","exp":"253353"},{"lv":"80","exp":"262960"},{"lv":"81","exp":"272808"},{"lv":"82","exp":"282900"},{"lv":"83","exp":"293239"},{"lv":"84","exp":"303828"},{"lv":"85","exp":"314670"},{"lv":"86","exp":"325768"},{"lv":"87","exp":"337125"},{"lv":"88","exp":"348744"},{"lv":"89","exp":"360628"},{"lv":"90","exp":"372780"},{"lv":"91","exp":"385203"},{"lv":"92","exp":"397900"},{"lv":"93","exp":"410874"},{"lv":"94","exp":"424128"},{"lv":"95","exp":"437665"},{"lv":"96","exp":"451488"},{"lv":"97","exp":"465600"},{"lv":"98","exp":"480004"},{"lv":"99","exp":"494703"},{"lv":"100","exp":"509700"},{"lv":"101","exp":"524998"},{"lv":"102","exp":"540600"},{"lv":"103","exp":"556509"},{"lv":"104","exp":"572728"},{"lv":"105","exp":"589260"},{"lv":"106","exp":"606108"},{"lv":"107","exp":"623275"},{"lv":"108","exp":"640764"},{"lv":"109","exp":"658578"},{"lv":"110","exp":"676720"},{"lv":"111","exp":"695193"},{"lv":"112","exp":"714000"},{"lv":"113","exp":"733144"},{"lv":"114","exp":"752628"},{"lv":"115","exp":"772455"},{"lv":"116","exp":"792628"},{"lv":"117","exp":"813150"},{"lv":"118","exp":"834024"},{"lv":"119","exp":"855253"},{"lv":"120","exp":"876840"},{"lv":"121","exp":"898788"},{"lv":"122","exp":"921100"},{"lv":"123","exp":"943779"},{"lv":"124","exp":"966828"},{"lv":"125","exp":"990250"},{"lv":"126","exp":"1014048"},{"lv":"127","exp":"1038225"},{"lv":"128","exp":"1062784"},{"lv":"129","exp":"1087728"},{"lv":"130","exp":"1113060"},{"lv":"131","exp":"1138783"},{"lv":"132","exp":"1164900"},{"lv":"133","exp":"1191414"},{"lv":"134","exp":"1218328"},{"lv":"135","exp":"1245645"},{"lv":"136","exp":"1273368"},{"lv":"137","exp":"1301500"},{"lv":"138","exp":"1330044"},{"lv":"139","exp":"1359003"},{"lv":"140","exp":"1388380"},{"lv":"141","exp":"1418178"},{"lv":"142","exp":"1448400"},{"lv":"143","exp":"1479049"},{"lv":"144","exp":"1510128"},{"lv":"145","exp":"1541640"},{"lv":"146","exp":"1573588"},{"lv":"147","exp":"1605975"},{"lv":"148","exp":"1638804"},{"lv":"149","exp":"1672078"},{"lv":"150","exp":"1705800"},{"lv":"151","exp":"1739973"},{"lv":"152","exp":"1774600"},{"lv":"153","exp":"1809684"},{"lv":"154","exp":"1845228"},{"lv":"155","exp":"1881235"},{"lv":"156","exp":"1917708"},{"lv":"157","exp":"1954650"},{"lv":"158","exp":"1992064"},{"lv":"159","exp":"2029953"},{"lv":"160","exp":"2068320"},{"lv":"161","exp":"2107168"},{"lv":"162","exp":"2146500"},{"lv":"163","exp":"2186319"},{"lv":"164","exp":"2226628"},{"lv":"165","exp":"2267430"},{"lv":"166","exp":"2308728"},{"lv":"167","exp":"2350525"},{"lv":"168","exp":"2392824"},{"lv":"169","exp":"2435628"},{"lv":"170","exp":"2478940"},{"lv":"171","exp":"2522763"},{"lv":"172","exp":"2567100"},{"lv":"173","exp":"2611954"},{"lv":"174","exp":"2657328"},{"lv":"175","exp":"2703225"},{"lv":"176","exp":"2749648"},{"lv":"177","exp":"2796600"},{"lv":"178","exp":"2844084"},{"lv":"179","exp":"2892103"},{"lv":"180","exp":"2940660"},{"lv":"181","exp":"2989758"},{"lv":"182","exp":"3039400"},{"lv":"183","exp":"3089589"},{"lv":"184","exp":"3140328"},{"lv":"185","exp":"3191620"},{"lv":"186","exp":"3243468"},{"lv":"187","exp":"3295875"},{"lv":"188","exp":"3348844"},{"lv":"189","exp":"3402378"},{"lv":"190","exp":"3456480"},{"lv":"191","exp":"3511153"},{"lv":"192","exp":"3566400"},{"lv":"193","exp":"3622224"},{"lv":"194","exp":"3678628"},{"lv":"195","exp":"3735615"},{"lv":"196","exp":"3793188"},{"lv":"197","exp":"3851350"},{"lv":"198","exp":"3910104"},{"lv":"199","exp":"3969453"},{"lv":"200","exp":"4029400"},{"lv":"201","exp":"4294445"},{"lv":"202","exp":"4566210"},{"lv":"203","exp":"4844788"},{"lv":"204","exp":"5130274"},{"lv":"205","exp":"5422763"},{"lv":"206","exp":"5722350"},{"lv":"207","exp":"6029134"},{"lv":"208","exp":"6343210"},{"lv":"209","exp":"6664676"},{"lv":"210","exp":"6993630"},{"lv":"211","exp":"7330172"},{"lv":"212","exp":"7674400"},{"lv":"213","exp":"8026415"},{"lv":"214","exp":"8386318"},{"lv":"215","exp":"8754209"},{"lv":"216","exp":"9130190"},{"lv":"217","exp":"9514365"},{"lv":"218","exp":"9906836"},{"lv":"219","exp":"10307706"},{"lv":"220","exp":"10717080"},{"lv":"221","exp":"11135063"},{"lv":"222","exp":"11561760"},{"lv":"223","exp":"11997277"},{"lv":"224","exp":"12441722"},{"lv":"225","exp":"12895200"},{"lv":"226","exp":"13357820"},{"lv":"227","exp":"13829691"},{"lv":"228","exp":"14310922"},{"lv":"229","exp":"14801621"},{"lv":"230","exp":"15301900"},{"lv":"231","exp":"15811869"},{"lv":"232","exp":"16331640"},{"lv":"233","exp":"16861325"},{"lv":"234","exp":"17401036"},{"lv":"235","exp":"17950886"},{"lv":"236","exp":"18510990"},{"lv":"237","exp":"19081463"},{"lv":"238","exp":"19662418"},{"lv":"239","exp":"20253971"},{"lv":"240","exp":"20856240"},{"lv":"241","exp":"21469340"},{"lv":"242","exp":"22093390"},{"lv":"243","exp":"22728507"},{"lv":"244","exp":"23374810"},{"lv":"245","exp":"24032418"},{"lv":"246","exp":"24701450"},{"lv":"247","exp":"25382029"},{"lv":"248","exp":"26074274"},{"lv":"249","exp":"26778307"},{"lv":"250","exp":"27494250"},{"lv":"251","exp":"28222227"},{"lv":"252","exp":"28962360"},{"lv":"253","exp":"29714774"},{"lv":"254","exp":"30479594"},{"lv":"255","exp":"31256944"},{"lv":"256","exp":"32046950"},{"lv":"257","exp":"32849740"},{"lv":"258","exp":"33665440"},{"lv":"259","exp":"34494177"},{"lv":"260","exp":"35336080"},{"lv":"261","exp":"36191278"},{"lv":"262","exp":"37059900"},{"lv":"263","exp":"37942076"},{"lv":"264","exp":"38837938"},{"lv":"265","exp":"39747615"},{"lv":"266","exp":"40671240"},{"lv":"267","exp":"41608946"},{"lv":"268","exp":"42560866"},{"lv":"269","exp":"43527132"},{"lv":"270","exp":"44507880"},{"lv":"271","exp":"45503244"},{"lv":"272","exp":"46513360"},{"lv":"273","exp":"47538364"},{"lv":"274","exp":"48578392"},{"lv":"275","exp":"49633581"},{"lv":"276","exp":"50704070"},{"lv":"277","exp":"51789997"},{"lv":"278","exp":"52891502"},{"lv":"279","exp":"54008722"},{"lv":"280","exp":"55141800"},{"lv":"281","exp":"56290875"},{"lv":"282","exp":"57456090"},{"lv":"283","exp":"58637586"},{"lv":"284","exp":"59835506"},{"lv":"285","exp":"61049992"},{"lv":"286","exp":"62281190"},{"lv":"287","exp":"63529244"},{"lv":"288","exp":"64794298"},{"lv":"289","exp":"66076498"},{"lv":"290","exp":"67375990"},{"lv":"291","exp":"68692922"},{"lv":"292","exp":"70027440"},{"lv":"293","exp":"71379693"},{"lv":"294","exp":"72749830"},{"lv":"295","exp":"74137999"},{"lv":"296","exp":"75544350"},{"lv":"297","exp":"76969035"},{"lv":"298","exp":"78412204"},{"lv":"299","exp":"79874008"},{"lv":"300","exp":"81354600"},{"lv":"301","exp":"82854133"},{"lv":"302","exp":"84372760"},{"lv":"303","exp":"85910635"},{"lv":"304","exp":"87467914"},{"lv":"305","exp":"89044750"},{"lv":"306","exp":"90641300"},{"lv":"307","exp":"92257721"},{"lv":"308","exp":"93894170"},{"lv":"309","exp":"95550803"},{"lv":"310","exp":"97227780"},{"lv":"311","exp":"98925259"},{"lv":"312","exp":"100643400"},{"lv":"313","exp":"102382363"},{"lv":"314","exp":"104142308"},{"lv":"315","exp":"105923396"},{"lv":"316","exp":"107725790"},{"lv":"317","exp":"109549653"},{"lv":"318","exp":"111395146"},{"lv":"319","exp":"113262433"},{"lv":"320","exp":"115151680"},{"lv":"321","exp":"117063050"},{"lv":"322","exp":"118996710"},{"lv":"323","exp":"120952825"},{"lv":"324","exp":"122931562"},{"lv":"325","exp":"124933088"},{"lv":"326","exp":"126957570"},{"lv":"327","exp":"129005179"},{"lv":"328","exp":"131076082"},{"lv":"329","exp":"133170449"},{"lv":"330","exp":"135288450"},{"lv":"331","exp":"137430257"},{"lv":"332","exp":"139596040"},{"lv":"333","exp":"141785972"},{"lv":"334","exp":"144000226"},{"lv":"335","exp":"146238974"},{"lv":"336","exp":"148502390"},{"lv":"337","exp":"150790650"},{"lv":"338","exp":"153103928"},{"lv":"339","exp":"155442399"},{"lv":"340","exp":"157806240"},{"lv":"341","exp":"160195628"},{"lv":"342","exp":"162610740"},{"lv":"343","exp":"165051754"},{"lv":"344","exp":"167518850"},{"lv":"345","exp":"170012205"},{"lv":"346","exp":"172532000"},{"lv":"347","exp":"175078416"},{"lv":"348","exp":"177651634"},{"lv":"349","exp":"180251834"},{"lv":"350","exp":"182879200"},{"lv":"351","exp":"195298857"},{"lv":"352","exp":"240741600"},{"lv":"353","exp":"286940992"},{"lv":"354","exp":"333903420"},{"lv":"355","exp":"381635295"},{"lv":"356","exp":"430143052"},{"lv":"357","exp":"479433150"},{"lv":"358","exp":"529512072"},{"lv":"359","exp":"580386325"},{"lv":"360","exp":"632062440"},{"lv":"361","exp":"684546972"},{"lv":"362","exp":"737846500"},{"lv":"363","exp":"791967627"},{"lv":"364","exp":"846916980"},{"lv":"365","exp":"902701210"},{"lv":"366","exp":"959326992"},{"lv":"367","exp":"1016801025"},{"lv":"368","exp":"1075130032"},{"lv":"369","exp":"1134320760"},{"lv":"370","exp":"1194379980"},{"lv":"371","exp":"1255314487"},{"lv":"372","exp":"1317131100"},{"lv":"373","exp":"1379836662"},{"lv":"374","exp":"1443438040"},{"lv":"375","exp":"1507942125"},{"lv":"376","exp":"1573355832"},{"lv":"377","exp":"1639686100"},{"lv":"378","exp":"1706939892"},{"lv":"379","exp":"1775124195"},{"lv":"380","exp":"1844246020"},{"lv":"381","exp":"1914312402"},{"lv":"382","exp":"1985330400"},{"lv":"383","exp":"2057307097"},{"lv":"384","exp":"2130249600"},{"lv":"385","exp":"2204165040"},{"lv":"386","exp":"2279060572"},{"lv":"387","exp":"2354943375"},{"lv":"388","exp":"2431820652"},{"lv":"389","exp":"2509699630"},{"lv":"390","exp":"2588587560"},{"lv":"391","exp":"2668491717"},{"lv":"392","exp":"2749419400"},{"lv":"393","exp":"2831377932"},{"lv":"394","exp":"2914374660"},{"lv":"395","exp":"2998416955"},{"lv":"396","exp":"3083512212"},{"lv":"397","exp":"3169667850"},{"lv":"398","exp":"3256891312"},{"lv":"399","exp":"3345190065"},{"lv":"400","exp":"3434571600"},{"lv":"401","exp":"3557383280"},{"lv":"402","exp":"3681777300"},{"lv":"403","exp":"3807764844"},{"lv":"404","exp":"3935357132"},{"lv":"405","exp":"4064565420"},{"lv":"406","exp":"4195401000"},{"lv":"407","exp":"4327875200"},{"lv":"408","exp":"4461999384"},{"lv":"409","exp":"4597784952"},{"lv":"410","exp":"4735243340"},{"lv":"411","exp":"4874386020"},{"lv":"412","exp":"5015224500"},{"lv":"413","exp":"5157770324"},{"lv":"414","exp":"5302035072"},{"lv":"415","exp":"5448030360"},{"lv":"416","exp":"5595767840"},{"lv":"417","exp":"5745259200"},{"lv":"418","exp":"5896516164"},{"lv":"419","exp":"6049550492"},{"lv":"420","exp":"6204373980"},{"lv":"421","exp":"6360998460"},{"lv":"422","exp":"6519435800"},{"lv":"423","exp":"6679697904"},{"lv":"424","exp":"6841796712"},{"lv":"425","exp":"7005744200"},{"lv":"426","exp":"7171552380"},{"lv":"427","exp":"7339233300"},{"lv":"428","exp":"7508799044"},{"lv":"429","exp":"7680261732"},{"lv":"430","exp":"7853633520"},{"lv":"431","exp":"8028926600"},{"lv":"432","exp":"8206153200"},{"lv":"433","exp":"8385325584"},{"lv":"434","exp":"8566456052"},{"lv":"435","exp":"8749556940"},{"lv":"436","exp":"8934640620"},{"lv":"437","exp":"9121719500"},{"lv":"438","exp":"9310806024"},{"lv":"439","exp":"9501912672"},{"lv":"440","exp":"9695051960"},{"lv":"441","exp":"9890236440"},{"lv":"442","exp":"10087478700"},{"lv":"443","exp":"10286791364"},{"lv":"444","exp":"10488187092"},{"lv":"445","exp":"10691678580"},{"lv":"446","exp":"10897278560"},{"lv":"447","exp":"11104999800"},{"lv":"448","exp":"11314855104"},{"lv":"449","exp":"11526857312"},{"lv":"450","exp":"11741019300"},{"lv":"451","exp":"11957353980"},{"lv":"452","exp":"12175874300"},{"lv":"453","exp":"12396593244"},{"lv":"454","exp":"12619523832"},{"lv":"455","exp":"12844679120"},{"lv":"456","exp":"13072072200"},{"lv":"457","exp":"13301716200"},{"lv":"458","exp":"13533624284"},{"lv":"459","exp":"13767809652"},{"lv":"460","exp":"14004285540"},{"lv":"461","exp":"14243065220"},{"lv":"462","exp":"14484162000"},{"lv":"463","exp":"14727589224"},{"lv":"464","exp":"14973360272"},{"lv":"465","exp":"15221488560"},{"lv":"466","exp":"15471987540"},{"lv":"467","exp":"15724870700"},{"lv":"468","exp":"15980151564"},{"lv":"469","exp":"16237843692"},{"lv":"470","exp":"16497960680"},{"lv":"471","exp":"16760516160"},{"lv":"472","exp":"17025523800"},{"lv":"473","exp":"17292997304"},{"lv":"474","exp":"17562950412"},{"lv":"475","exp":"17835396900"},{"lv":"476","exp":"18110350580"},{"lv":"477","exp":"18387825300"},{"lv":"478","exp":"18667834944"},{"lv":"479","exp":"18950393432"},{"lv":"480","exp":"19235514720"},{"lv":"481","exp":"19523212800"},{"lv":"482","exp":"19813501700"},{"lv":"483","exp":"20106395484"},{"lv":"484","exp":"20401908252"},{"lv":"485","exp":"20700054140"},{"lv":"486","exp":"21000847320"},{"lv":"487","exp":"21304302000"},{"lv":"488","exp":"21610432424"},{"lv":"489","exp":"21919252872"},{"lv":"490","exp":"22230777660"},{"lv":"491","exp":"22545021140"},{"lv":"492","exp":"22861997700"},{"lv":"493","exp":"23181721764"},{"lv":"494","exp":"23504207792"},{"lv":"495","exp":"23829470280"},{"lv":"496","exp":"24157523760"},{"lv":"497","exp":"24488382800"},{"lv":"498","exp":"24822062004"},{"lv":"499","exp":"25158576012"},{"lv":"500","exp":"25497939500"}]