[{"servantID":"1","name":"Thùy Anh","specialityID":"6","servantType":"1","sort":"2","books":"[[2],[15],[30],[45]]","unLockFormat":"[]","skills":"[[1,1],[2,1]]","halo":"[]","haloNoUpdate":"0","channels":"[]","defaultProperties":"[3,3,3]"},{"servantID":"2","name":"Tiến Crush","specialityID":"2","servantType":"1","sort":"3","books":"[[2,7],[14],[29],[45]]","unLockFormat":"[]","skills":"[[1,1],[2,1]]","halo":"[]","haloNoUpdate":"0","channels":"[]","defaultProperties":"[6,2,2]"},{"servantID":"3","name":"Đức Crespo","specialityID":"3","servantType":"1","sort":"4","books":"[[1],[23],[30],[45]]","unLockFormat":"[]","skills":"[[1,1],[2,1]]","halo":"[]","haloNoUpdate":"0","channels":"[]","defaultProperties":"[2,6,2]"},{"servantID":"4","name":"Huyền Xõa","specialityID":"4","servantType":"1","sort":"5","books":"[[1],[15],[36,30],[44]]","unLockFormat":"[]","skills":"[[1,1],[2,1]]","halo":"[]","haloNoUpdate":"0","channels":"[]","defaultProperties":"[2,2,6]"},{"servantID":"5","name":"Link Thùy","specialityID":"6","servantType":"1","sort":"6","books":"[[1],[15],[29],[54,45]]","unLockFormat":"[]","skills":"[[1,1],[2,1]]","halo":"[]","haloNoUpdate":"0","channels":"[]","defaultProperties":"[4,4,4]"},{"servantID":"6","name":"Lizz","specialityID":"2","servantType":"1","sort":"7","books":"[[8,2],[15],[29],[45]]","unLockFormat":"[]","skills":"[[1,1],[2,1]]","halo":"[]","haloNoUpdate":"0","channels":"[]","defaultProperties":"[7,3,2]"},{"servantID":"7","name":"Dế Mèn","specialityID":"3","servantType":"1","sort":"8","books":"[[1],[22,16],[30],[45]]","unLockFormat":"[]","skills":"[[1,1],[2,1]]","halo":"[]","haloNoUpdate":"0","channels":"[]","defaultProperties":"[3,7,2]"},{"servantID":"8","name":"Larry Yu","specialityID":"4","servantType":"1","sort":"9","books":"[[2],[15],[33,34],[44]]","unLockFormat":"[]","skills":"[[1,1],[2,1]]","halo":"[]","haloNoUpdate":"0","channels":"[]","defaultProperties":"[2,3,7]"},{"servantID":"9","name":"Jimmy Phạm","specialityID":"6","servantType":"1","sort":"10","books":"[[1],[15],[30],[61,44]]","unLockFormat":"[]","skills":"[[1,1],[2,1]]","halo":"[]","haloNoUpdate":"0","channels":"[]","defaultProperties":"[5,5,4]"},{"servantID":"10","name":"Hằng Lee","specialityID":"2","servantType":"1","sort":"11","books":"[[11,3],[15],[29],[47]]","unLockFormat":"[]","skills":"[[1,1],[2,1]]","halo":"[]","haloNoUpdate":"0","channels":"[]","defaultProperties":"[8,3,3]"},{"servantID":"11","name":"Đức Út","specialityID":"3","servantType":"1","sort":"12","books":"[[1],[26,17],[30],[47]]","unLockFormat":"[]","skills":"[[1,1],[2,1]]","halo":"[]","haloNoUpdate":"0","channels":"[]","defaultProperties":"[3,8,3]"},{"servantID":"12","name":"Ngân Idol","specialityID":"4","servantType":"1","sort":"13","books":"[[1],[15],[39,31],[48]]","unLockFormat":"[]","skills":"[[1,1],[2,1]]","halo":"[]","haloNoUpdate":"0","channels":"[]","defaultProperties":"[3,3,8]"},{"servantID":"13","name":"Vũ Lò Gạch","specialityID":"6","servantType":"1","sort":"14","books":"[[1],[16],[30],[58,51]]","unLockFormat":"[]","skills":"[[1,1],[2,1]]","halo":"[]","haloNoUpdate":"0","channels":"[]","defaultProperties":"[5,5,5]"},{"servantID":"14","name":"Smellee","specialityID":"2","servantType":"1","sort":"15","books":"[[9,3],[15],[29],[53]]","unLockFormat":"[]","skills":"[[1,1],[2,1]]","halo":"[]","haloNoUpdate":"0","channels":"[]","defaultProperties":"[9,3,3]"},{"servantID":"15","name":"Bellamy Tuấn","specialityID":"3","servantType":"1","sort":"16","books":"[[1],[18,24],[34],[45]]","unLockFormat":"[]","skills":"[[1,1],[2,1]]","halo":"[]","haloNoUpdate":"0","channels":"[]","defaultProperties":"[3,9,3]"},{"servantID":"16","name":"My Meli","specialityID":"4","servantType":"1","sort":"17","books":"[[1],[21],[38,32],[45]]","unLockFormat":"[]","skills":"[[1,1],[2,1]]","halo":"[]","haloNoUpdate":"0","channels":"[]","defaultProperties":"[3,3,9]"},{"servantID":"17","name":"Lana Ngọc","specialityID":"6","servantType":"1","sort":"18","books":"[[6],[15],[29],[57,49]]","unLockFormat":"[]","skills":"[[1,1],[2,1]]","halo":"[]","haloNoUpdate":"0","channels":"[]","defaultProperties":"[5,6,5]"},{"servantID":"18","name":"Quân Xoáy","specialityID":"2","servantType":"1","sort":"19","books":"[[10,5,1],[21],[29],[55]]","unLockFormat":"[[2,19,0,50]]","skills":"[[1,1],[2,1]]","halo":"[]","haloNoUpdate":"0","channels":"[]","defaultProperties":"[8,4,4]"},{"servantID":"19","name":"Billy Bảo Lê","specialityID":"3","servantType":"1","sort":"20","books":"[[2],[28,19,14],[40],[47]]","unLockFormat":"[[2,19,0,50]]","skills":"[[1,1],[2,1]]","halo":"[]","haloNoUpdate":"0","channels":"[]","defaultProperties":"[4,8,4]"},{"servantID":"20","name":"Angela Trinh","specialityID":"4","servantType":"1","sort":"21","books":"[[3],[21],[41,35,29],[50]]","unLockFormat":"[[2,19,0,50]]","skills":"[[1,1],[2,1]]","halo":"[]","haloNoUpdate":"0","channels":"[]","defaultProperties":"[4,4,8]"},{"servantID":"21","name":"Thục Anne","specialityID":"6","servantType":"1","sort":"22","books":"[[3],[16],[34],[56,52,46]]","unLockFormat":"[[2,19,0,50]]","skills":"[[1,1],[2,1]]","halo":"[]","haloNoUpdate":"0","channels":"[]","defaultProperties":"[6,6,6]"},{"servantID":"22","name":"Ronal Xi","specialityID":"2","servantType":"1","sort":"23","books":"[[13],[25,14],[42,29],[59,44]]","unLockFormat":"[]","skills":"[[1,1],[2,1]]","halo":"[]","haloNoUpdate":"0","channels":"[]","defaultProperties":"[10,4,4]"},{"servantID":"23","name":"Tiểu Sopin","specialityID":"3","servantType":"1","sort":"24","books":"[[3],[27,20],[43,37],[47]]","unLockFormat":"[]","skills":"[[1,1],[2,1]]","halo":"[]","haloNoUpdate":"0","channels":"[]","defaultProperties":"[4,10,4]"},{"servantID":"24","name":"Thảo Mèo","specialityID":"4","servantType":"1","sort":"25","books":"[[12,4],[16],[32],[60,53]]","unLockFormat":"[]","skills":"[[1,1],[2,1]]","halo":"[]","haloNoUpdate":"0","channels":"[]","defaultProperties":"[4,4,10]"},{"servantID":"25","name":"Quincy Tú","specialityID":"6","servantType":"1","sort":"26","books":"[[70,69,71,72],[24,21],[40,34],[55,53]]","unLockFormat":"[]","skills":"[[1,1],[2,1]]","halo":"[]","haloNoUpdate":"0","channels":"[]","defaultProperties":"[7,7,7]"},{"servantID":"26","name":"Rawpi","specialityID":"2","servantType":"1","sort":"27","books":"[[67,66],[16],[29],[47]]","unLockFormat":"[]","skills":"[[1,1],[2,1]]","halo":"[]","haloNoUpdate":"0","channels":"[]","defaultProperties":"[12,5,4]"},{"servantID":"27","name":"Izak Phạm","specialityID":"3","servantType":"1","sort":"28","books":"[[1],[68,21],[32],[47]]","unLockFormat":"[]","skills":"[[1,1],[2,1]]","halo":"[]","haloNoUpdate":"0","channels":"[]","defaultProperties":"[4,12,5]"},{"servantID":"28","name":"Phương Phạm","specialityID":"4","servantType":"1","sort":"29","books":"[[1],[16],[63,62],[47]]","unLockFormat":"[]","skills":"[[1,1],[2,1]]","halo":"[]","haloNoUpdate":"0","channels":"[]","defaultProperties":"[5,4,12]"},{"servantID":"29","name":"Hana An","specialityID":"6","servantType":"1","sort":"30","books":"[[1],[16],[32],[65,64]]","unLockFormat":"[]","skills":"[[1,1],[2,1]]","halo":"[]","haloNoUpdate":"0","channels":"[]","defaultProperties":"[8,9,8]"},{"servantID":"30","name":"Long Thành","specialityID":"6","servantType":"1","sort":"31","books":"[[73,74],[16],[30],[53]]","unLockFormat":"[[2,60,0,10]]","skills":"[[1,1],[2,1]]","halo":"[]","haloNoUpdate":"0","channels":"[]","defaultProperties":"[9,9,9]"},{"servantID":"31","name":"Hằng Teen","specialityID":"3","servantType":"1","sort":"32","books":"[[75,74],[15],[32],[53]]","unLockFormat":"[[2,60,0,10]]","skills":"[[1,1],[2,1]]","halo":"[]","haloNoUpdate":"0","channels":"[]","defaultProperties":"[5,17,5]"},{"servantID":"32","name":"Jonny Trí","specialityID":"2","servantType":"1","sort":"33","books":"[[76,74],[16],[32],[47]]","unLockFormat":"[[2,60,0,10]]","skills":"[[1,1],[2,1]]","halo":"[]","haloNoUpdate":"0","channels":"[]","defaultProperties":"[17,5,5]"},{"servantID":"33","name":"Della Nguyễn","specialityID":"4","servantType":"1","sort":"34","books":"[[77,74],[21],[30],[47]]","unLockFormat":"[[2,60,0,10]]","skills":"[[1,1],[2,1]]","halo":"[]","haloNoUpdate":"0","channels":"[]","defaultProperties":"[5,5,17]"},{"servantID":"34","name":"Thương Thương","specialityID":"6","servantType":"1","sort":"35","books":"[[78,74],[16],[34],[45]]","unLockFormat":"[[2,60,0,10]]","skills":"[[1,1],[2,1]]","halo":"[]","haloNoUpdate":"0","channels":"[]","defaultProperties":"[12,12,12]"},{"servantID":"35","name":"Phùng Hạo","specialityID":"3","servantType":"1","sort":"36","books":"[[3,79],[15],[81,80],[44]]","unLockFormat":"[[2,61,0,10]]","skills":"[[1,1],[2,1]]","halo":"[16]","haloNoUpdate":"0","channels":"[]","defaultProperties":"[7,28,7]"},{"servantID":"36","name":"Ricky Nguyễn","specialityID":"2","servantType":"1","sort":"37","books":"[[82,3],[14],[81,83],[45]]","unLockFormat":"[[2,61,0,10]]","skills":"[[1,1],[2,1]]","halo":"[17]","haloNoUpdate":"0","channels":"[]","defaultProperties":"[32,8,8]"},{"servantID":"37","name":"Linh Á Châu","specialityID":"4","servantType":"1","sort":"38","books":"[[84,3],[15],[81,30],[45]]","unLockFormat":"[[2,61,0,10]]","skills":"[[1,1],[2,1]]","halo":"[18]","haloNoUpdate":"0","channels":"[]","defaultProperties":"[10,10,38]"},{"servantID":"38","name":"Kane Huy","specialityID":"6","servantType":"1","sort":"39","books":"[[85,3],[14],[81,32],[44]]","unLockFormat":"[[2,61,0,10]]","skills":"[[1,1],[2,1]]","halo":"[19]","haloNoUpdate":"0","channels":"[]","defaultProperties":"[25,25,25]"},{"servantID":"39","name":"Bảo Ngọc","specialityID":"3","servantType":"1","sort":"40","books":"[[86,4,2],[87],[88],[89]]","unLockFormat":"[[2,59,0,1]]","skills":"[[1,1],[2,1]]","halo":"[20]","haloNoUpdate":"0","channels":"[]","defaultProperties":"[12,68,12]"},{"servantID":"40","name":"Mai Ruby","specialityID":"2","servantType":"1","sort":"41","books":"[[91],[16,15],[29],[45]]","unLockFormat":"[]","skills":"[[1,1],[2,1]]","halo":"[21]","haloNoUpdate":"0","channels":"[]","defaultProperties":"[80,15,15]"},{"servantID":"41","name":"Thủy Ribi","specialityID":"4","servantType":"1","sort":"42","books":"[[92],[14],[32,30],[45]]","unLockFormat":"[]","skills":"[[1,1],[2,1]]","halo":"[22]","haloNoUpdate":"0","channels":"[]","defaultProperties":"[18,94,18]"},{"servantID":"42","name":"Khanh Milly","specialityID":"6","servantType":"1","sort":"43","books":"[[93],[15],[29],[94,95]]","unLockFormat":"[]","skills":"[[1,1],[2,1]]","halo":"[23]","haloNoUpdate":"0","channels":"[]","defaultProperties":"[50,50,50]"},{"servantID":"43","name":"Lalice","specialityID":"3","servantType":"2","sort":"45","books":"[[2],[21,14],[96],[44]]","unLockFormat":"[]","skills":"[[1,1],[2,1]]","halo":"[1,5,6]","haloNoUpdate":"0","channels":"[]","defaultProperties":"[1,15,5]"},{"servantID":"44","name":"Mandukie","specialityID":"3","servantType":"2","sort":"46","books":"[[1],[97],[30],[98,44]]","unLockFormat":"[]","skills":"[[1,1],[2,1]]","halo":"[1,5,6]","haloNoUpdate":"0","channels":"[]","defaultProperties":"[5,15,1]"},{"servantID":"45","name":"Rosie","specialityID":"3","servantType":"2","sort":"47","books":"[[1],[15],[34,29],[99]]","unLockFormat":"[]","skills":"[[1,1],[2,1]]","halo":"[1,5,6]","haloNoUpdate":"0","channels":"[]","defaultProperties":"[2,15,4]"},{"servantID":"46","name":"ChiChoie","specialityID":"3","servantType":"2","sort":"48","books":"[[100,3,2],[24,21,15],[32],[47]]","unLockFormat":"[]","skills":"[[1,1],[2,1]]","halo":"[1,5,6]","haloNoUpdate":"0","channels":"[]","defaultProperties":"[4,15,2]"},{"servantID":"47","name":"Pearl Vũ","specialityID":"3","servantType":"1","sort":"44","books":"[[100,3,2],[24,21,15],[32],[47]]","unLockFormat":"[]","skills":"[[1,1],[2,1]]","halo":"[5,6]","haloNoUpdate":"0","channels":"[]","defaultProperties":"[4,15,2]"},{"servantID":"48","name":"Royi","specialityID":"6","servantType":"3","sort":"49","books":"[[101,102,3],[16],[30],[103,104,47]]","unLockFormat":"[]","skills":"[[1,1],[2,1]]","halo":"[2,7,8]","haloNoUpdate":"0","channels":"[]","defaultProperties":"[6,7,6]"},{"servantID":"49","name":"JoYi","specialityID":"6","servantType":"3","sort":"50","books":"[[105,106,107,4,3,2,1],[111,112,21,16],[34,32,30,29],[117,53,47,45]]","unLockFormat":"[]","skills":"[[1,1],[2,1]]","halo":"[2,7,8]","haloNoUpdate":"0","channels":"[]","defaultProperties":"[7,6,6]"},{"servantID":"50","name":"SeYung","specialityID":"6","servantType":"3","sort":"51","books":"[[108,109,110,4,3,2,1],[113,114,21,16,15,14],[116,115,34,32,30,29],[118,119,120,53,47,45,44]]","unLockFormat":"[]","skills":"[[1,1],[2,1]]","halo":"[2,7,8]","haloNoUpdate":"0","channels":"[]","defaultProperties":"[6,6,7]"},{"servantID":"51","name":"MaHeon","specialityID":"6","servantType":"3","sort":"52","books":"[[129,3,1],[21],[32,29],[136,53]]","unLockFormat":"[[2,402,0,10]]","skills":"[[1,1],[2,1]]","halo":"[2,7,8]","haloNoUpdate":"0","channels":"[]","defaultProperties":"[7,6,6]"},{"servantID":"52","name":"Tino","specialityID":"6","servantType":"3","sort":"53","books":"[[132,3,1],[133],[30],[138,53,44]]","unLockFormat":"[[2,402,0,10]]","skills":"[[1,1],[2,1]]","halo":"[2,7,8]","haloNoUpdate":"0","channels":"[]","defaultProperties":"[7,6,6]"},{"servantID":"53","name":"Ngọc Trinh","specialityID":"6","servantType":"4","sort":"1","books":"[[128,3,2],[15,14],[32,29],[135,53]]","unLockFormat":"[[2,402,0,10]]","skills":"[[1,1],[2,1]]","halo":"[24,25]","haloNoUpdate":"0","channels":"[]","defaultProperties":"[8,8,8]"},{"servantID":"54","name":"Idol54","specialityID":"6","servantType":"1","sort":"52","books":"[[130,3,1],[16,15],[30,29],[134,53]]","unLockFormat":"[[2,402,0,10]]","skills":"[[1,1],[2,1]]","halo":"[]","haloNoUpdate":"0","channels":"[]","defaultProperties":"[9,9,9]"},{"servantID":"55","name":"Idol55","specialityID":"2","servantType":"1","sort":"53","books":"[[131,4,1],[15,14],[32],[137,47,45]]","unLockFormat":"[[2,402,0,10]]","skills":"[[1,1],[2,1]]","halo":"[3,9,10]","haloNoUpdate":"0","channels":"[]","defaultProperties":"[15,6,4]"},{"servantID":"56","name":"Idol56","specialityID":"2","servantType":"1","sort":"54","books":"[[183,4,3],[184,14],[185,29],[186,44]]","unLockFormat":"[[2,441,0,1]]","skills":"[[1,1],[2,1]]","halo":"[3,9,10]","haloNoUpdate":"0","channels":"[]","defaultProperties":"[15,4,6]"},{"servantID":"57","name":"Idol57","specialityID":"2","servantType":"1","sort":"55","books":"[[139,140,141,2,3,4,72],[152,153,154,155,156,16,21],[164,165,29,30,32,34],[175,176,44,45,47,53]]","unLockFormat":"[]","skills":"[[1,1],[2,1]]","halo":"[3,9,10]","haloNoUpdate":"0","channels":"[]","defaultProperties":"[15,7,3]"},{"servantID":"58","name":"Idol58","specialityID":"2","servantType":"1","sort":"56","books":"[[142,143,144,145,146,4,2],[157,158,159,15,16,21],[166,167,168,169,170,29,34],[177,178,45,46,47,53]]","unLockFormat":"[]","skills":"[[1,1],[2,1]]","halo":"[3,9,10]","haloNoUpdate":"0","channels":"[]","defaultProperties":"[15,3,7]"},{"servantID":"59","name":"Idol59","specialityID":"2","servantType":"1","sort":"57","books":"[[147,148,149,150,151,3,4],[160,161,162,163,14,15,16],[171,172,173,174,29,30,32],[179,180,181,182,44,45,47]]","unLockFormat":"[]","skills":"[[1,1],[2,1]]","halo":"[3,9,10]","haloNoUpdate":"0","channels":"[]","defaultProperties":"[15,5,5]"},{"servantID":"60","name":"Idol60","specialityID":"4","servantType":"1","sort":"58","books":"[[199,200,201,202,203,4,3,2,1],[204,205,206,207,21,16,15],[208,209,210,211,34,32,30],[212,213,214,215,53,47,45]]","unLockFormat":"[]","skills":"[[1,1],[2,1]]","halo":"[4,11,12]","haloNoUpdate":"0","channels":"[]","defaultProperties":"[2,5,15]"},{"servantID":"61","name":"Idol61","specialityID":"4","servantType":"1","sort":"59","books":"[[235,3,2,1],[236,21,15],[30],[47,44]]","unLockFormat":"[[2,638,0,10]]","skills":"[[1,1],[2,1]]","halo":"[4,11,12]","haloNoUpdate":"0","channels":"[]","defaultProperties":"[5,2,15]"},{"servantID":"62","name":"Idol62","specialityID":"4","servantType":"1","sort":"60","books":"[[237,4,2],[238,16,15,14],[30,29],[47,44]]","unLockFormat":"[[2,638,0,10]]","skills":"[[1,1],[2,1]]","halo":"[4,11,12]","haloNoUpdate":"0","channels":"[]","defaultProperties":"[1,6,15]"},{"servantID":"63","name":"Idol63","specialityID":"4","servantType":"1","sort":"61","books":"[[239,240,1],[241,21,15],[30],[53,44]]","unLockFormat":"[[2,638,0,10]]","skills":"[[1,1],[2,1]]","halo":"[4,11,12]","haloNoUpdate":"0","channels":"[]","defaultProperties":"[6,1,15]"},{"servantID":"64","name":"Idol64","specialityID":"4","servantType":"1","sort":"62","books":"[[242,3,2,1],[243,16,15,14],[34,30],[44]]","unLockFormat":"[[2,638,0,10]]","skills":"[[1,1],[2,1]]","halo":"[4,11,12]","haloNoUpdate":"0","channels":"[]","defaultProperties":"[3,4,15]"}]