[{"id":"1","name":"BlakPink","imageID":"6","lv":"0","preFixHalo":"[]","haloType":"0","fOrUHalo":"0"},{"id":"2","name":"DanBam Class","imageID":"5","lv":"0","preFixHalo":"[]","haloType":"0","fOrUHalo":"0"},{"id":"3","name":"Ngũ Hổ Thượng Tướng","imageID":"1","lv":"0","preFixHalo":"[]","haloType":"0","fOrUHalo":"0"},{"id":"4","name":"Lương Sơn Ngũ Nghĩa","imageID":"8","lv":"0","preFixHalo":"[]","haloType":"0","fOrUHalo":"0"},{"id":"5","name":"Nữ Idol Đương Đại","imageID":"3","lv":"0","preFixHalo":"[]","haloType":"0","fOrUHalo":"0"},{"id":"6","name":"Super Idols Quốc Dân","imageID":"4","lv":"0","preFixHalo":"[5,10]","haloType":"0","fOrUHalo":"0"},{"id":"7","name":"Sự quyến rũ của tuổi trẻ","imageID":"12","lv":"0","preFixHalo":"[]","haloType":"0","fOrUHalo":"0"},{"id":"8","name":"Vươn tầm thương hiệu","imageID":"13","lv":"0","preFixHalo":"[7,10]","haloType":"0","fOrUHalo":"0"},{"id":"9","name":"Halo9","imageID":"14","lv":"0","preFixHalo":"[]","haloType":"0","fOrUHalo":"0"},{"id":"10","name":"Halo10","imageID":"11","lv":"0","preFixHalo":"[]","haloType":"0","fOrUHalo":"0"},{"id":"11","name":"Halo11","imageID":"15","lv":"0","preFixHalo":"[]","haloType":"0","fOrUHalo":"0"},{"id":"12","name":"Halo12","imageID":"19","lv":"0","preFixHalo":"[]","haloType":"0","fOrUHalo":"0"},{"id":"13","name":"Halo13","imageID":"20","lv":"0","preFixHalo":"[]","haloType":"0","fOrUHalo":"0"},{"id":"14","name":"Halo14","imageID":"20","lv":"0","preFixHalo":"[]","haloType":"0","fOrUHalo":"0"},{"id":"15","name":"Halo15","imageID":"20","lv":"0","preFixHalo":"[]","haloType":"0","fOrUHalo":"0"},{"id":"16","name":"Vòng Sáng PiuPiu","imageID":"20","lv":"0","preFixHalo":"[]","haloType":"0","fOrUHalo":"0"},{"id":"17","name":"Vòng Sáng Thomas Nou","imageID":"20","lv":"0","preFixHalo":"[]","haloType":"0","fOrUHalo":"0"},{"id":"18","name":"Vòng Sáng Chou Chou","imageID":"20","lv":"0","preFixHalo":"[]","haloType":"0","fOrUHalo":"0"},{"id":"19","name":"Vòng Sáng Kane Huy","imageID":"20","lv":"0","preFixHalo":"[]","haloType":"0","fOrUHalo":"0"},{"id":"20","name":"Vòng Sáng Hari Lưu","imageID":"20","lv":"0","preFixHalo":"[]","haloType":"0","fOrUHalo":"0"},{"id":"21","name":"Vòng Sáng Nhi Ruby","imageID":"20","lv":"0","preFixHalo":"[]","haloType":"0","fOrUHalo":"0"},{"id":"22","name":"Vòng Sáng Thủy Ribi","imageID":"20","lv":"0","preFixHalo":"[]","haloType":"0","fOrUHalo":"0"},{"id":"23","name":"Vòng Sáng Hằng Milly","imageID":"20","lv":"0","preFixHalo":"[]","haloType":"0","fOrUHalo":"0"},{"id":"24","name":"Dáng chuẩn nuột nà","imageID":"20","lv":"0","preFixHalo":"[]","haloType":"0","fOrUHalo":"0"},{"id":"25","name":"Đẹp và thông minh","imageID":"20","lv":"0","preFixHalo":"[24,10]","haloType":"0","fOrUHalo":"0"}]