[{"id":"1","type":"1","desc":"Đơn Phẩm","vipCond":"0","timeCost":"864000","dailyLimit":"10","format":"[[100,137,1,0]]","status":"1"},{"id":"2","type":"1","desc":"Đơn Phẩm","vipCond":"1","timeCost":"864000","dailyLimit":"30","format":"[[100,137,1,0]]","status":"1"},{"id":"3","type":"1","desc":"Đơn Phẩm","vipCond":"3","timeCost":"4320000","dailyLimit":"12","format":"[[100,138,1,0]]","status":"1"},{"id":"4","type":"1","desc":"Đơn Phẩm","vipCond":"4","timeCost":"4320000","dailyLimit":"30","format":"[[100,138,1,0]]","status":"1"},{"id":"5","type":"1","desc":"Đơn Phẩm","vipCond":"0","timeCost":"50400","dailyLimit":"100","format":"[[100,15,1,0]]","status":"1"},{"id":"6","type":"1","desc":"Đơn Phẩm","vipCond":"1","timeCost":"10800","dailyLimit":"10","format":"[[100,15,1,0]]","status":"1"},{"id":"7","type":"1","desc":"Đơn Phẩm","vipCond":"0","timeCost":"104400","dailyLimit":"10","format":"[[100,16,1,0]]","status":"1"},{"id":"8","type":"1","desc":"Đơn Phẩm","vipCond":"0","timeCost":"50400","dailyLimit":"100","format":"[[100,17,1,0]]","status":"1"},{"id":"9","type":"1","desc":"Đơn Phẩm","vipCond":"1","timeCost":"10800","dailyLimit":"10","format":"[[100,17,1,0]]","status":"1"},{"id":"10","type":"1","desc":"Đơn Phẩm","vipCond":"0","timeCost":"104400","dailyLimit":"10","format":"[[100,18,1,0]]","status":"1"},{"id":"11","type":"1","desc":"Đơn Phẩm","vipCond":"0","timeCost":"604800","dailyLimit":"1","format":"[[100,66,1,0]]","status":"1"},{"id":"12","type":"1","desc":"Đơn Phẩm","vipCond":"3","timeCost":"302400","dailyLimit":"3","format":"[[100,66,1,0]]","status":"1"},{"id":"13","type":"1","desc":"Đơn Phẩm","vipCond":"0","timeCost":"50400","dailyLimit":"10","format":"[[100,2,1,0]]","status":"1"},{"id":"14","type":"1","desc":"Đơn Phẩm","vipCond":"1","timeCost":"10800","dailyLimit":"5","format":"[[100,2,1,0]]","status":"1"},{"id":"15","type":"1","desc":"Đơn Phẩm","vipCond":"0","timeCost":"50400","dailyLimit":"10","format":"[[100,1,1,0]]","status":"1"},{"id":"16","type":"1","desc":"Đơn Phẩm","vipCond":"1","timeCost":"10800","dailyLimit":"2","format":"[[100,1,1,0]]","status":"1"},{"id":"17","type":"1","desc":"Đơn Phẩm","vipCond":"0","timeCost":"172800","dailyLimit":"10","format":"[[100,37,1,0]]","status":"1"},{"id":"18","type":"1","desc":"Đơn Phẩm","vipCond":"2","timeCost":"86400","dailyLimit":"5","format":"[[100,37,1,0]]","status":"1"},{"id":"19","type":"1","desc":"Đơn Phẩm","vipCond":"0","timeCost":"244800","dailyLimit":"1","format":"[[100,3,1,0]]","status":"1"},{"id":"20","type":"1","desc":"Đơn Phẩm","vipCond":"0","timeCost":"302400","dailyLimit":"1","format":"[[100,120,1,0]]","status":"1"},{"id":"21","type":"1","desc":"Đơn Phẩm","vipCond":"0","timeCost":"518400","dailyLimit":"1","format":"[[100,121,1,0]]","status":"1"},{"id":"22","type":"2","desc":"Gói Tài Năng","vipCond":"0","timeCost":"2764800","dailyLimit":"100","format":"[[100,66,5,0],[100,64,20,0],[100,57,5,0],[100,38,5,0],[100,37,5,0],[100,36,5,0]]","status":"1"},{"id":"23","type":"2","desc":"Gói Tài Năng Lớn","vipCond":"0","timeCost":"1728000","dailyLimit":"100","format":"[[100,66,2,0],[100,64,8,0],[100,38,5,0],[100,42,1,0],[100,46,1,0],[100,50,1,0]]","status":"1"},{"id":"24","type":"2","desc":"Gói Tài Năng Nhỏ","vipCond":"0","timeCost":"864000","dailyLimit":"100","format":"[[100,66,1,0],[100,57,1,0],[100,38,1,0],[100,64,1,0]]","status":"1"},{"id":"25","type":"2","desc":"Gói Gameshow","vipCond":"0","timeCost":"2505600","dailyLimit":"100","format":"[[100,66,1,0],[100,67,1,0],[100,68,1,0],[100,69,1,0],[100,64,3,0],[100,57,3,0],[100,38,4,0]]","status":"1"},{"id":"26","type":"2","desc":"Gói Showbiz","vipCond":"0","timeCost":"1728000","dailyLimit":"100","format":"[[100,66,2,0],[100,57,3,0],[100,38,2,0]]","status":"1"},{"id":"27","type":"2","desc":"Gói Đời Sống","vipCond":"0","timeCost":"691200","dailyLimit":"100","format":"[[100,66,1,0],[100,57,1,0],[100,38,1,0],[100,37,1,0]]","status":"1"},{"id":"28","type":"2","desc":"Gói Đua Top","vipCond":"0","timeCost":"2764800","dailyLimit":"100","format":"[[100,66,5,0],[100,3,2,0],[100,57,5,0],[100,64,10,0],[100,38,5,0],[100,37,5,0]]","status":"1"}]