[{"id":"1","shopName":"Reny","creativeNPC":"50500","moneyNPC":"505000","reward":"[102,41,0,0]"},{"id":"2","shopName":"Noosby","creativeNPC":"56055","moneyNPC":"560550","reward":"[102,42,0,0]"},{"id":"3","shopName":"Red T-Shirt","creativeNPC":"62781","moneyNPC":"627815","reward":"[102,43,0,0]"},{"id":"4","shopName":"Coocosyn","creativeNPC":"70943","moneyNPC":"709431","reward":"[102,44,0,0]"},{"id":"5","shopName":"Magonn","creativeNPC":"80875","moneyNPC":"808751","reward":"[102,45,0,0]"},{"id":"6","shopName":"Libee","creativeNPC":"93006","moneyNPC":"930065","reward":"[102,41,0,0]"},{"id":"7","shopName":"Xéo Xẹt","creativeNPC":"107887","moneyNPC":"1078875","reward":"[102,42,0,0]"},{"id":"8","shopName":"Tochier","creativeNPC":"126228","moneyNPC":"1262283","reward":"[102,43,0,0]"},{"id":"9","shopName":"Lane TJ","creativeNPC":"148949","moneyNPC":"1489495","reward":"[102,44,0,0]"},{"id":"10","shopName":"Coostele","creativeNPC":"177083","moneyNPC":"1772600","reward":"[102,45,0,0]"},{"id":"11","shopName":"Nhà Xanh","creativeNPC":"75750","moneyNPC":"757500","reward":"[102,41,0,0]"},{"id":"12","shopName":"Xuân Cuc","creativeNPC":"84082","moneyNPC":"840825","reward":"[102,42,0,0]"},{"id":"13","shopName":"I love mưa","creativeNPC":"94172","moneyNPC":"941722","reward":"[102,43,0,0]"},{"id":"14","shopName":"Cenary Fashion","creativeNPC":"106414","moneyNPC":"1064147","reward":"[102,44,0,0]"},{"id":"15","shopName":"Maison Phiêu ","creativeNPC":"121312","moneyNPC":"1213127","reward":"[102,45,0,0]"},{"id":"16","shopName":"Elips","creativeNPC":"139509","moneyNPC":"1395097","reward":"[102,41,0,0]"},{"id":"17","shopName":"Highcut","creativeNPC":"161831","moneyNPC":"1618312","reward":"[102,42,0,0]"},{"id":"18","shopName":"Gem Concept","creativeNPC":"189342","moneyNPC":"1893425","reward":"[102,43,0,0]"},{"id":"19","shopName":"Khâu BQ","creativeNPC":"223424","moneyNPC":"2234242","reward":"[102,44,0,0]"},{"id":"20","shopName":"Larmy ","creativeNPC":"265625","moneyNPC":"2658900","reward":"[102,45,0,0]"},{"id":"21","shopName":"Popipdy","creativeNPC":"151500","moneyNPC":"1515000","reward":"[102,41,0,0]"},{"id":"22","shopName":"Merc Fashion","creativeNPC":"168165","moneyNPC":"1681650","reward":"[102,42,0,0]"},{"id":"23","shopName":"Foxi","creativeNPC":"188344","moneyNPC":"1883445","reward":"[102,43,0,0]"},{"id":"24","shopName":"Thuynh","creativeNPC":"212829","moneyNPC":"2128295","reward":"[102,44,0,0]"},{"id":"25","shopName":"Hness","creativeNPC":"242625","moneyNPC":"2426255","reward":"[102,45,0,0]"},{"id":"26","shopName":"Clothsrack","creativeNPC":"279019","moneyNPC":"2790195","reward":"[102,41,0,0]"},{"id":"27","shopName":"Amme Kat","creativeNPC":"323662","moneyNPC":"3236625","reward":"[102,42,0,0]"},{"id":"28","shopName":"Ameo","creativeNPC":"378685","moneyNPC":"3786850","reward":"[102,43,0,0]"},{"id":"29","shopName":"Itwardrope","creativeNPC":"446848","moneyNPC":"4468485","reward":"[102,44,0,0]"},{"id":"30","shopName":"Chendra","creativeNPC":"531250","moneyNPC":"5317800","reward":"[102,45,0,0]"},{"id":"31","shopName":"RoseeDamtin","creativeNPC":"303000","moneyNPC":"3030000","reward":"[102,41,0,0]"},{"id":"32","shopName":"Chaddier","creativeNPC":"336330","moneyNPC":"3363300","reward":"[102,42,0,0]"},{"id":"33","shopName":"SubtleSimple","creativeNPC":"376689","moneyNPC":"3766890","reward":"[102,43,0,0]"},{"id":"34","shopName":"Eveluxer","creativeNPC":"425659","moneyNPC":"4256590","reward":"[102,44,0,0]"},{"id":"35","shopName":"Nalym","creativeNPC":"485251","moneyNPC":"4852510","reward":"[102,45,0,0]"},{"id":"36","shopName":"RẬP","creativeNPC":"558039","moneyNPC":"5580390","reward":"[102,41,0,0]"},{"id":"37","shopName":"Candel Blance","creativeNPC":"647325","moneyNPC":"6473250","reward":"[102,42,0,0]"},{"id":"38","shopName":"Top4man","creativeNPC":"757370","moneyNPC":"7573700","reward":"[102,43,0,0]"},{"id":"39","shopName":"An Phúc Fashion","creativeNPC":"893697","moneyNPC":"8936970","reward":"[102,44,0,0]"},{"id":"40","shopName":"Viết Tiến","creativeNPC":"1062500","moneyNPC":"10635600","reward":"[102,45,0,0]"},{"id":"41","shopName":"For men","creativeNPC":"606000","moneyNPC":"6060000","reward":"[102,41,0,0]"},{"id":"42","shopName":"Merriman","creativeNPC":"672660","moneyNPC":"6726600","reward":"[102,42,0,0]"},{"id":"43","shopName":"Biluxury","creativeNPC":"753379","moneyNPC":"7533790","reward":"[102,43,0,0]"},{"id":"44","shopName":"Novelty","creativeNPC":"851318","moneyNPC":"8500000","reward":"[102,44,0,0]"},{"id":"45","shopName":"43960","creativeNPC":"970503","moneyNPC":"9600000","reward":"[102,45,0,0]"},{"id":"46","shopName":"Chic&Land","creativeNPC":"1116078","moneyNPC":"11200000","reward":"[102,41,0,0]"},{"id":"47","shopName":"Six AM","creativeNPC":"1294650","moneyNPC":"13000000","reward":"[102,42,0,0]"},{"id":"48","shopName":"K&K Fashion","creativeNPC":"1514740","moneyNPC":"15100000","reward":"[102,43,0,0]"},{"id":"49","shopName":"Hnoss","creativeNPC":"1787394","moneyNPC":"18000000","reward":"[102,44,0,0]"},{"id":"50","shopName":"Eva de Edam","creativeNPC":"2125000","moneyNPC":"21000000","reward":"[102,45,0,0]"},{"id":"51","shopName":"Boram","creativeNPC":"1212000","moneyNPC":"12120000","reward":"[102,41,0,0]"},{"id":"52","shopName":"Deligh","creativeNPC":"1345320","moneyNPC":"13453200","reward":"[102,42,0,0]"},{"id":"53","shopName":"Bella Moda","creativeNPC":"1506756","moneyNPC":"15067560","reward":"[102,43,0,0]"},{"id":"54","shopName":"Funda","creativeNPC":"1700000","moneyNPC":"17000000","reward":"[102,44,0,0]"},{"id":"55","shopName":"Renby Tee","creativeNPC":"1940000","moneyNPC":"19000000","reward":"[102,45,0,0]"},{"id":"56","shopName":"Romeo&Juliet","creativeNPC":"2230000","moneyNPC":"22300000","reward":"[102,41,0,0]"},{"id":"57","shopName":"Sea Collection","creativeNPC":"2590000","moneyNPC":"25900000","reward":"[102,42,0,0]"},{"id":"58","shopName":"JunoBruto","creativeNPC":"3030000","moneyNPC":"30300000","reward":"[102,43,0,0]"},{"id":"59","shopName":"PT2002","creativeNPC":"3570000","moneyNPC":"35700000","reward":"[102,44,0,0]"},{"id":"60","shopName":"Canafa2","creativeNPC":"4250000","moneyNPC":"42000000","reward":"[102,45,0,0]"},{"id":"61","shopName":"Stampdo","creativeNPC":"2420000","moneyNPC":"24200000","reward":"[102,41,0,0]"},{"id":"62","shopName":"Bren Dead","creativeNPC":"2690000","moneyNPC":"26900000","reward":"[102,42,0,0]"},{"id":"63","shopName":"The Red Exchange","creativeNPC":"3010000","moneyNPC":"30000000","reward":"[102,43,0,0]"},{"id":"64","shopName":"Ivy Moda","creativeNPC":"3410000","moneyNPC":"34000000","reward":"[102,44,0,0]"},{"id":"65","shopName":"Wephobia","creativeNPC":"3880000","moneyNPC":"38000000","reward":"[102,45,0,0]"},{"id":"66","shopName":"Hoang Duy International","creativeNPC":"4460000","moneyNPC":"44000000","reward":"[102,41,0,0]"},{"id":"67","shopName":"Ninomaxx","creativeNPC":"5180000","moneyNPC":"51000000","reward":"[102,42,0,0]"},{"id":"68","shopName":"Eliser","creativeNPC":"6060000","moneyNPC":"60000000","reward":"[102,43,0,0]"},{"id":"69","shopName":"NEW Fashion","creativeNPC":"7150000","moneyNPC":"70000000","reward":"[102,44,0,0]"},{"id":"70","shopName":"Unilo","creativeNPC":"8510000","moneyNPC":"84000000","reward":"[102,45,0,0]"},{"id":"71","shopName":"Vetements","creativeNPC":"3630000","moneyNPC":"36300000","reward":"[102,41,0,0]"},{"id":"72","shopName":"Stüssy","creativeNPC":"4035000","moneyNPC":"40350000","reward":"[102,42,0,0]"},{"id":"73","shopName":"Off-Black","creativeNPC":"4515000","moneyNPC":"45000000","reward":"[102,43,0,0]"},{"id":"74","shopName":"Undercover","creativeNPC":"5115000","moneyNPC":"51000000","reward":"[102,44,0,0]"},{"id":"75","shopName":"HUF","creativeNPC":"5820000","moneyNPC":"57000000","reward":"[102,45,0,0]"},{"id":"76","shopName":"Obey","creativeNPC":"6690000","moneyNPC":"66000000","reward":"[102,41,0,0]"},{"id":"77","shopName":"Kith","creativeNPC":"7770000","moneyNPC":"76500000","reward":"[102,42,0,0]"},{"id":"78","shopName":"Billionaire Club","creativeNPC":"9090000","moneyNPC":"90000000","reward":"[102,43,0,0]"},{"id":"79","shopName":"Anti Social","creativeNPC":"10725000","moneyNPC":"105000000","reward":"[102,44,0,0]"},{"id":"80","shopName":"Supremer","creativeNPC":"12765000","moneyNPC":"126000000","reward":"[102,45,0,0]"},{"id":"81","shopName":"Focii","creativeNPC":"6050000","moneyNPC":"60500000","reward":"[102,41,0,0]"},{"id":"82","shopName":"Pum vs Bear","creativeNPC":"6725000","moneyNPC":"67250000","reward":"[102,42,0,0]"},{"id":"83","shopName":"DKSS","creativeNPC":"7525000","moneyNPC":"75000000","reward":"[102,43,0,0]"},{"id":"84","shopName":"Keppe","creativeNPC":"8525000","moneyNPC":"85000000","reward":"[102,44,0,0]"},{"id":"85","shopName":"Under Armour","creativeNPC":"9700000","moneyNPC":"95000000","reward":"[102,45,0,0]"},{"id":"86","shopName":"Jordane","creativeNPC":"11150000","moneyNPC":"110000000","reward":"[102,41,0,0]"},{"id":"87","shopName":"Filaa ","creativeNPC":"12950000","moneyNPC":"127500000","reward":"[102,42,0,0]"},{"id":"88","shopName":"Pume","creativeNPC":"15150000","moneyNPC":"150000000","reward":"[102,43,0,0]"},{"id":"89","shopName":"ENike","creativeNPC":"17875000","moneyNPC":"175000000","reward":"[102,44,0,0]"},{"id":"90","shopName":"Adiddas","creativeNPC":"21275000","moneyNPC":"210000000","reward":"[102,45,0,0]"},{"id":"91","shopName":"X-storm","creativeNPC":"9680000","moneyNPC":"96800000","reward":"[102,41,0,0]"},{"id":"92","shopName":"Asics","creativeNPC":"10760000","moneyNPC":"107600000","reward":"[102,42,0,0]"},{"id":"93","shopName":"Wike","creativeNPC":"12040000","moneyNPC":"120000000","reward":"[102,43,0,0]"},{"id":"94","shopName":"LigNing","creativeNPC":"13640000","moneyNPC":"136000000","reward":"[102,44,0,0]"},{"id":"95","shopName":"New Balance","creativeNPC":"15520000","moneyNPC":"152000000","reward":"[102,45,0,0]"},{"id":"96","shopName":"Reebook","creativeNPC":"17840000","moneyNPC":"176000000","reward":"[102,41,0,0]"},{"id":"97","shopName":"LeRemBron","creativeNPC":"20720000","moneyNPC":"204000000","reward":"[102,42,0,0]"},{"id":"98","shopName":"Asiics","creativeNPC":"24240000","moneyNPC":"240000000","reward":"[102,43,0,0]"},{"id":"99","shopName":"Channels","creativeNPC":"28600000","moneyNPC":"280000000","reward":"[102,44,0,0]"},{"id":"100","shopName":"Gucccy","creativeNPC":"34040000","moneyNPC":"336000000","reward":"[102,45,0,0]"},{"id":"101","shopName":"Still House","creativeNPC":"15730000","moneyNPC":"157300000","reward":"[102,41,0,0]"},{"id":"102","shopName":"Siwa Bakim","creativeNPC":"17485000","moneyNPC":"174850000","reward":"[102,42,0,0]"},{"id":"103","shopName":"Alloy Storm","creativeNPC":"19565000","moneyNPC":"195000000","reward":"[102,43,0,0]"},{"id":"104","shopName":"Oliver Kane","creativeNPC":"22165000","moneyNPC":"221000000","reward":"[102,44,0,0]"},{"id":"105","shopName":"Z.Hannah","creativeNPC":"25220000","moneyNPC":"247000000","reward":"[102,45,0,0]"},{"id":"106","shopName":"Mccartney","creativeNPC":"28990000","moneyNPC":"286000000","reward":"[102,41,0,0]"},{"id":"107","shopName":"Laurent","creativeNPC":"33670000","moneyNPC":"331500000","reward":"[102,42,0,0]"},{"id":"108","shopName":"Fendie","creativeNPC":"39390000","moneyNPC":"390000000","reward":"[102,43,0,0]"},{"id":"109","shopName":"Saint ","creativeNPC":"46475000","moneyNPC":"455000000","reward":"[102,44,0,0]"},{"id":"110","shopName":"YSSL","creativeNPC":"55315000","moneyNPC":"546000000","reward":"[102,45,0,0]"},{"id":"111","shopName":"Tim Ford","creativeNPC":"25410000","moneyNPC":"254100000","reward":"[102,41,0,0]"},{"id":"112","shopName":"Berlusi","creativeNPC":"28245000","moneyNPC":"282450000","reward":"[102,42,0,0]"},{"id":"113","shopName":"Barberry","creativeNPC":"31605000","moneyNPC":"315000000","reward":"[102,43,0,0]"},{"id":"114","shopName":"Comme Des ","creativeNPC":"35805000","moneyNPC":"357000000","reward":"[102,44,0,0]"},{"id":"115","shopName":"Garcens","creativeNPC":"40740000","moneyNPC":"399000000","reward":"[102,45,0,0]"},{"id":"116","shopName":"Broni","creativeNPC":"46830000","moneyNPC":"462000000","reward":"[102,41,0,0]"},{"id":"117","shopName":"Mikimoto","creativeNPC":"54390000","moneyNPC":"535500000","reward":"[102,42,0,0]"},{"id":"118","shopName":"Diorr","creativeNPC":"63630000","moneyNPC":"630000000","reward":"[102,43,0,0]"},{"id":"119","shopName":"CKK","creativeNPC":"75075000","moneyNPC":"735000000","reward":"[102,44,0,0]"},{"id":"120","shopName":"Calvin Klen","creativeNPC":"89355000","moneyNPC":"882000000","reward":"[102,45,0,0]"},{"id":"121","shopName":"Hortense","creativeNPC":"41140000","moneyNPC":"411400000","reward":"[102,41,0,0]"},{"id":"122","shopName":"DKNYY","creativeNPC":"45730000","moneyNPC":"457300000","reward":"[102,42,0,0]"},{"id":"123","shopName":"Pradar","creativeNPC":"51170000","moneyNPC":"510000000","reward":"[102,43,0,0]"},{"id":"124","shopName":"Selvatore","creativeNPC":"57970000","moneyNPC":"578000000","reward":"[102,44,0,0]"},{"id":"125","shopName":"Ferragama","creativeNPC":"65960000","moneyNPC":"646000000","reward":"[102,45,0,0]"},{"id":"126","shopName":"Stella ","creativeNPC":"75820000","moneyNPC":"748000000","reward":"[102,41,0,0]"},{"id":"127","shopName":"Movado","creativeNPC":"88060000","moneyNPC":"867000000","reward":"[102,42,0,0]"},{"id":"128","shopName":"Longines","creativeNPC":"103020000","moneyNPC":"1020000000","reward":"[102,43,0,0]"},{"id":"129","shopName":"Timex","creativeNPC":"121550000","moneyNPC":"1190000000","reward":"[102,44,0,0]"},{"id":"130","shopName":"Tissoter","creativeNPC":"144670000","moneyNPC":"1428000000","reward":"[102,45,0,0]"},{"id":"131","shopName":"Seekio","creativeNPC":"66550000","moneyNPC":"665500000","reward":"[102,41,0,0]"},{"id":"132","shopName":"Citizin","creativeNPC":"73975000","moneyNPC":"739750000","reward":"[102,42,0,0]"},{"id":"133","shopName":"Orienta","creativeNPC":"82775000","moneyNPC":"825000000","reward":"[102,43,0,0]"},{"id":"134","shopName":"Casioo","creativeNPC":"93775000","moneyNPC":"935000000","reward":"[102,44,0,0]"},{"id":"135","shopName":"Fossila","creativeNPC":"106700000","moneyNPC":"1045000000","reward":"[102,45,0,0]"},{"id":"136","shopName":"Lou Vuitton","creativeNPC":"122650000","moneyNPC":"1210000000","reward":"[102,41,0,0]"},{"id":"137","shopName":"Giorgia Armany","creativeNPC":"142450000","moneyNPC":"1402500000","reward":"[102,42,0,0]"},{"id":"138","shopName":"Patek Philippe","creativeNPC":"166650000","moneyNPC":"1650000000","reward":"[102,43,0,0]"},{"id":"139","shopName":"Tag Heuer","creativeNPC":"196625000","moneyNPC":"1925000000","reward":"[102,44,0,0]"},{"id":"140","shopName":"Rolax Swiss Made","creativeNPC":"234025000","moneyNPC":"2310000000","reward":"[102,45,0,0]"},{"id":"141","shopName":"BvLgari","creativeNPC":"107690000","moneyNPC":"1076900000","reward":"[102,41,0,0]"},{"id":"142","shopName":"Herry Winston","creativeNPC":"119705000","moneyNPC":"1197050000","reward":"[102,42,0,0]"},{"id":"143","shopName":"Skymoon Luxury","creativeNPC":"133945000","moneyNPC":"1335000000","reward":"[102,43,0,0]"},{"id":"144","shopName":"Teffany & Go","creativeNPC":"151745000","moneyNPC":"1513000000","reward":"[102,44,0,0]"},{"id":"145","shopName":"Cartino","creativeNPC":"172660000","moneyNPC":"1691000000","reward":"[102,45,0,0]"},{"id":"146","shopName":"Cửu Long Jewelry","creativeNPC":"198470000","moneyNPC":"1958000000","reward":"[102,41,0,0]"},{"id":"147","shopName":"PNJI","creativeNPC":"230510000","moneyNPC":"2269500000","reward":"[102,42,0,0]"},{"id":"148","shopName":"DOJE","creativeNPC":"269670000","moneyNPC":"2670000000","reward":"[102,43,0,0]"},{"id":"149","shopName":"Phú Quý ","creativeNPC":"318175000","moneyNPC":"3115000000","reward":"[102,44,0,0]"},{"id":"150","shopName":"Uy Tín Minh Châu","creativeNPC":"378695000","moneyNPC":"3738000000","reward":"[102,45,0,0]"},{"id":"151","shopName":"Ven Claaf & Arpels","creativeNPC":"174240000","moneyNPC":"1742400000","reward":"[102,41,0,0]"},{"id":"152","shopName":"Chopaerd","creativeNPC":"193680000","moneyNPC":"1936800000","reward":"[102,42,0,0]"},{"id":"153","shopName":"Dzquared","creativeNPC":"216720000","moneyNPC":"2160000000","reward":"[102,43,0,0]"},{"id":"154","shopName":"Lacostes","creativeNPC":"245520000","moneyNPC":"2448000000","reward":"[102,44,0,0]"},{"id":"155","shopName":"Leviss","creativeNPC":"279360000","moneyNPC":"2736000000","reward":"[102,45,0,0]"},{"id":"156","shopName":"Christian Diorr","creativeNPC":"321120000","moneyNPC":"3168000000","reward":"[102,41,0,0]"},{"id":"157","shopName":"Dolcee","creativeNPC":"372960000","moneyNPC":"3672000000","reward":"[102,42,0,0]"},{"id":"158","shopName":"Gabbnana","creativeNPC":"436320000","moneyNPC":"4320000000","reward":"[102,43,0,0]"},{"id":"159","shopName":"DD&GG","creativeNPC":"514800000","moneyNPC":"5040000000","reward":"[102,44,0,0]"},{"id":"160","shopName":"Versacess","creativeNPC":"612720000","moneyNPC":"6048000000","reward":"[102,45,0,0]"},{"id":"161","shopName":"David Yurmen","creativeNPC":"281930000","moneyNPC":"2819300000","reward":"[102,41,0,0]"},{"id":"162","shopName":"Buccellati","creativeNPC":"313385000","moneyNPC":"3133850000","reward":"[102,42,0,0]"},{"id":"163","shopName":"Pauls Smile","creativeNPC":"350665000","moneyNPC":"3495000000","reward":"[102,43,0,0]"},{"id":"164","shopName":"Ermenegasy ","creativeNPC":"397265000","moneyNPC":"3961000000","reward":"[102,44,0,0]"},{"id":"165","shopName":"Valentino","creativeNPC":"452020000","moneyNPC":"4427000000","reward":"[102,45,0,0]"},{"id":"166","shopName":"Hug Bos","creativeNPC":"519590000","moneyNPC":"5126000000","reward":"[102,41,0,0]"},{"id":"167","shopName":"Relph Lauren","creativeNPC":"603470000","moneyNPC":"5941500000","reward":"[102,42,0,0]"},{"id":"168","shopName":"Tom Browne","creativeNPC":"705990000","moneyNPC":"6990000000","reward":"[102,43,0,0]"},{"id":"169","shopName":"Padoraa","creativeNPC":"832975000","moneyNPC":"8155000000","reward":"[102,44,0,0]"},{"id":"170","shopName":"Michael Kors","creativeNPC":"991415000","moneyNPC":"9786000000","reward":"[102,45,0,0]"},{"id":"171","shopName":"Highlow","creativeNPC":"456170000","moneyNPC":"4561700000","reward":"[102,41,0,0]"},{"id":"172","shopName":"Faris","creativeNPC":"507065000","moneyNPC":"5070650000","reward":"[102,42,0,0]"},{"id":"173","shopName":"Cold Picnicc","creativeNPC":"567385000","moneyNPC":"5655000000","reward":"[102,43,0,0]"},{"id":"174","shopName":"Gvenchys","creativeNPC":"642785000","moneyNPC":"6409000000","reward":"[102,44,0,0]"},{"id":"175","shopName":"Blamain","creativeNPC":"731380000","moneyNPC":"7163000000","reward":"[102,45,0,0]"},{"id":"176","shopName":"Boucheren","creativeNPC":"840710000","moneyNPC":"8294000000","reward":"[102,41,0,0]"},{"id":"177","shopName":"Kenzoe","creativeNPC":"976430000","moneyNPC":"9613500000","reward":"[102,42,0,0]"},{"id":"178","shopName":"Alexanderr ","creativeNPC":"1142310000","moneyNPC":"11310000000","reward":"[102,43,0,0]"},{"id":"179","shopName":"Citizenes","creativeNPC":"1347775000","moneyNPC":"13195000000","reward":"[102,44,0,0]"},{"id":"180","shopName":"Hermecs","creativeNPC":"1604135000","moneyNPC":"15834000000","reward":"[102,45,0,0]"},{"id":"181","shopName":"Patek Philipper","creativeNPC":"738100000","moneyNPC":"7381000000","reward":"[102,41,0,0]"},{"id":"182","shopName":"Tag Heuer","creativeNPC":"820450000","moneyNPC":"8204500000","reward":"[102,42,0,0]"},{"id":"183","shopName":"Relax Swiss Made","creativeNPC":"918050000","moneyNPC":"9150000000","reward":"[102,43,0,0]"},{"id":"184","shopName":"Omega5","creativeNPC":"1040050000","moneyNPC":"10370000000","reward":"[102,44,0,0]"},{"id":"185","shopName":"Longines","creativeNPC":"1183400000","moneyNPC":"11590000000","reward":"[102,45,0,0]"},{"id":"186","shopName":"Tessot","creativeNPC":"1360300000","moneyNPC":"13420000000","reward":"[102,41,0,0]"},{"id":"187","shopName":"Timex","creativeNPC":"1579900000","moneyNPC":"15555000000","reward":"[102,42,0,0]"},{"id":"188","shopName":"Monvado","creativeNPC":"1848300000","moneyNPC":"18300000000","reward":"[102,43,0,0]"},{"id":"189","shopName":"Saikko","creativeNPC":"2180750000","moneyNPC":"21350000000","reward":"[102,44,0,0]"},{"id":"190","shopName":"McKing","creativeNPC":"2595550000","moneyNPC":"25620000000","reward":"[102,45,0,0]"},{"id":"191","shopName":"Orienter","creativeNPC":"1194270000","moneyNPC":"11942700000","reward":"[102,41,0,0]"},{"id":"192","shopName":"Cansio","creativeNPC":"1327515000","moneyNPC":"13275150000","reward":"[102,42,0,0]"},{"id":"193","shopName":"Fossel","creativeNPC":"1485435000","moneyNPC":"14805000000","reward":"[102,43,0,0]"},{"id":"194","shopName":"Genuess","creativeNPC":"1682835000","moneyNPC":"16779000000","reward":"[102,44,0,0]"},{"id":"195","shopName":"Ogivaler","creativeNPC":"1914780000","moneyNPC":"18753000000","reward":"[102,45,0,0]"},{"id":"196","shopName":"Olympiar Start","creativeNPC":"2201010000","moneyNPC":"21714000000","reward":"[102,41,0,0]"},{"id":"197","shopName":"Olym Pienus","creativeNPC":"2556330000","moneyNPC":"25168500000","reward":"[102,42,0,0]"},{"id":"198","shopName":"Danier Wellington","creativeNPC":"2990610000","moneyNPC":"29610000000","reward":"[102,43,0,0]"},{"id":"199","shopName":"Anne Klein","creativeNPC":"3528525000","moneyNPC":"34545000000","reward":"[102,44,0,0]"},{"id":"200","shopName":"Balenciager","creativeNPC":"4199685000","moneyNPC":"41454000000","reward":"[102,45,0,0]"}]