[{"level":"0","exp":"0","travelLimit":"5","travelAddLimit":"30","createLimit":"1","idolLevelUpLimit":"1","rewardFormat":"[]"},{"level":"1","exp":"100","travelLimit":"6","travelAddLimit":"40","createLimit":"1","idolLevelUpLimit":"1","rewardFormat":"[]"},{"level":"2","exp":"500","travelLimit":"7","travelAddLimit":"50","createLimit":"2","idolLevelUpLimit":"2","rewardFormat":"[104,32,0,0]"},{"level":"3","exp":"2000","travelLimit":"8","travelAddLimit":"60","createLimit":"2","idolLevelUpLimit":"2","rewardFormat":"[104,33,0,0]"},{"level":"4","exp":"5000","travelLimit":"9","travelAddLimit":"70","createLimit":"2","idolLevelUpLimit":"2","rewardFormat":"[104,34,0,0]"},{"level":"5","exp":"10000","travelLimit":"10","travelAddLimit":"80","createLimit":"3","idolLevelUpLimit":"3","rewardFormat":"[104,35,0,0]"},{"level":"6","exp":"20000","travelLimit":"11","travelAddLimit":"90","createLimit":"3","idolLevelUpLimit":"3","rewardFormat":"[104,36,0,0]"},{"level":"7","exp":"50000","travelLimit":"12","travelAddLimit":"100","createLimit":"3","idolLevelUpLimit":"3","rewardFormat":"[104,37,0,0]"},{"level":"8","exp":"100000","travelLimit":"13","travelAddLimit":"120","createLimit":"4","idolLevelUpLimit":"4","rewardFormat":"[104,38,0,0]"},{"level":"9","exp":"200000","travelLimit":"14","travelAddLimit":"140","createLimit":"4","idolLevelUpLimit":"4","rewardFormat":"[104,39,0,0]"},{"level":"10","exp":"500000","travelLimit":"15","travelAddLimit":"160","createLimit":"4","idolLevelUpLimit":"4","rewardFormat":"[104,40,0,0]"},{"level":"11","exp":"1000000","travelLimit":"16","travelAddLimit":"180","createLimit":"5","idolLevelUpLimit":"5","rewardFormat":"[104,41,0,0]"},{"level":"12","exp":"2000000","travelLimit":"17","travelAddLimit":"200","createLimit":"5","idolLevelUpLimit":"5","rewardFormat":"[104,42,0,0]"},{"level":"13","exp":"5000000","travelLimit":"18","travelAddLimit":"250","createLimit":"5","idolLevelUpLimit":"5","rewardFormat":"[]"},{"level":"14","exp":"10000000","travelLimit":"19","travelAddLimit":"300","createLimit":"6","idolLevelUpLimit":"6","rewardFormat":"[]"},{"level":"15","exp":"20000000","travelLimit":"20","travelAddLimit":"400","createLimit":"6","idolLevelUpLimit":"6","rewardFormat":"[]"}]